osgb4000000074543517,http://data.ordnancesurvey.co.uk/id/4000000074543517,Da Toon o Ham,,,,populatedPlace,Hamlet,397025,1139039,5000,25000,396668,1138514,397518,1139213,ZE2,http://data.ordnancesurvey.co.uk/id/postcodedistrict/ZE2,,,,,,,Shetland Islands,http://data.ordnancesurvey.co.uk/id/7000000000030514,http://data.ordnancesurvey.co.uk/ontology/admingeo/UnitaryAuthority,Scotland,http://data.ordnancesurvey.co.uk/id/7000000000041429,Scotland,http://data.ordnancesurvey.co.uk/id/country/scotland,,,
osgb4000000074544988,http://data.ordnancesurvey.co.uk/id/4000000074544988,Da Hametoon,,,,populatedPlace,Hamlet,396555,1137300,5000,25000,396221,1136986,397103,1137803,ZE2,http://data.ordnancesurvey.co.uk/id/postcodedistrict/ZE2,,,,,,,Shetland Islands,http://data.ordnancesurvey.co.uk/id/7000000000030514,http://data.ordnancesurvey.co.uk/ontology/admingeo/UnitaryAuthority,Scotland,http://data.ordnancesurvey.co.uk/id/7000000000041429,Scotland,http://data.ordnancesurvey.co.uk/id/country/scotland,,,
ZE29PN,http://data.ordnancesurvey.co.uk/id/postcodeunit/ZE29PN,ZE2 9PN,,,,other,Postcode,397074,1138793,3500,18000,,,,,,,Da Toon o Ham,http://data.ordnancesurvey.co.uk/id/4000000074543517,http://www.ordnancesurvey.co.uk/xml/codelists/localtype.xml#hamlet,,,,Shetland Islands,http://data.ordnancesurvey.co.uk/id/7000000000030514,http://data.ordnancesurvey.co.uk/ontology/admingeo/UnitaryAuthority,Scotland,http://data.ordnancesurvey.co.uk/id/7000000000041429,Scotland,http://data.ordnancesurvey.co.uk/id/country/scotland,,,
osgb4000000074587345,http://data.ordnancesurvey.co.uk/id/4000000074587345,Hesti Geo,,,,landform,Other Coastal Landform,397097,1136771,1000,15000,396848,1136522,397348,1137022,ZE2,http://data.ordnancesurvey.co.uk/id/postcodedistrict/ZE2,,,,,,,Shetland Islands,http://data.ordnancesurvey.co.uk/id/7000000000030514,http://data.ordnancesurvey.co.uk/ontology/admingeo/UnitaryAuthority,Scotland,http://data.ordnancesurvey.co.uk/id/7000000000041429,Scotland,http://data.ordnancesurvey.co.uk/id/country/scotland,,,
osgb4000000074784885,http://data.ordnancesurvey.co.uk/id/4000000074784885,Ham Little,,,,hydrography,Bay,397480,1138410,1000,150000,397228,1138164,397728,1138664,ZE2,http://data.ordnancesurvey.co.uk/id/postcodedistrict/ZE2,,,,,,,Shetland Islands,http://data.ordnancesurvey.co.uk/id/7000000000030514,http://data.ordnancesurvey.co.uk/ontology/admingeo/UnitaryAuthority,Scotland,http://data.ordnancesurvey.co.uk/id/7000000000041429,Scotland,http://data.ordnancesurvey.co.uk/id/country/scotland,,,
osgb4000000074754751,http://data.ordnancesurvey.co.uk/id/4000000074754751,Surpeidle,,,,landform,Island,396874,1136541,1000,800000,396625,1136281,397125,1136781,ZE2,http://data.ordnancesurvey.co.uk/id/postcodedistrict/ZE2,,,,,,,Shetland Islands,http://data.ordnancesurvey.co.uk/id/7000000000030514,http://data.ordnancesurvey.co.uk/ontology/admingeo/UnitaryAuthority,Scotland,http://data.ordnancesurvey.co.uk/id/7000000000041429,Scotland,http://data.ordnancesurvey.co.uk/id/country/scotland,,,
osgb4000000074747456,http://data.ordnancesurvey.co.uk/id/4000000074747456,Hedlicliv,,,,landform,Cliff Or Slope,397340,1137686,3000,40000,397090,1137642,397590,1138142,ZE2,http://data.ordnancesurvey.co.uk/id/postcodedistrict/ZE2,,,,,,,Shetland Islands,http://data.ordnancesurvey.co.uk/id/7000000000030514,http://data.ordnancesurvey.co.uk/ontology/admingeo/UnitaryAuthority,Scotland,http://data.ordnancesurvey.co.uk/id/7000000000041429,Scotland,http://data.ordnancesurvey.co.uk/id/country/scotland,,,
osgb4000000074754855,http://data.ordnancesurvey.co.uk/id/4000000074754855,Da Ufshins,,,,landform,Other Coastal Landform,394579,1138661,3000,20000,394328,1138412,394828,1138912,ZE2,http://data.ordnancesurvey.co.uk/id/postcodedistrict/ZE2,,,,,,,Shetland Islands,http://data.ordnancesurvey.co.uk/id/7000000000030514,http://data.ordnancesurvey.co.uk/ontology/admingeo/UnitaryAuthority,Scotland,http://data.ordnancesurvey.co.uk/id/7000000000041429,Scotland,http://data.ordnancesurvey.co.uk/id/country/scotland,,,
osgb4000000074715098,http://data.ordnancesurvey.co.uk/id/4000000074715098,Da Geo o Skarvatong,,,,landform,Other Coastal Landform,396724,1136297,1000,15000,396474,1136081,396974,1136581,ZE2,http://data.ordnancesurvey.co.uk/id/postcodedistrict/ZE2,,,,,,,Shetland Islands,http://data.ordnancesurvey.co.uk/id/7000000000030514,http://data.ordnancesurvey.co.uk/ontology/admingeo/UnitaryAuthority,Scotland,http://data.ordnancesurvey.co.uk/id/7000000000041429,Scotland,http://data.ordnancesurvey.co.uk/id/country/scotland,,,
osgb4000000074748496,http://data.ordnancesurvey.co.uk/id/4000000074748496,Hodden,,,,landform,Island,397735,1139652,1000,800000,397486,1139405,397986,1139905,ZE2,http://data.ordnancesurvey.co.uk/id/postcodedistrict/ZE2,,,,,,,Shetland Islands,http://data.ordnancesurvey.co.uk/id/7000000000030514,http://data.ordnancesurvey.co.uk/ontology/admingeo/UnitaryAuthority,Scotland,http://data.ordnancesurvey.co.uk/id/7000000000041429,Scotland,http://data.ordnancesurvey.co.uk/id/country/scotland,,,
osgb4000000074754937,http://data.ordnancesurvey.co.uk/id/4000000074754937,Da Grodins,,,,landform,Other Coastal Landform,396382,1136415,1000,20000,396132,1136166,396632,1136666,ZE2,http://data.ordnancesurvey.co.uk/id/postcodedistrict/ZE2,,,,,,,Shetland Islands,http://data.ordnancesurvey.co.uk/id/7000000000030514,http://data.ordnancesurvey.co.uk/ontology/admingeo/UnitaryAuthority,Scotland,http://data.ordnancesurvey.co.uk/id/7000000000041429,Scotland,http://data.ordnancesurvey.co.uk/id/country/scotland,,,
osgb4000000074728489,http://data.ordnancesurvey.co.uk/id/4000000074728489,Da Muir,,,,landcover,Other Landcover,395762,1138595,8000,1300000,395386,1137916,396138,1139181,ZE2,http://data.ordnancesurvey.co.uk/id/postcodedistrict/ZE2,,,,,,,Shetland Islands,http://data.ordnancesurvey.co.uk/id/7000000000030514,http://data.ordnancesurvey.co.uk/ontology/admingeo/UnitaryAuthority,Scotland,http://data.ordnancesurvey.co.uk/id/7000000000041429,Scotland,http://data.ordnancesurvey.co.uk/id/country/scotland,,,
osgb4000000074754892,http://data.ordnancesurvey.co.uk/id/4000000074754892,Da Scrodhurdins,,,,landcover,Wetland,393799,1139442,2000,200000,393549,1139214,394049,1139714,ZE2,http://data.ordnancesurvey.co.uk/id/postcodedistrict/ZE2,,,,,,,Shetland Islands,http://data.ordnancesurvey.co.uk/id/7000000000030514,http://data.ordnancesurvey.co.uk/ontology/admingeo/UnitaryAuthority,Scotland,http://data.ordnancesurvey.co.uk/id/7000000000041429,Scotland,http://data.ordnancesurvey.co.uk/id/country/scotland,,,
osgb4000000074748817,http://data.ordnancesurvey.co.uk/id/4000000074748817,Gruitflik,,,,landform,Other Coastal Landform,395165,1138403,1000,20000,394914,1138154,395414,1138654,ZE2,http://data.ordnancesurvey.co.uk/id/postcodedistrict/ZE2,,,,,,,Shetland Islands,http://data.ordnancesurvey.co.uk/id/7000000000030514,http://data.ordnancesurvey.co.uk/ontology/admingeo/UnitaryAuthority,Scotland,http://data.ordnancesurvey.co.uk/id/7000000000041429,Scotland,http://data.ordnancesurvey.co.uk/id/country/scotland,,,
osgb4000000074748393,http://data.ordnancesurvey.co.uk/id/4000000074748393,Skirnawilse,,,,landform,Coastal Headland,395330,1137242,1000,750000,395087,1136992,395587,1137492,ZE2,http://data.ordnancesurvey.co.uk/id/postcodedistrict/ZE2,,,,,,,Shetland Islands,http://data.ordnancesurvey.co.uk/id/7000000000030514,http://data.ordnancesurvey.co.uk/ontology/admingeo/UnitaryAuthority,Scotland,http://data.ordnancesurvey.co.uk/id/7000000000041429,Scotland,http://data.ordnancesurvey.co.uk/id/country/scotland,,,
osgb4000000074748717,http://data.ordnancesurvey.co.uk/id/4000000074748717,Da Wast Bank,,,,landform,Cliff Or Slope,395090,1138150,1000,40000,394841,1137895,395341,1138395,ZE2,http://data.ordnancesurvey.co.uk/id/postcodedistrict/ZE2,,,,,,,Shetland Islands,http://data.ordnancesurvey.co.uk/id/7000000000030514,http://data.ordnancesurvey.co.uk/ontology/admingeo/UnitaryAuthority,Scotland,http://data.ordnancesurvey.co.uk/id/7000000000041429,Scotland,http://data.ordnancesurvey.co.uk/id/country/scotland,,,
osgb4000000074748494,http://data.ordnancesurvey.co.uk/id/4000000074748494,Da Head o da Taing,,,,landform,Other Coastal Landform,397811,1139145,2000,50000,397502,1138896,398002,1139396,ZE2,http://data.ordnancesurvey.co.uk/id/postcodedistrict/ZE2,,,,,,,Shetland Islands,http://data.ordnancesurvey.co.uk/id/7000000000030514,http://data.ordnancesurvey.co.uk/ontology/admingeo/UnitaryAuthority,Scotland,http://data.ordnancesurvey.co.uk/id/7000000000041429,Scotland,http://data.ordnancesurvey.co.uk/id/country/scotland,,,
osgb4000000074748819,http://data.ordnancesurvey.co.uk/id/4000000074748819,Da Pulpit,,,,landform,Other Coastal Landform,394860,1138606,1000,20000,394610,1138356,395110,1138856,ZE2,http://data.ordnancesurvey.co.uk/id/postcodedistrict/ZE2,,,,,,,Shetland Islands,http://data.ordnancesurvey.co.uk/id/7000000000030514,http://data.ordnancesurvey.co.uk/ontology/admingeo/UnitaryAuthority,Scotland,http://data.ordnancesurvey.co.uk/id/7000000000041429,Scotland,http://data.ordnancesurvey.co.uk/id/country/scotland,,,
osgb4000000074715073,http://data.ordnancesurvey.co.uk/id/4000000074715073,Da Sooth Geo o da Lang Hoevdi,,,,landform,Other Coastal Landform,397325,1137140,1000,15000,397075,1136892,397575,1137392,ZE2,http://data.ordnancesurvey.co.uk/id/postcodedistrict/ZE2,,,,,,,Shetland Islands,http://data.ordnancesurvey.co.uk/id/7000000000030514,http://data.ordnancesurvey.co.uk/ontology/admingeo/UnitaryAuthority,Scotland,http://data.ordnancesurvey.co.uk/id/7000000000041429,Scotland,http://data.ordnancesurvey.co.uk/id/country/scotland,,,
osgb4000000074754459,http://data.ordnancesurvey.co.uk/id/4000000074754459,Da Murnatoogs,,,,landform,Cliff Or Slope,395559,1137247,1000,40000,395268,1136997,395768,1137497,ZE2,http://data.ordnancesurvey.co.uk/id/postcodedistrict/ZE2,,,,,,,Shetland Islands,http://data.ordnancesurvey.co.uk/id/7000000000030514,http://data.ordnancesurvey.co.uk/ontology/admingeo/UnitaryAuthority,Scotland,http://data.ordnancesurvey.co.uk/id/7000000000041429,Scotland,http://data.ordnancesurvey.co.uk/id/country/scotland,,,
osgb4000000074748820,http://data.ordnancesurvey.co.uk/id/4000000074748820,Da Holterhols,,,,landform,Cliff Or Slope,393863,1139479,5000,40000,393614,1139063,394114,1139898,ZE2,http://data.ordnancesurvey.co.uk/id/postcodedistrict/ZE2,,,,,,,Shetland Islands,http://data.ordnancesurvey.co.uk/id/7000000000030514,http://data.ordnancesurvey.co.uk/ontology/admingeo/UnitaryAuthority,Scotland,http://data.ordnancesurvey.co.uk/id/7000000000041429,Scotland,http://data.ordnancesurvey.co.uk/id/country/scotland,,,
osgb4000000074715225,http://data.ordnancesurvey.co.uk/id/4000000074715225,Da Byre o Hoevda,,,,landform,Other Coastal Landform,393891,1138735,1000,20000,393639,1138485,394139,1138985,ZE2,http://data.ordnancesurvey.co.uk/id/postcodedistrict/ZE2,,,,,,,Shetland Islands,http://data.ordnancesurvey.co.uk/id/7000000000030514,http://data.ordnancesurvey.co.uk/ontology/admingeo/UnitaryAuthority,Scotland,http://data.ordnancesurvey.co.uk/id/7000000000041429,Scotland,http://data.ordnancesurvey.co.uk/id/country/scotland,,,
osgb4000000074754460,http://data.ordnancesurvey.co.uk/id/4000000074754460,Roeskie,,,,landform,Cliff Or Slope,395678,1137137,2000,40000,395502,1136888,396002,1137388,ZE2,http://data.ordnancesurvey.co.uk/id/postcodedistrict/ZE2,,,,,,,Shetland Islands,http://data.ordnancesurvey.co.uk/id/7000000000030514,http://data.ordnancesurvey.co.uk/ontology/admingeo/UnitaryAuthority,Scotland,http://data.ordnancesurvey.co.uk/id/7000000000041429,Scotland,http://data.ordnancesurvey.co.uk/id/country/scotland,,,
osgb4000000074715224,http://data.ordnancesurvey.co.uk/id/4000000074715224,Da Hooses o da Burrie,,,,landform,Other Coastal Landform,394918,1138592,1000,20000,394668,1138342,395168,1138842,ZE2,http://data.ordnancesurvey.co.uk/id/postcodedistrict/ZE2,,,,,,,Shetland Islands,http://data.ordnancesurvey.co.uk/id/7000000000030514,http://data.ordnancesurvey.co.uk/ontology/admingeo/UnitaryAuthority,Scotland,http://data.ordnancesurvey.co.uk/id/7000000000041429,Scotland,http://data.ordnancesurvey.co.uk/id/country/scotland,,,
osgb4000000074748306,http://data.ordnancesurvey.co.uk/id/4000000074748306,Da Toogs o Waster Hoevda,,,,landform,Other Coastal Landform,393657,1138707,1000,50000,393454,1138457,393954,1138957,ZE2,http://data.ordnancesurvey.co.uk/id/postcodedistrict/ZE2,,,,,,,Shetland Islands,http://data.ordnancesurvey.co.uk/id/7000000000030514,http://data.ordnancesurvey.co.uk/ontology/admingeo/UnitaryAuthority,Scotland,http://data.ordnancesurvey.co.uk/id/7000000000041429,Scotland,http://data.ordnancesurvey.co.uk/id/country/scotland,,,
osgb4000000074748495,http://data.ordnancesurvey.co.uk/id/4000000074748495,Da Taing,,,,landform,Coastal Headland,397721,1139175,2000,750000,397453,1138925,397953,1139425,ZE2,http://data.ordnancesurvey.co.uk/id/postcodedistrict/ZE2,,,,,,,Shetland Islands,http://data.ordnancesurvey.co.uk/id/7000000000030514,http://data.ordnancesurvey.co.uk/ontology/admingeo/UnitaryAuthority,Scotland,http://data.ordnancesurvey.co.uk/id/7000000000041429,Scotland,http://data.ordnancesurvey.co.uk/id/country/scotland,,,
osgb4000000074784877,http://data.ordnancesurvey.co.uk/id/4000000074784877,Husawick,,,,hydrography,Bay,395968,1136981,4000,150000,395684,1136738,396252,1137238,ZE2,http://data.ordnancesurvey.co.uk/id/postcodedistrict/ZE2,,,,,,,Shetland Islands,http://data.ordnancesurvey.co.uk/id/7000000000030514,http://data.ordnancesurvey.co.uk/ontology/admingeo/UnitaryAuthority,Scotland,http://data.ordnancesurvey.co.uk/id/7000000000041429,Scotland,http://data.ordnancesurvey.co.uk/id/country/scotland,,,
osgb4000000074754935,http://data.ordnancesurvey.co.uk/id/4000000074754935,Bonabrik,,,,landform,Other Coastal Landform,396553,1136171,1000,20000,396310,1135921,396810,1136421,ZE2,http://data.ordnancesurvey.co.uk/id/postcodedistrict/ZE2,,,,,,,Shetland Islands,http://data.ordnancesurvey.co.uk/id/7000000000030514,http://data.ordnancesurvey.co.uk/ontology/admingeo/UnitaryAuthority,Scotland,http://data.ordnancesurvey.co.uk/id/7000000000041429,Scotland,http://data.ordnancesurvey.co.uk/id/country/scotland,,,
osgb4000000074748301,http://data.ordnancesurvey.co.uk/id/4000000074748301,Hellabrik,,,,landform,Other Coastal Landform,396470,1136618,1000,20000,396220,1136361,396720,1136861,ZE2,http://data.ordnancesurvey.co.uk/id/postcodedistrict/ZE2,,,,,,,Shetland Islands,http://data.ordnancesurvey.co.uk/id/7000000000030514,http://data.ordnancesurvey.co.uk/ontology/admingeo/UnitaryAuthority,Scotland,http://data.ordnancesurvey.co.uk/id/7000000000041429,Scotland,http://data.ordnancesurvey.co.uk/id/country/scotland,,,
osgb4000000074621641,http://data.ordnancesurvey.co.uk/id/4000000074621641,Hamnafield,,,,landform,Hill Or Mountain,395913,1139180,1000,300000,395663,1138930,396163,1139430,ZE2,http://data.ordnancesurvey.co.uk/id/postcodedistrict/ZE2,,,,,,,Shetland Islands,http://data.ordnancesurvey.co.uk/id/7000000000030514,http://data.ordnancesurvey.co.uk/ontology/admingeo/UnitaryAuthority,Scotland,http://data.ordnancesurvey.co.uk/id/7000000000041429,Scotland,http://data.ordnancesurvey.co.uk/id/country/scotland,,,
osgb4000000074803648,http://data.ordnancesurvey.co.uk/id/4000000074803648,Da Mill Loch,,,,hydrography,Inland Water,396756,1138646,2000,500000,396506,1138428,397006,1138928,ZE2,http://data.ordnancesurvey.co.uk/id/postcodedistrict/ZE2,,,,,,,Shetland Islands,http://data.ordnancesurvey.co.uk/id/7000000000030514,http://data.ordnancesurvey.co.uk/ontology/admingeo/UnitaryAuthority,Scotland,http://data.ordnancesurvey.co.uk/id/7000000000041429,Scotland,http://data.ordnancesurvey.co.uk/id/country/scotland,,,
osgb4000000074715188,http://data.ordnancesurvey.co.uk/id/4000000074715188,Da Nort Geo o da Gaads,,,,landform,Other Coastal Landform,397564,1139971,1000,15000,397313,1139721,397813,1140221,ZE2,http://data.ordnancesurvey.co.uk/id/postcodedistrict/ZE2,,,,,,,Shetland Islands,http://data.ordnancesurvey.co.uk/id/7000000000030514,http://data.ordnancesurvey.co.uk/ontology/admingeo/UnitaryAuthority,Scotland,http://data.ordnancesurvey.co.uk/id/7000000000041429,Scotland,http://data.ordnancesurvey.co.uk/id/country/scotland,,,
osgb4000000074754720,http://data.ordnancesurvey.co.uk/id/4000000074754720,Da Kriggi,,,,landform,Other Coastal Landform,395295,1137393,1000,50000,395046,1137098,395546,1137598,ZE2,http://data.ordnancesurvey.co.uk/id/postcodedistrict/ZE2,,,,,,,Shetland Islands,http://data.ordnancesurvey.co.uk/id/7000000000030514,http://data.ordnancesurvey.co.uk/ontology/admingeo/UnitaryAuthority,Scotland,http://data.ordnancesurvey.co.uk/id/7000000000041429,Scotland,http://data.ordnancesurvey.co.uk/id/country/scotland,,,
osgb4000000074754853,http://data.ordnancesurvey.co.uk/id/4000000074754853,Da Lumpastacks,,,,landform,Other Coastal Landform,397436,1137968,1000,50000,397185,1137719,397685,1138219,ZE2,http://data.ordnancesurvey.co.uk/id/postcodedistrict/ZE2,,,,,,,Shetland Islands,http://data.ordnancesurvey.co.uk/id/7000000000030514,http://data.ordnancesurvey.co.uk/ontology/admingeo/UnitaryAuthority,Scotland,http://data.ordnancesurvey.co.uk/id/7000000000041429,Scotland,http://data.ordnancesurvey.co.uk/id/country/scotland,,,
osgb4000000074748396,http://data.ordnancesurvey.co.uk/id/4000000074748396,Durganess,,,,landform,Coastal Headland,397488,1138204,2000,750000,397238,1138013,397738,1138513,ZE2,http://data.ordnancesurvey.co.uk/id/postcodedistrict/ZE2,,,,,,,Shetland Islands,http://data.ordnancesurvey.co.uk/id/7000000000030514,http://data.ordnancesurvey.co.uk/ontology/admingeo/UnitaryAuthority,Scotland,http://data.ordnancesurvey.co.uk/id/7000000000041429,Scotland,http://data.ordnancesurvey.co.uk/id/country/scotland,,,
osgb4000000074754239,http://data.ordnancesurvey.co.uk/id/4000000074754239,Ooni,,,,landform,Other Coastal Landform,396068,1137158,1000,20000,395817,1136908,396317,1137408,ZE2,http://data.ordnancesurvey.co.uk/id/postcodedistrict/ZE2,,,,,,,Shetland Islands,http://data.ordnancesurvey.co.uk/id/7000000000030514,http://data.ordnancesurvey.co.uk/ontology/admingeo/UnitaryAuthority,Scotland,http://data.ordnancesurvey.co.uk/id/7000000000041429,Scotland,http://data.ordnancesurvey.co.uk/id/country/scotland,,,
osgb4000000074748391,http://data.ordnancesurvey.co.uk/id/4000000074748391,Da Nab,,,,landform,Other Coastal Landform,396370,1136718,1000,20000,396109,1136469,396609,1136969,ZE2,http://data.ordnancesurvey.co.uk/id/postcodedistrict/ZE2,,,,,,,Shetland Islands,http://data.ordnancesurvey.co.uk/id/7000000000030514,http://data.ordnancesurvey.co.uk/ontology/admingeo/UnitaryAuthority,Scotland,http://data.ordnancesurvey.co.uk/id/7000000000041429,Scotland,http://data.ordnancesurvey.co.uk/id/country/scotland,,,
osgb4000000074748395,http://data.ordnancesurvey.co.uk/id/4000000074748395,Da Nort Hoevdi,,,,landform,Coastal Headland,397301,1137704,1000,750000,397051,1137435,397551,1137935,ZE2,http://data.ordnancesurvey.co.uk/id/postcodedistrict/ZE2,,,,,,,Shetland Islands,http://data.ordnancesurvey.co.uk/id/7000000000030514,http://data.ordnancesurvey.co.uk/ontology/admingeo/UnitaryAuthority,Scotland,http://data.ordnancesurvey.co.uk/id/7000000000041429,Scotland,http://data.ordnancesurvey.co.uk/id/country/scotland,,,
osgb4000000074613136,http://data.ordnancesurvey.co.uk/id/4000000074613136,Da Skerry o Hellabrik,,,,landform,Island,396409,1136507,1000,800000,396159,1136257,396659,1136757,ZE2,http://data.ordnancesurvey.co.uk/id/postcodedistrict/ZE2,,,,,,,Shetland Islands,http://data.ordnancesurvey.co.uk/id/7000000000030514,http://data.ordnancesurvey.co.uk/ontology/admingeo/UnitaryAuthority,Scotland,http://data.ordnancesurvey.co.uk/id/7000000000041429,Scotland,http://data.ordnancesurvey.co.uk/id/country/scotland,,,
osgb4000000074754721,http://data.ordnancesurvey.co.uk/id/4000000074754721,Brunhudden,,,,landform,Cliff Or Slope,395270,1137533,2000,40000,395020,1137219,395520,1137719,ZE2,http://data.ordnancesurvey.co.uk/id/postcodedistrict/ZE2,,,,,,,Shetland Islands,http://data.ordnancesurvey.co.uk/id/7000000000030514,http://data.ordnancesurvey.co.uk/ontology/admingeo/UnitaryAuthority,Scotland,http://data.ordnancesurvey.co.uk/id/7000000000041429,Scotland,http://data.ordnancesurvey.co.uk/id/country/scotland,,,
osgb4000000074748121,http://data.ordnancesurvey.co.uk/id/4000000074748121,Da Stab,,,,landform,Island,393805,1139915,1000,800000,393556,1139662,394056,1140162,ZE2,http://data.ordnancesurvey.co.uk/id/postcodedistrict/ZE2,,,,,,,Shetland Islands,http://data.ordnancesurvey.co.uk/id/7000000000030514,http://data.ordnancesurvey.co.uk/ontology/admingeo/UnitaryAuthority,Scotland,http://data.ordnancesurvey.co.uk/id/7000000000041429,Scotland,http://data.ordnancesurvey.co.uk/id/country/scotland,,,
osgb4000000074784878,http://data.ordnancesurvey.co.uk/id/4000000074784878,Da Sooth Wick,,,,hydrography,Bay,397545,1137729,3000,150000,397275,1137479,397775,1137979,ZE2,http://data.ordnancesurvey.co.uk/id/postcodedistrict/ZE2,,,,,,,Shetland Islands,http://data.ordnancesurvey.co.uk/id/7000000000030514,http://data.ordnancesurvey.co.uk/ontology/admingeo/UnitaryAuthority,Scotland,http://data.ordnancesurvey.co.uk/id/7000000000041429,Scotland,http://data.ordnancesurvey.co.uk/id/country/scotland,,,
osgb4000000074748818,http://data.ordnancesurvey.co.uk/id/4000000074748818,Mucklebrik,,,,landform,Cliff Or Slope,394560,1138529,6000,40000,393983,1138279,394950,1138779,ZE2,http://data.ordnancesurvey.co.uk/id/postcodedistrict/ZE2,,,,,,,Shetland Islands,http://data.ordnancesurvey.co.uk/id/7000000000030514,http://data.ordnancesurvey.co.uk/ontology/admingeo/UnitaryAuthority,Scotland,http://data.ordnancesurvey.co.uk/id/7000000000041429,Scotland,http://data.ordnancesurvey.co.uk/id/country/scotland,,,
osgb4000000074748398,http://data.ordnancesurvey.co.uk/id/4000000074748398,Waster Hoevda,,,,landform,Other Coastal Landform,393604,1138813,1000,50000,393354,1138563,393854,1139063,ZE2,http://data.ordnancesurvey.co.uk/id/postcodedistrict/ZE2,,,,,,,Shetland Islands,http://data.ordnancesurvey.co.uk/id/7000000000030514,http://data.ordnancesurvey.co.uk/ontology/admingeo/UnitaryAuthority,Scotland,http://data.ordnancesurvey.co.uk/id/7000000000041429,Scotland,http://data.ordnancesurvey.co.uk/id/country/scotland,,,
osgb4000000074588432,http://data.ordnancesurvey.co.uk/id/4000000074588432,Da Dog Geo,,,,landform,Other Coastal Landform,396414,1136671,1000,15000,396164,1136421,396664,1136921,ZE2,http://data.ordnancesurvey.co.uk/id/postcodedistrict/ZE2,,,,,,,Shetland Islands,http://data.ordnancesurvey.co.uk/id/7000000000030514,http://data.ordnancesurvey.co.uk/ontology/admingeo/UnitaryAuthority,Scotland,http://data.ordnancesurvey.co.uk/id/7000000000041429,Scotland,http://data.ordnancesurvey.co.uk/id/country/scotland,,,
osgb4000000074754891,http://data.ordnancesurvey.co.uk/id/4000000074754891,Hamar,,,,landform,Other Coastal Landform,394808,1138742,1000,20000,394559,1138491,395059,1138991,ZE2,http://data.ordnancesurvey.co.uk/id/postcodedistrict/ZE2,,,,,,,Shetland Islands,http://data.ordnancesurvey.co.uk/id/7000000000030514,http://data.ordnancesurvey.co.uk/ontology/admingeo/UnitaryAuthority,Scotland,http://data.ordnancesurvey.co.uk/id/7000000000041429,Scotland,http://data.ordnancesurvey.co.uk/id/country/scotland,,,
osgb4000000074748174,http://data.ordnancesurvey.co.uk/id/4000000074748174,Skarvatong,,,,landform,Other Coastal Landform,396736,1136369,1000,20000,396486,1136090,396986,1136590,ZE2,http://data.ordnancesurvey.co.uk/id/postcodedistrict/ZE2,,,,,,,Shetland Islands,http://data.ordnancesurvey.co.uk/id/7000000000030514,http://data.ordnancesurvey.co.uk/ontology/admingeo/UnitaryAuthority,Scotland,http://data.ordnancesurvey.co.uk/id/7000000000041429,Scotland,http://data.ordnancesurvey.co.uk/id/country/scotland,,,
osgb4000000074613543,http://data.ordnancesurvey.co.uk/id/4000000074613543,Foula,,,,landform,Island,395732,1139188,35000,800000,393571,1136104,397892,1141492,ZE2,http://data.ordnancesurvey.co.uk/id/postcodedistrict/ZE2,,,,,,,Shetland Islands,http://data.ordnancesurvey.co.uk/id/7000000000030514,http://data.ordnancesurvey.co.uk/ontology/admingeo/UnitaryAuthority,Scotland,http://data.ordnancesurvey.co.uk/id/7000000000041429,Scotland,http://data.ordnancesurvey.co.uk/id/country/scotland,,,
osgb4000000074797742,http://data.ordnancesurvey.co.uk/id/4000000074797742,Hellabrik's Wick,,,,hydrography,Bay,395935,1136740,7000,150000,395421,1136352,396518,1137143,ZE2,http://data.ordnancesurvey.co.uk/id/postcodedistrict/ZE2,,,,,,,Shetland Islands,http://data.ordnancesurvey.co.uk/id/7000000000030514,http://data.ordnancesurvey.co.uk/ontology/admingeo/UnitaryAuthority,Scotland,http://data.ordnancesurvey.co.uk/id/7000000000041429,Scotland,http://data.ordnancesurvey.co.uk/id/country/scotland,,,
osgb4000000074587515,http://data.ordnancesurvey.co.uk/id/4000000074587515,Da Smaa Geo,,,,landform,Other Coastal Landform,396469,1136465,1000,15000,396215,1136216,396715,1136716,ZE2,http://data.ordnancesurvey.co.uk/id/postcodedistrict/ZE2,,,,,,,Shetland Islands,http://data.ordnancesurvey.co.uk/id/7000000000030514,http://data.ordnancesurvey.co.uk/ontology/admingeo/UnitaryAuthority,Scotland,http://data.ordnancesurvey.co.uk/id/7000000000041429,Scotland,http://data.ordnancesurvey.co.uk/id/country/scotland,,,
osgb4000000074748718,http://data.ordnancesurvey.co.uk/id/4000000074748718,Da Lamatuns,,,,landform,Other Coastal Landform,395061,1137990,1000,20000,394810,1137741,395310,1138241,ZE2,http://data.ordnancesurvey.co.uk/id/postcodedistrict/ZE2,,,,,,,Shetland Islands,http://data.ordnancesurvey.co.uk/id/7000000000030514,http://data.ordnancesurvey.co.uk/ontology/admingeo/UnitaryAuthority,Scotland,http://data.ordnancesurvey.co.uk/id/7000000000041429,Scotland,http://data.ordnancesurvey.co.uk/id/country/scotland,,,
osgb4000000074587342,http://data.ordnancesurvey.co.uk/id/4000000074587342,Da Smell Geo,,,,landform,Other Coastal Landform,397825,1139360,1000,15000,397575,1139111,398075,1139611,ZE2,http://data.ordnancesurvey.co.uk/id/postcodedistrict/ZE2,,,,,,,Shetland Islands,http://data.ordnancesurvey.co.uk/id/7000000000030514,http://data.ordnancesurvey.co.uk/ontology/admingeo/UnitaryAuthority,Scotland,http://data.ordnancesurvey.co.uk/id/7000000000041429,Scotland,http://data.ordnancesurvey.co.uk/id/country/scotland,,,
osgb4000000074613137,http://data.ordnancesurvey.co.uk/id/4000000074613137,Skarvaskerry,,,,landform,Island,397879,1139497,1000,800000,397629,1139236,398129,1139736,ZE2,http://data.ordnancesurvey.co.uk/id/postcodedistrict/ZE2,,,,,,,Shetland Islands,http://data.ordnancesurvey.co.uk/id/7000000000030514,http://data.ordnancesurvey.co.uk/ontology/admingeo/UnitaryAuthority,Scotland,http://data.ordnancesurvey.co.uk/id/7000000000041429,Scotland,http://data.ordnancesurvey.co.uk/id/country/scotland,,,
osgb4000000074748719,http://data.ordnancesurvey.co.uk/id/4000000074748719,Da Smaalie,,,,landform,Cliff Or Slope,395017,1138237,1000,40000,394767,1138001,395267,1138501,ZE2,http://data.ordnancesurvey.co.uk/id/postcodedistrict/ZE2,,,,,,,Shetland Islands,http://data.ordnancesurvey.co.uk/id/7000000000030514,http://data.ordnancesurvey.co.uk/ontology/admingeo/UnitaryAuthority,Scotland,http://data.ordnancesurvey.co.uk/id/7000000000041429,Scotland,http://data.ordnancesurvey.co.uk/id/country/scotland,,,
osgb4000000074748759,http://data.ordnancesurvey.co.uk/id/4000000074748759,Da Slyhellicks,,,,landcover,Wetland,394807,1138371,1000,200000,394555,1138121,395055,1138621,ZE2,http://data.ordnancesurvey.co.uk/id/postcodedistrict/ZE2,,,,,,,Shetland Islands,http://data.ordnancesurvey.co.uk/id/7000000000030514,http://data.ordnancesurvey.co.uk/ontology/admingeo/UnitaryAuthority,Scotland,http://data.ordnancesurvey.co.uk/id/7000000000041429,Scotland,http://data.ordnancesurvey.co.uk/id/country/scotland,,,
osgb4000000074754240,http://data.ordnancesurvey.co.uk/id/4000000074754240,Da Wast Hurds,,,,landform,Other Coastal Landform,396161,1137001,2000,20000,395863,1136751,396363,1137251,ZE2,http://data.ordnancesurvey.co.uk/id/postcodedistrict/ZE2,,,,,,,Shetland Islands,http://data.ordnancesurvey.co.uk/id/7000000000030514,http://data.ordnancesurvey.co.uk/ontology/admingeo/UnitaryAuthority,Scotland,http://data.ordnancesurvey.co.uk/id/7000000000041429,Scotland,http://data.ordnancesurvey.co.uk/id/country/scotland,,,
osgb4000000074754752,http://data.ordnancesurvey.co.uk/id/4000000074754752,Burmyquilk,,,,landform,Other Coastal Landform,394913,1138553,1000,20000,394669,1138303,395169,1138803,ZE2,http://data.ordnancesurvey.co.uk/id/postcodedistrict/ZE2,,,,,,,Shetland Islands,http://data.ordnancesurvey.co.uk/id/7000000000030514,http://data.ordnancesurvey.co.uk/ontology/admingeo/UnitaryAuthority,Scotland,http://data.ordnancesurvey.co.uk/id/7000000000041429,Scotland,http://data.ordnancesurvey.co.uk/id/country/scotland,,,
osgb4000000074754300,http://data.ordnancesurvey.co.uk/id/4000000074754300,Kinglya,,,,landform,Island,397765,1139795,1000,800000,397516,1139544,398016,1140044,ZE2,http://data.ordnancesurvey.co.uk/id/postcodedistrict/ZE2,,,,,,,Shetland Islands,http://data.ordnancesurvey.co.uk/id/7000000000030514,http://data.ordnancesurvey.co.uk/ontology/admingeo/UnitaryAuthority,Scotland,http://data.ordnancesurvey.co.uk/id/7000000000041429,Scotland,http://data.ordnancesurvey.co.uk/id/country/scotland,,,
osgb4000000074715318,http://data.ordnancesurvey.co.uk/id/4000000074715318,Da Nab o Norderhoose,,,,landform,Other Coastal Landform,396324,1136870,1000,20000,396079,1136620,396579,1137120,ZE2,http://data.ordnancesurvey.co.uk/id/postcodedistrict/ZE2,,,,,,,Shetland Islands,http://data.ordnancesurvey.co.uk/id/7000000000030514,http://data.ordnancesurvey.co.uk/ontology/admingeo/UnitaryAuthority,Scotland,http://data.ordnancesurvey.co.uk/id/7000000000041429,Scotland,http://data.ordnancesurvey.co.uk/id/country/scotland,,,
osgb4000000074748404,http://data.ordnancesurvey.co.uk/id/4000000074748404,Da Snuis,,,,landform,Cliff Or Slope,393679,1138869,3000,40000,393535,1138620,394035,1139120,ZE2,http://data.ordnancesurvey.co.uk/id/postcodedistrict/ZE2,,,,,,,Shetland Islands,http://data.ordnancesurvey.co.uk/id/7000000000030514,http://data.ordnancesurvey.co.uk/ontology/admingeo/UnitaryAuthority,Scotland,http://data.ordnancesurvey.co.uk/id/7000000000041429,Scotland,http://data.ordnancesurvey.co.uk/id/country/scotland,,,
osgb4000000074715320,http://data.ordnancesurvey.co.uk/id/4000000074715320,Da Broos o da Humbrins,,,,landform,Other Coastal Landform,394889,1138495,1000,20000,394639,1138245,395139,1138745,ZE2,http://data.ordnancesurvey.co.uk/id/postcodedistrict/ZE2,,,,,,,Shetland Islands,http://data.ordnancesurvey.co.uk/id/7000000000030514,http://data.ordnancesurvey.co.uk/ontology/admingeo/UnitaryAuthority,Scotland,http://data.ordnancesurvey.co.uk/id/7000000000041429,Scotland,http://data.ordnancesurvey.co.uk/id/country/scotland,,,
osgb4000000074587275,http://data.ordnancesurvey.co.uk/id/4000000074587275,Loriwindies Geo,,,,landform,Other Coastal Landform,397078,1136591,1000,15000,396828,1136346,397328,1136846,ZE2,http://data.ordnancesurvey.co.uk/id/postcodedistrict/ZE2,,,,,,,Shetland Islands,http://data.ordnancesurvey.co.uk/id/7000000000030514,http://data.ordnancesurvey.co.uk/ontology/admingeo/UnitaryAuthority,Scotland,http://data.ordnancesurvey.co.uk/id/7000000000041429,Scotland,http://data.ordnancesurvey.co.uk/id/country/scotland,,,
osgb4000000074754936,http://data.ordnancesurvey.co.uk/id/4000000074754936,Doalie,,,,landform,Other Coastal Landform,396336,1136345,1000,20000,396087,1136095,396587,1136595,ZE2,http://data.ordnancesurvey.co.uk/id/postcodedistrict/ZE2,,,,,,,Shetland Islands,http://data.ordnancesurvey.co.uk/id/7000000000030514,http://data.ordnancesurvey.co.uk/ontology/admingeo/UnitaryAuthority,Scotland,http://data.ordnancesurvey.co.uk/id/7000000000041429,Scotland,http://data.ordnancesurvey.co.uk/id/country/scotland,,,
osgb4000000074592971,http://data.ordnancesurvey.co.uk/id/4000000074592971,Da Brustins,,,,landform,Hill Or Mountain,395410,1139095,1000,300000,395160,1138845,395660,1139345,ZE2,http://data.ordnancesurvey.co.uk/id/postcodedistrict/ZE2,,,,,,,Shetland Islands,http://data.ordnancesurvey.co.uk/id/7000000000030514,http://data.ordnancesurvey.co.uk/ontology/admingeo/UnitaryAuthority,Scotland,http://data.ordnancesurvey.co.uk/id/7000000000041429,Scotland,http://data.ordnancesurvey.co.uk/id/country/scotland,,,
osgb4000000074748716,http://data.ordnancesurvey.co.uk/id/4000000074748716,Kwirkapiddle,,,,landform,Other Coastal Landform,395110,1137865,1000,20000,394860,1137617,395360,1138117,ZE2,http://data.ordnancesurvey.co.uk/id/postcodedistrict/ZE2,,,,,,,Shetland Islands,http://data.ordnancesurvey.co.uk/id/7000000000030514,http://data.ordnancesurvey.co.uk/ontology/admingeo/UnitaryAuthority,Scotland,http://data.ordnancesurvey.co.uk/id/7000000000041429,Scotland,http://data.ordnancesurvey.co.uk/id/country/scotland,,,
osgb4000000074715189,http://data.ordnancesurvey.co.uk/id/4000000074715189,Da Stack o da Gaads,,,,landform,Other Coastal Landform,397587,1139921,1000,20000,397335,1139671,397835,1140171,ZE2,http://data.ordnancesurvey.co.uk/id/postcodedistrict/ZE2,,,,,,,Shetland Islands,http://data.ordnancesurvey.co.uk/id/7000000000030514,http://data.ordnancesurvey.co.uk/ontology/admingeo/UnitaryAuthority,Scotland,http://data.ordnancesurvey.co.uk/id/7000000000041429,Scotland,http://data.ordnancesurvey.co.uk/id/country/scotland,,,
osgb4000000074747506,http://data.ordnancesurvey.co.uk/id/4000000074747506,Sandastack,,,,landform,Other Coastal Landform,394238,1138592,1000,20000,393989,1138340,394489,1138840,ZE2,http://data.ordnancesurvey.co.uk/id/postcodedistrict/ZE2,,,,,,,Shetland Islands,http://data.ordnancesurvey.co.uk/id/7000000000030514,http://data.ordnancesurvey.co.uk/ontology/admingeo/UnitaryAuthority,Scotland,http://data.ordnancesurvey.co.uk/id/7000000000041429,Scotland,http://data.ordnancesurvey.co.uk/id/country/scotland,,,
osgb4000000074748821,http://data.ordnancesurvey.co.uk/id/4000000074748821,Da Back o da Stab,,,,landform,Other Coastal Landform,393751,1139730,1000,50000,393539,1139481,394039,1139981,ZE2,http://data.ordnancesurvey.co.uk/id/postcodedistrict/ZE2,,,,,,,Shetland Islands,http://data.ordnancesurvey.co.uk/id/7000000000030514,http://data.ordnancesurvey.co.uk/ontology/admingeo/UnitaryAuthority,Scotland,http://data.ordnancesurvey.co.uk/id/7000000000041429,Scotland,http://data.ordnancesurvey.co.uk/id/country/scotland,,,
osgb4000000074754811,http://data.ordnancesurvey.co.uk/id/4000000074754811,Klaverman,,,,landform,Other Coastal Landform,394623,1138572,2000,20000,394420,1138322,394920,1138822,ZE2,http://data.ordnancesurvey.co.uk/id/postcodedistrict/ZE2,,,,,,,Shetland Islands,http://data.ordnancesurvey.co.uk/id/7000000000030514,http://data.ordnancesurvey.co.uk/ontology/admingeo/UnitaryAuthority,Scotland,http://data.ordnancesurvey.co.uk/id/7000000000041429,Scotland,http://data.ordnancesurvey.co.uk/id/country/scotland,,,
osgb4000000074754934,http://data.ordnancesurvey.co.uk/id/4000000074754934,Da Nivs,,,,landform,Other Coastal Landform,396686,1136251,1000,20000,396436,1135982,396936,1136482,ZE2,http://data.ordnancesurvey.co.uk/id/postcodedistrict/ZE2,,,,,,,Shetland Islands,http://data.ordnancesurvey.co.uk/id/7000000000030514,http://data.ordnancesurvey.co.uk/ontology/admingeo/UnitaryAuthority,Scotland,http://data.ordnancesurvey.co.uk/id/7000000000041429,Scotland,http://data.ordnancesurvey.co.uk/id/country/scotland,,,
osgb4000000074754718,http://data.ordnancesurvey.co.uk/id/4000000074754718,Suderakeedon,,,,landform,Island,396868,1136500,1000,800000,396618,1136251,397118,1136751,ZE2,http://data.ordnancesurvey.co.uk/id/postcodedistrict/ZE2,,,,,,,Shetland Islands,http://data.ordnancesurvey.co.uk/id/7000000000030514,http://data.ordnancesurvey.co.uk/ontology/admingeo/UnitaryAuthority,Scotland,http://data.ordnancesurvey.co.uk/id/7000000000041429,Scotland,http://data.ordnancesurvey.co.uk/id/country/scotland,,,
osgb4000000074747508,http://data.ordnancesurvey.co.uk/id/4000000074747508,Selapiddle,,,,landform,Other Coastal Landform,397483,1138326,1000,50000,397233,1138092,397733,1138592,ZE2,http://data.ordnancesurvey.co.uk/id/postcodedistrict/ZE2,,,,,,,Shetland Islands,http://data.ordnancesurvey.co.uk/id/7000000000030514,http://data.ordnancesurvey.co.uk/ontology/admingeo/UnitaryAuthority,Scotland,http://data.ordnancesurvey.co.uk/id/7000000000041429,Scotland,http://data.ordnancesurvey.co.uk/id/country/scotland,,,
osgb4000000074748715,http://data.ordnancesurvey.co.uk/id/4000000074748715,Da Noup Hurdins,,,,landcover,Wetland,395147,1137765,1000,200000,394897,1137494,395397,1137994,ZE2,http://data.ordnancesurvey.co.uk/id/postcodedistrict/ZE2,,,,,,,Shetland Islands,http://data.ordnancesurvey.co.uk/id/7000000000030514,http://data.ordnancesurvey.co.uk/ontology/admingeo/UnitaryAuthority,Scotland,http://data.ordnancesurvey.co.uk/id/7000000000041429,Scotland,http://data.ordnancesurvey.co.uk/id/country/scotland,,,
osgb4000000074748397,http://data.ordnancesurvey.co.uk/id/4000000074748397,Da Head o da Baa,,,,landform,Coastal Headland,397483,1138601,2000,750000,397233,1138352,397733,1138852,ZE2,http://data.ordnancesurvey.co.uk/id/postcodedistrict/ZE2,,,,,,,Shetland Islands,http://data.ordnancesurvey.co.uk/id/7000000000030514,http://data.ordnancesurvey.co.uk/ontology/admingeo/UnitaryAuthority,Scotland,http://data.ordnancesurvey.co.uk/id/7000000000041429,Scotland,http://data.ordnancesurvey.co.uk/id/country/scotland,,,
osgb4000000074592972,http://data.ordnancesurvey.co.uk/id/4000000074592972,Da Sneug,,,,landform,Hill Or Mountain,394788,1139508,1000,300000,394538,1139258,395038,1139758,ZE2,http://data.ordnancesurvey.co.uk/id/postcodedistrict/ZE2,,,,,,,Shetland Islands,http://data.ordnancesurvey.co.uk/id/7000000000030514,http://data.ordnancesurvey.co.uk/ontology/admingeo/UnitaryAuthority,Scotland,http://data.ordnancesurvey.co.uk/id/7000000000041429,Scotland,http://data.ordnancesurvey.co.uk/id/country/scotland,,,
osgb4000000074754783,http://data.ordnancesurvey.co.uk/id/4000000074754783,Liusabrik,,,,landform,Other Coastal Landform,394871,1138455,1000,20000,394622,1138205,395122,1138705,ZE2,http://data.ordnancesurvey.co.uk/id/postcodedistrict/ZE2,,,,,,,Shetland Islands,http://data.ordnancesurvey.co.uk/id/7000000000030514,http://data.ordnancesurvey.co.uk/ontology/admingeo/UnitaryAuthority,Scotland,http://data.ordnancesurvey.co.uk/id/7000000000041429,Scotland,http://data.ordnancesurvey.co.uk/id/country/scotland,,,
osgb4000000074803647,http://data.ordnancesurvey.co.uk/id/4000000074803647,Da Bottle Loch,,,,hydrography,Inland Water,397155,1139988,1000,500000,396907,1139738,397407,1140238,ZE2,http://data.ordnancesurvey.co.uk/id/postcodedistrict/ZE2,,,,,,,Shetland Islands,http://data.ordnancesurvey.co.uk/id/7000000000030514,http://data.ordnancesurvey.co.uk/ontology/admingeo/UnitaryAuthority,Scotland,http://data.ordnancesurvey.co.uk/id/7000000000041429,Scotland,http://data.ordnancesurvey.co.uk/id/country/scotland,,,
osgb4000000074754782,http://data.ordnancesurvey.co.uk/id/4000000074754782,Da Buddle Stane,,,,landform,Other Coastal Landform,397324,1136946,1000,50000,397075,1136696,397575,1137196,ZE2,http://data.ordnancesurvey.co.uk/id/postcodedistrict/ZE2,,,,,,,Shetland Islands,http://data.ordnancesurvey.co.uk/id/7000000000030514,http://data.ordnancesurvey.co.uk/ontology/admingeo/UnitaryAuthority,Scotland,http://data.ordnancesurvey.co.uk/id/7000000000041429,Scotland,http://data.ordnancesurvey.co.uk/id/country/scotland,,,
osgb4000000074598700,http://data.ordnancesurvey.co.uk/id/4000000074598700,Da Rippack Stack,,,,landform,Island,396797,1136363,1000,800000,396548,1136116,397048,1136616,ZE2,http://data.ordnancesurvey.co.uk/id/postcodedistrict/ZE2,,,,,,,Shetland Islands,http://data.ordnancesurvey.co.uk/id/7000000000030514,http://data.ordnancesurvey.co.uk/ontology/admingeo/UnitaryAuthority,Scotland,http://data.ordnancesurvey.co.uk/id/7000000000041429,Scotland,http://data.ordnancesurvey.co.uk/id/country/scotland,,,
osgb4000000074748714,http://data.ordnancesurvey.co.uk/id/4000000074748714,Da Stee,,,,landform,Other Coastal Landform,395226,1137718,1000,20000,394977,1137468,395477,1137968,ZE2,http://data.ordnancesurvey.co.uk/id/postcodedistrict/ZE2,,,,,,,Shetland Islands,http://data.ordnancesurvey.co.uk/id/7000000000030514,http://data.ordnancesurvey.co.uk/ontology/admingeo/UnitaryAuthority,Scotland,http://data.ordnancesurvey.co.uk/id/7000000000041429,Scotland,http://data.ordnancesurvey.co.uk/id/country/scotland,,,
osgb4000000074715319,http://data.ordnancesurvey.co.uk/id/4000000074715319,Da Sneck o da Smaalie,,,,landform,Other Coastal Landform,394998,1138304,1000,20000,394749,1138054,395249,1138554,ZE2,http://data.ordnancesurvey.co.uk/id/postcodedistrict/ZE2,,,,,,,Shetland Islands,http://data.ordnancesurvey.co.uk/id/7000000000030514,http://data.ordnancesurvey.co.uk/ontology/admingeo/UnitaryAuthority,Scotland,http://data.ordnancesurvey.co.uk/id/7000000000041429,Scotland,http://data.ordnancesurvey.co.uk/id/country/scotland,,,
osgb4000000074748299,http://data.ordnancesurvey.co.uk/id/4000000074748299,Da Sooth Ness,,,,landform,Coastal Headland,396505,1136309,3000,750000,396256,1136080,396756,1136580,ZE2,http://data.ordnancesurvey.co.uk/id/postcodedistrict/ZE2,,,,,,,Shetland Islands,http://data.ordnancesurvey.co.uk/id/7000000000030514,http://data.ordnancesurvey.co.uk/ontology/admingeo/UnitaryAuthority,Scotland,http://data.ordnancesurvey.co.uk/id/7000000000041429,Scotland,http://data.ordnancesurvey.co.uk/id/country/scotland,,,
osgb4000000074748493,http://data.ordnancesurvey.co.uk/id/4000000074748493,Da Fishhead,,,,landform,Island,397529,1138865,1000,800000,397270,1138616,397770,1139116,ZE2,http://data.ordnancesurvey.co.uk/id/postcodedistrict/ZE2,,,,,,,Shetland Islands,http://data.ordnancesurvey.co.uk/id/7000000000030514,http://data.ordnancesurvey.co.uk/ontology/admingeo/UnitaryAuthority,Scotland,http://data.ordnancesurvey.co.uk/id/7000000000041429,Scotland,http://data.ordnancesurvey.co.uk/id/country/scotland,,,
osgb4000000074747455,http://data.ordnancesurvey.co.uk/id/4000000074747455,Da Lang Hoevdi,,,,landform,Other Coastal Landform,397310,1137256,1000,20000,397060,1136999,397560,1137499,ZE2,http://data.ordnancesurvey.co.uk/id/postcodedistrict/ZE2,,,,,,,Shetland Islands,http://data.ordnancesurvey.co.uk/id/7000000000030514,http://data.ordnancesurvey.co.uk/ontology/admingeo/UnitaryAuthority,Scotland,http://data.ordnancesurvey.co.uk/id/7000000000041429,Scotland,http://data.ordnancesurvey.co.uk/id/country/scotland,,,
osgb4000000074754854,http://data.ordnancesurvey.co.uk/id/4000000074754854,Sandastack,,,,landform,Other Coastal Landform,395358,1137489,2000,20000,395108,1137217,395608,1137717,ZE2,http://data.ordnancesurvey.co.uk/id/postcodedistrict/ZE2,,,,,,,Shetland Islands,http://data.ordnancesurvey.co.uk/id/7000000000030514,http://data.ordnancesurvey.co.uk/ontology/admingeo/UnitaryAuthority,Scotland,http://data.ordnancesurvey.co.uk/id/7000000000041429,Scotland,http://data.ordnancesurvey.co.uk/id/country/scotland,,,
osgb4000000074748399,http://data.ordnancesurvey.co.uk/id/4000000074748399,Da Rokness,,,,landform,Other Coastal Landform,393700,1139584,1000,50000,393439,1139335,393939,1139835,ZE2,http://data.ordnancesurvey.co.uk/id/postcodedistrict/ZE2,,,,,,,Shetland Islands,http://data.ordnancesurvey.co.uk/id/7000000000030514,http://data.ordnancesurvey.co.uk/ontology/admingeo/UnitaryAuthority,Scotland,http://data.ordnancesurvey.co.uk/id/7000000000041429,Scotland,http://data.ordnancesurvey.co.uk/id/country/scotland,,,
osgb4000000074787429,http://data.ordnancesurvey.co.uk/id/4000000074787429,Da Voe,,,,hydrography,Tidal Water,397533,1138899,2000,150000,397158,1138544,397658,1139044,ZE2,http://data.ordnancesurvey.co.uk/id/postcodedistrict/ZE2,,,,,,,Shetland Islands,http://data.ordnancesurvey.co.uk/id/7000000000030514,http://data.ordnancesurvey.co.uk/ontology/admingeo/UnitaryAuthority,Scotland,http://data.ordnancesurvey.co.uk/id/7000000000041429,Scotland,http://data.ordnancesurvey.co.uk/id/country/scotland,,,
osgb4000000074748172,http://data.ordnancesurvey.co.uk/id/4000000074748172,Da Little Surpeidles,,,,landform,Other Coastal Landform,397016,1136555,1000,50000,396758,1136305,397258,1136805,ZE2,http://data.ordnancesurvey.co.uk/id/postcodedistrict/ZE2,,,,,,,Shetland Islands,http://data.ordnancesurvey.co.uk/id/7000000000030514,http://data.ordnancesurvey.co.uk/ontology/admingeo/UnitaryAuthority,Scotland,http://data.ordnancesurvey.co.uk/id/7000000000041429,Scotland,http://data.ordnancesurvey.co.uk/id/country/scotland,,,
osgb4000000074748392,http://data.ordnancesurvey.co.uk/id/4000000074748392,Husabrik,,,,landform,Other Coastal Landform,396125,1137077,1000,20000,395874,1136828,396374,1137328,ZE2,http://data.ordnancesurvey.co.uk/id/postcodedistrict/ZE2,,,,,,,Shetland Islands,http://data.ordnancesurvey.co.uk/id/7000000000030514,http://data.ordnancesurvey.co.uk/ontology/admingeo/UnitaryAuthority,Scotland,http://data.ordnancesurvey.co.uk/id/7000000000041429,Scotland,http://data.ordnancesurvey.co.uk/id/country/scotland,,,
osgb4000000074613134,http://data.ordnancesurvey.co.uk/id/4000000074613134,Da Run Hoevdi,,,,landform,Island,397369,1137431,1000,800000,397119,1137174,397619,1137674,ZE2,http://data.ordnancesurvey.co.uk/id/postcodedistrict/ZE2,,,,,,,Shetland Islands,http://data.ordnancesurvey.co.uk/id/7000000000030514,http://data.ordnancesurvey.co.uk/ontology/admingeo/UnitaryAuthority,Scotland,http://data.ordnancesurvey.co.uk/id/7000000000041429,Scotland,http://data.ordnancesurvey.co.uk/id/country/scotland,,,
osgb4000000074754241,http://data.ordnancesurvey.co.uk/id/4000000074754241,Shoabul,,,,landform,Other Coastal Landform,397370,1138065,1000,20000,397128,1137816,397628,1138316,ZE2,http://data.ordnancesurvey.co.uk/id/postcodedistrict/ZE2,,,,,,,Shetland Islands,http://data.ordnancesurvey.co.uk/id/7000000000030514,http://data.ordnancesurvey.co.uk/ontology/admingeo/UnitaryAuthority,Scotland,http://data.ordnancesurvey.co.uk/id/7000000000041429,Scotland,http://data.ordnancesurvey.co.uk/id/country/scotland,,,
osgb4000000074592957,http://data.ordnancesurvey.co.uk/id/4000000074592957,Da Dog Geo,,,,landform,Other Coastal Landform,397253,1136995,1000,15000,397004,1136752,397504,1137252,ZE2,http://data.ordnancesurvey.co.uk/id/postcodedistrict/ZE2,,,,,,,Shetland Islands,http://data.ordnancesurvey.co.uk/id/7000000000030514,http://data.ordnancesurvey.co.uk/ontology/admingeo/UnitaryAuthority,Scotland,http://data.ordnancesurvey.co.uk/id/7000000000041429,Scotland,http://data.ordnancesurvey.co.uk/id/country/scotland,,,
osgb4000000074803169,http://data.ordnancesurvey.co.uk/id/4000000074803169,Da Dry Loch,,,,hydrography,Inland Water,397079,1139616,1000,500000,396829,1139366,397329,1139866,ZE2,http://data.ordnancesurvey.co.uk/id/postcodedistrict/ZE2,,,,,,,Shetland Islands,http://data.ordnancesurvey.co.uk/id/7000000000030514,http://data.ordnancesurvey.co.uk/ontology/admingeo/UnitaryAuthority,Scotland,http://data.ordnancesurvey.co.uk/id/7000000000041429,Scotland,http://data.ordnancesurvey.co.uk/id/country/scotland,,,
osgb4000000074747505,http://data.ordnancesurvey.co.uk/id/4000000074747505,Trestascord,,,,landform,Other Coastal Landform,394371,1138560,1000,20000,394122,1138310,394622,1138810,ZE2,http://data.ordnancesurvey.co.uk/id/postcodedistrict/ZE2,,,,,,,Shetland Islands,http://data.ordnancesurvey.co.uk/id/7000000000030514,http://data.ordnancesurvey.co.uk/ontology/admingeo/UnitaryAuthority,Scotland,http://data.ordnancesurvey.co.uk/id/7000000000041429,Scotland,http://data.ordnancesurvey.co.uk/id/country/scotland,,,
osgb4000000074715584,http://data.ordnancesurvey.co.uk/id/4000000074715584,Da Slack o da Muir,,,,landcover,Other Landcover,395235,1138728,4000,1300000,394977,1138390,395493,1139000,ZE2,http://data.ordnancesurvey.co.uk/id/postcodedistrict/ZE2,,,,,,,Shetland Islands,http://data.ordnancesurvey.co.uk/id/7000000000030514,http://data.ordnancesurvey.co.uk/ontology/admingeo/UnitaryAuthority,Scotland,http://data.ordnancesurvey.co.uk/id/7000000000041429,Scotland,http://data.ordnancesurvey.co.uk/id/country/scotland,,,
osgb4000000074748231,http://data.ordnancesurvey.co.uk/id/4000000074748231,Da Baggedlars,,,,landform,Other Coastal Landform,396616,1136190,1000,50000,396393,1135940,396893,1136440,ZE2,http://data.ordnancesurvey.co.uk/id/postcodedistrict/ZE2,,,,,,,Shetland Islands,http://data.ordnancesurvey.co.uk/id/7000000000030514,http://data.ordnancesurvey.co.uk/ontology/admingeo/UnitaryAuthority,Scotland,http://data.ordnancesurvey.co.uk/id/7000000000041429,Scotland,http://data.ordnancesurvey.co.uk/id/country/scotland,,,
osgb4000000074803168,http://data.ordnancesurvey.co.uk/id/4000000074803168,Rossie's Loch,,,,hydrography,Inland Water,397324,1139508,1000,500000,397074,1139278,397574,1139778,ZE2,http://data.ordnancesurvey.co.uk/id/postcodedistrict/ZE2,,,,,,,Shetland Islands,http://data.ordnancesurvey.co.uk/id/7000000000030514,http://data.ordnancesurvey.co.uk/ontology/admingeo/UnitaryAuthority,Scotland,http://data.ordnancesurvey.co.uk/id/7000000000041429,Scotland,http://data.ordnancesurvey.co.uk/id/country/scotland,,,
osgb4000000074748994,http://data.ordnancesurvey.co.uk/id/4000000074748994,Da Kame,,,,landform,Other Coastal Landform,394108,1139963,3000,20000,393859,1139697,394359,1140197,ZE2,http://data.ordnancesurvey.co.uk/id/postcodedistrict/ZE2,,,,,,,Shetland Islands,http://data.ordnancesurvey.co.uk/id/7000000000030514,http://data.ordnancesurvey.co.uk/ontology/admingeo/UnitaryAuthority,Scotland,http://data.ordnancesurvey.co.uk/id/7000000000041429,Scotland,http://data.ordnancesurvey.co.uk/id/country/scotland,,,
osgb4000000074754238,http://data.ordnancesurvey.co.uk/id/4000000074754238,Granni Geo,,,,landform,Other Coastal Landform,395933,1137068,1000,15000,395702,1136818,396202,1137318,ZE2,http://data.ordnancesurvey.co.uk/id/postcodedistrict/ZE2,,,,,,,Shetland Islands,http://data.ordnancesurvey.co.uk/id/7000000000030514,http://data.ordnancesurvey.co.uk/ontology/admingeo/UnitaryAuthority,Scotland,http://data.ordnancesurvey.co.uk/id/7000000000041429,Scotland,http://data.ordnancesurvey.co.uk/id/country/scotland,,,
osgb4000000074748300,http://data.ordnancesurvey.co.uk/id/4000000074748300,Da Head o' da Hurd,,,,landform,Coastal Headland,396802,1136548,1000,750000,396553,1136289,397053,1136789,ZE2,http://data.ordnancesurvey.co.uk/id/postcodedistrict/ZE2,,,,,,,Shetland Islands,http://data.ordnancesurvey.co.uk/id/7000000000030514,http://data.ordnancesurvey.co.uk/ontology/admingeo/UnitaryAuthority,Scotland,http://data.ordnancesurvey.co.uk/id/7000000000041429,Scotland,http://data.ordnancesurvey.co.uk/id/country/scotland,,,
osgb4000000074748394,http://data.ordnancesurvey.co.uk/id/4000000074748394,Da Gloor,,,,landform,Other Coastal Landform,397331,1137633,1000,50000,397081,1137383,397581,1137883,ZE2,http://data.ordnancesurvey.co.uk/id/postcodedistrict/ZE2,,,,,,,Shetland Islands,http://data.ordnancesurvey.co.uk/id/7000000000030514,http://data.ordnancesurvey.co.uk/ontology/admingeo/UnitaryAuthority,Scotland,http://data.ordnancesurvey.co.uk/id/7000000000041429,Scotland,http://data.ordnancesurvey.co.uk/id/country/scotland,,,
osgb4000000073338783,http://data.ordnancesurvey.co.uk/id/4000000073338783,Foula,,,,transportNetwork,Passenger Ferry Terminal,397407,1138828,1000,50000,397160,1138578,397660,1139078,ZE2,http://data.ordnancesurvey.co.uk/id/postcodedistrict/ZE2,Da Toon o Ham,http://data.ordnancesurvey.co.uk/id/4000000074543517,http://www.ordnancesurvey.co.uk/xml/codelists/localtype.xml#hamlet,,,,Shetland Islands,http://data.ordnancesurvey.co.uk/id/7000000000030514,http://data.ordnancesurvey.co.uk/ontology/admingeo/UnitaryAuthority,Scotland,http://data.ordnancesurvey.co.uk/id/7000000000041429,Scotland,http://data.ordnancesurvey.co.uk/id/country/scotland,,,
osgb4000000074588978,http://data.ordnancesurvey.co.uk/id/4000000074588978,Da Skerries o da Rokness,,,,landform,Island,393649,1139760,1000,800000,393399,1139455,393899,1139955,ZE2,http://data.ordnancesurvey.co.uk/id/postcodedistrict/ZE2,,,,,,,Shetland Islands,http://data.ordnancesurvey.co.uk/id/7000000000030514,http://data.ordnancesurvey.co.uk/ontology/admingeo/UnitaryAuthority,Scotland,http://data.ordnancesurvey.co.uk/id/7000000000041429,Scotland,http://data.ordnancesurvey.co.uk/id/country/scotland,,,
osgb4000000074784884,http://data.ordnancesurvey.co.uk/id/4000000074784884,Da Sunds,,,,hydrography,Channel,397579,1138106,1000,100000,397330,1137850,397830,1138350,ZE2,http://data.ordnancesurvey.co.uk/id/postcodedistrict/ZE2,,,,,,,Shetland Islands,http://data.ordnancesurvey.co.uk/id/7000000000030514,http://data.ordnancesurvey.co.uk/ontology/admingeo/UnitaryAuthority,Scotland,http://data.ordnancesurvey.co.uk/id/7000000000041429,Scotland,http://data.ordnancesurvey.co.uk/id/country/scotland,,,
osgb4000000074592970,http://data.ordnancesurvey.co.uk/id/4000000074592970,Da Noup,,,,landform,Hill Or Mountain,395485,1137505,1000,300000,395235,1137255,395735,1137755,ZE2,http://data.ordnancesurvey.co.uk/id/postcodedistrict/ZE2,,,,,,,Shetland Islands,http://data.ordnancesurvey.co.uk/id/7000000000030514,http://data.ordnancesurvey.co.uk/ontology/admingeo/UnitaryAuthority,Scotland,http://data.ordnancesurvey.co.uk/id/7000000000041429,Scotland,http://data.ordnancesurvey.co.uk/id/country/scotland,,,
osgb4000000074715157,http://data.ordnancesurvey.co.uk/id/4000000074715157,Da Sooth Geo o da Gaads,,,,landform,Other Coastal Landform,397609,1139866,1000,15000,397359,1139622,397859,1140122,ZE2,http://data.ordnancesurvey.co.uk/id/postcodedistrict/ZE2,,,,,,,Shetland Islands,http://data.ordnancesurvey.co.uk/id/7000000000030514,http://data.ordnancesurvey.co.uk/ontology/admingeo/UnitaryAuthority,Scotland,http://data.ordnancesurvey.co.uk/id/7000000000041429,Scotland,http://data.ordnancesurvey.co.uk/id/country/scotland,,,
osgb4000000074345925,http://data.ordnancesurvey.co.uk/id/4000000074345925,Mucklebrik's Wick,,,,hydrography,Bay,394578,1138174,9000,150000,393750,1137658,395152,1138690,ZE2,http://data.ordnancesurvey.co.uk/id/postcodedistrict/ZE2,,,,,,,Shetland Islands,http://data.ordnancesurvey.co.uk/id/7000000000030514,http://data.ordnancesurvey.co.uk/ontology/admingeo/UnitaryAuthority,Scotland,http://data.ordnancesurvey.co.uk/id/7000000000041429,Scotland,http://data.ordnancesurvey.co.uk/id/country/scotland,,,
osgb4000000074613135,http://data.ordnancesurvey.co.uk/id/4000000074613135,Nessaskerry,,,,landform,Island,396527,1136109,1000,800000,396278,1135856,396778,1136356,ZE2,http://data.ordnancesurvey.co.uk/id/postcodedistrict/ZE2,,,,,,,Shetland Islands,http://data.ordnancesurvey.co.uk/id/7000000000030514,http://data.ordnancesurvey.co.uk/ontology/admingeo/UnitaryAuthority,Scotland,http://data.ordnancesurvey.co.uk/id/7000000000041429,Scotland,http://data.ordnancesurvey.co.uk/id/country/scotland,,,
osgb4000000074803646,http://data.ordnancesurvey.co.uk/id/4000000074803646,Liumisheddon,,,,hydrography,Inland Water,397133,1139860,1000,500000,396883,1139607,397383,1140107,ZE2,http://data.ordnancesurvey.co.uk/id/postcodedistrict/ZE2,,,,,,,Shetland Islands,http://data.ordnancesurvey.co.uk/id/7000000000030514,http://data.ordnancesurvey.co.uk/ontology/admingeo/UnitaryAuthority,Scotland,http://data.ordnancesurvey.co.uk/id/7000000000041429,Scotland,http://data.ordnancesurvey.co.uk/id/country/scotland,,,
osgb4000000074748659,http://data.ordnancesurvey.co.uk/id/4000000074748659,Da Shitlins,,,,landform,Other Coastal Landform,395240,1137663,1000,20000,394987,1137413,395487,1137913,ZE2,http://data.ordnancesurvey.co.uk/id/postcodedistrict/ZE2,,,,,,,Shetland Islands,http://data.ordnancesurvey.co.uk/id/7000000000030514,http://data.ordnancesurvey.co.uk/ontology/admingeo/UnitaryAuthority,Scotland,http://data.ordnancesurvey.co.uk/id/7000000000041429,Scotland,http://data.ordnancesurvey.co.uk/id/country/scotland,,,
osgb4000000074803649,http://data.ordnancesurvey.co.uk/id/4000000074803649,Da Loch o Ouvrafandal,,,,hydrography,Inland Water,396021,1139543,1000,500000,395772,1139300,396272,1139800,ZE2,http://data.ordnancesurvey.co.uk/id/postcodedistrict/ZE2,,,,,,,Shetland Islands,http://data.ordnancesurvey.co.uk/id/7000000000030514,http://data.ordnancesurvey.co.uk/ontology/admingeo/UnitaryAuthority,Scotland,http://data.ordnancesurvey.co.uk/id/7000000000041429,Scotland,http://data.ordnancesurvey.co.uk/id/country/scotland,,,
osgb4000000074748173,http://data.ordnancesurvey.co.uk/id/4000000074748173,Da Wurrwusbanks,eng,Da Doon Banks,eng,landform,Other Coastal Landform,397155,1136928,2000,20000,396905,1136661,397405,1137161,ZE2,http://data.ordnancesurvey.co.uk/id/postcodedistrict/ZE2,,,,,,,Shetland Islands,http://data.ordnancesurvey.co.uk/id/7000000000030514,http://data.ordnancesurvey.co.uk/ontology/admingeo/UnitaryAuthority,Scotland,http://data.ordnancesurvey.co.uk/id/7000000000041429,Scotland,http://data.ordnancesurvey.co.uk/id/country/scotland,,,
osgb4000000073337896,http://data.ordnancesurvey.co.uk/id/4000000073337896,Foula Primary School,,,,other,Primary Education,397057,1139134,1000,50000,396803,1138884,397303,1139384,ZE2,http://data.ordnancesurvey.co.uk/id/postcodedistrict/ZE2,Da Toon o Ham,http://data.ordnancesurvey.co.uk/id/4000000074543517,http://www.ordnancesurvey.co.uk/xml/codelists/localtype.xml#hamlet,,,,Shetland Islands,http://data.ordnancesurvey.co.uk/id/7000000000030514,http://data.ordnancesurvey.co.uk/ontology/admingeo/UnitaryAuthority,Scotland,http://data.ordnancesurvey.co.uk/id/7000000000041429,Scotland,http://data.ordnancesurvey.co.uk/id/country/scotland,,,
