osgb4000000074547317,http://data.ordnancesurvey.co.uk/id/4000000074547317,Hushinish,eng,Huisinis,gla,populatedPlace,Hamlet,98978,912041,5000,25000,98710,911772,99210,912272,HS3,http://data.ordnancesurvey.co.uk/id/postcodedistrict/HS3,,,,,,,Na h-Eileanan an Iar,http://data.ordnancesurvey.co.uk/id/7000000000030022,http://data.ordnancesurvey.co.uk/ontology/admingeo/UnitaryAuthority,Scotland,http://data.ordnancesurvey.co.uk/id/7000000000041429,Scotland,http://data.ordnancesurvey.co.uk/id/country/scotland,,,
HS33AX,http://data.ordnancesurvey.co.uk/id/postcodeunit/HS33AX,HS3 3AX,,,,other,Postcode,99831,911236,3500,18000,,,,,,,,,,,,,Na h-Eileanan an Iar,http://data.ordnancesurvey.co.uk/id/7000000000030022,http://data.ordnancesurvey.co.uk/ontology/admingeo/UnitaryAuthority,Scotland,http://data.ordnancesurvey.co.uk/id/7000000000041429,Scotland,http://data.ordnancesurvey.co.uk/id/country/scotland,,,
HS33AY,http://data.ordnancesurvey.co.uk/id/postcodeunit/HS33AY,HS3 3AY,,,,other,Postcode,98971,912016,3500,18000,,,,,,,Hushinish / Huisinis,http://data.ordnancesurvey.co.uk/id/4000000074547317,http://www.ordnancesurvey.co.uk/xml/codelists/localtype.xml#hamlet,,,,Na h-Eileanan an Iar,http://data.ordnancesurvey.co.uk/id/7000000000030022,http://data.ordnancesurvey.co.uk/ontology/admingeo/UnitaryAuthority,Scotland,http://data.ordnancesurvey.co.uk/id/7000000000041429,Scotland,http://data.ordnancesurvey.co.uk/id/country/scotland,,,
osgb4000000074588191,http://data.ordnancesurvey.co.uk/id/4000000074588191,Geodha Roaga,,,,landform,Other Coastal Landform,98183,911785,1000,15000,97938,911535,98438,912035,HS3,http://data.ordnancesurvey.co.uk/id/postcodedistrict/HS3,,,,,,,Na h-Eileanan an Iar,http://data.ordnancesurvey.co.uk/id/7000000000030022,http://data.ordnancesurvey.co.uk/ontology/admingeo/UnitaryAuthority,Scotland,http://data.ordnancesurvey.co.uk/id/7000000000041429,Scotland,http://data.ordnancesurvey.co.uk/id/country/scotland,,,
osgb4000000074761084,http://data.ordnancesurvey.co.uk/id/4000000074761084,Tamna,,,,landcover,Beach,99057,900534,1000,100000,98804,900284,99304,900784,HS3,http://data.ordnancesurvey.co.uk/id/postcodedistrict/HS3,,,,,,,Na h-Eileanan an Iar,http://data.ordnancesurvey.co.uk/id/7000000000030022,http://data.ordnancesurvey.co.uk/ontology/admingeo/UnitaryAuthority,Scotland,http://data.ordnancesurvey.co.uk/id/7000000000041429,Scotland,http://data.ordnancesurvey.co.uk/id/country/scotland,,,
osgb4000000074719841,http://data.ordnancesurvey.co.uk/id/4000000074719841,Mol Taavi,,,,landcover,Beach,98981,900333,1000,100000,98731,900085,99231,900585,HS3,http://data.ordnancesurvey.co.uk/id/postcodedistrict/HS3,,,,,,,Na h-Eileanan an Iar,http://data.ordnancesurvey.co.uk/id/7000000000030022,http://data.ordnancesurvey.co.uk/ontology/admingeo/UnitaryAuthority,Scotland,http://data.ordnancesurvey.co.uk/id/7000000000041429,Scotland,http://data.ordnancesurvey.co.uk/id/country/scotland,,,
osgb4000000074611068,http://data.ordnancesurvey.co.uk/id/4000000074611068,Gàisgeir,,,,landform,Island,87486,911574,4000,800000,87174,911250,87855,911898,HS3,http://data.ordnancesurvey.co.uk/id/postcodedistrict/HS3,,,,,,,Na h-Eileanan an Iar,http://data.ordnancesurvey.co.uk/id/7000000000030022,http://data.ordnancesurvey.co.uk/ontology/admingeo/UnitaryAuthority,Scotland,http://data.ordnancesurvey.co.uk/id/7000000000041429,Scotland,http://data.ordnancesurvey.co.uk/id/country/scotland,,,
osgb4000000074761083,http://data.ordnancesurvey.co.uk/id/4000000074761083,Magasgeir,,,,landform,Island,98583,900290,2000,800000,98333,900035,98833,900535,HS3,http://data.ordnancesurvey.co.uk/id/postcodedistrict/HS3,,,,,,,Na h-Eileanan an Iar,http://data.ordnancesurvey.co.uk/id/7000000000030022,http://data.ordnancesurvey.co.uk/ontology/admingeo/UnitaryAuthority,Scotland,http://data.ordnancesurvey.co.uk/id/7000000000041429,Scotland,http://data.ordnancesurvey.co.uk/id/country/scotland,,,
osgb4000000074754784,http://data.ordnancesurvey.co.uk/id/4000000074754784,Àird Tro,,,,landform,Coastal Headland,99010,900596,4000,750000,98713,900213,99307,900864,HS3,http://data.ordnancesurvey.co.uk/id/postcodedistrict/HS3,,,,,,,Na h-Eileanan an Iar,http://data.ordnancesurvey.co.uk/id/7000000000030022,http://data.ordnancesurvey.co.uk/ontology/admingeo/UnitaryAuthority,Scotland,http://data.ordnancesurvey.co.uk/id/7000000000041429,Scotland,http://data.ordnancesurvey.co.uk/id/country/scotland,,,
osgb4000000074754430,http://data.ordnancesurvey.co.uk/id/4000000074754430,Rubha Ruadh,,,,landform,Other Coastal Landform,98253,912186,1000,20000,98003,911937,98503,912437,HS3,http://data.ordnancesurvey.co.uk/id/postcodedistrict/HS3,,,,,,,Na h-Eileanan an Iar,http://data.ordnancesurvey.co.uk/id/7000000000030022,http://data.ordnancesurvey.co.uk/ontology/admingeo/UnitaryAuthority,Scotland,http://data.ordnancesurvey.co.uk/id/7000000000041429,Scotland,http://data.ordnancesurvey.co.uk/id/country/scotland,,,
osgb4000000074774250,http://data.ordnancesurvey.co.uk/id/4000000074774250,Sròn Udemul,,,,landform,Other Landform,96316,915675,5000,15000,95943,915426,96683,915926,HS3,http://data.ordnancesurvey.co.uk/id/postcodedistrict/HS3,,,,,,,Na h-Eileanan an Iar,http://data.ordnancesurvey.co.uk/id/7000000000030022,http://data.ordnancesurvey.co.uk/ontology/admingeo/UnitaryAuthority,Scotland,http://data.ordnancesurvey.co.uk/id/7000000000041429,Scotland,http://data.ordnancesurvey.co.uk/id/country/scotland,,,
osgb4000000074787751,http://data.ordnancesurvey.co.uk/id/4000000074787751,Vanna-gya,,,,hydrography,Tidal Water,99043,900816,1000,150000,98798,900548,99298,901048,HS3,http://data.ordnancesurvey.co.uk/id/postcodedistrict/HS3,,,,,,,Na h-Eileanan an Iar,http://data.ordnancesurvey.co.uk/id/7000000000030022,http://data.ordnancesurvey.co.uk/ontology/admingeo/UnitaryAuthority,Scotland,http://data.ordnancesurvey.co.uk/id/7000000000041429,Scotland,http://data.ordnancesurvey.co.uk/id/country/scotland,,,
osgb4000000074719842,http://data.ordnancesurvey.co.uk/id/4000000074719842,Tràigh Hushinish,,,,landcover,Beach,99153,911978,2000,100000,98907,911728,99407,912228,HS3,http://data.ordnancesurvey.co.uk/id/postcodedistrict/HS3,,,,,,,Na h-Eileanan an Iar,http://data.ordnancesurvey.co.uk/id/7000000000030022,http://data.ordnancesurvey.co.uk/ontology/admingeo/UnitaryAuthority,Scotland,http://data.ordnancesurvey.co.uk/id/7000000000041429,Scotland,http://data.ordnancesurvey.co.uk/id/country/scotland,,,
osgb4000000074792569,http://data.ordnancesurvey.co.uk/id/4000000074792569,Loch na Learga,,,,hydrography,Inland Water,96769,916080,1000,500000,96519,915823,97019,916323,HS3,http://data.ordnancesurvey.co.uk/id/postcodedistrict/HS3,,,,,,,Na h-Eileanan an Iar,http://data.ordnancesurvey.co.uk/id/7000000000030022,http://data.ordnancesurvey.co.uk/ontology/admingeo/UnitaryAuthority,Scotland,http://data.ordnancesurvey.co.uk/id/7000000000041429,Scotland,http://data.ordnancesurvey.co.uk/id/country/scotland,,,
osgb4000000074793114,http://data.ordnancesurvey.co.uk/id/4000000074793114,Loch Rumalach,,,,hydrography,Inland Water,97962,914747,1000,500000,97697,914498,98197,914998,HS3,http://data.ordnancesurvey.co.uk/id/postcodedistrict/HS3,,,,,,,Na h-Eileanan an Iar,http://data.ordnancesurvey.co.uk/id/7000000000030022,http://data.ordnancesurvey.co.uk/ontology/admingeo/UnitaryAuthority,Scotland,http://data.ordnancesurvey.co.uk/id/7000000000041429,Scotland,http://data.ordnancesurvey.co.uk/id/country/scotland,,,
osgb4000000074793113,http://data.ordnancesurvey.co.uk/id/4000000074793113,Loch Beag a' Mhuilinn,,,,hydrography,Inland Water,97602,914039,1000,500000,97353,913790,97853,914290,HS3,http://data.ordnancesurvey.co.uk/id/postcodedistrict/HS3,,,,,,,Na h-Eileanan an Iar,http://data.ordnancesurvey.co.uk/id/7000000000030022,http://data.ordnancesurvey.co.uk/ontology/admingeo/UnitaryAuthority,Scotland,http://data.ordnancesurvey.co.uk/id/7000000000041429,Scotland,http://data.ordnancesurvey.co.uk/id/country/scotland,,,
osgb4000000074620468,http://data.ordnancesurvey.co.uk/id/4000000074620468,Cnoc Mòr,,,,landform,Hill Or Mountain,98345,911525,1000,300000,98095,911275,98595,911775,HS3,http://data.ordnancesurvey.co.uk/id/postcodedistrict/HS3,,,,,,,Na h-Eileanan an Iar,http://data.ordnancesurvey.co.uk/id/7000000000030022,http://data.ordnancesurvey.co.uk/ontology/admingeo/UnitaryAuthority,Scotland,http://data.ordnancesurvey.co.uk/id/7000000000041429,Scotland,http://data.ordnancesurvey.co.uk/id/country/scotland,,,
osgb4000000074754335,http://data.ordnancesurvey.co.uk/id/4000000074754335,Mànais,,,,landform,Other Coastal Landform,95835,913841,1000,20000,95584,913592,96084,914092,HS3,http://data.ordnancesurvey.co.uk/id/postcodedistrict/HS3,,,,,,,Na h-Eileanan an Iar,http://data.ordnancesurvey.co.uk/id/7000000000030022,http://data.ordnancesurvey.co.uk/ontology/admingeo/UnitaryAuthority,Scotland,http://data.ordnancesurvey.co.uk/id/7000000000041429,Scotland,http://data.ordnancesurvey.co.uk/id/country/scotland,,,
osgb4000000074792532,http://data.ordnancesurvey.co.uk/id/4000000074792532,Loch Steisevat,,,,hydrography,Inland Water,96925,914638,1000,500000,96680,914388,97180,914888,HS3,http://data.ordnancesurvey.co.uk/id/postcodedistrict/HS3,,,,,,,Na h-Eileanan an Iar,http://data.ordnancesurvey.co.uk/id/7000000000030022,http://data.ordnancesurvey.co.uk/ontology/admingeo/UnitaryAuthority,Scotland,http://data.ordnancesurvey.co.uk/id/7000000000041429,Scotland,http://data.ordnancesurvey.co.uk/id/country/scotland,,,
osgb4000000074614929,http://data.ordnancesurvey.co.uk/id/4000000074614929,Cearstaigh,,,,landform,Island,96482,917111,4000,800000,96150,916849,96777,917372,HS3,http://data.ordnancesurvey.co.uk/id/postcodedistrict/HS3,,,,,,,Na h-Eileanan an Iar,http://data.ordnancesurvey.co.uk/id/7000000000030022,http://data.ordnancesurvey.co.uk/ontology/admingeo/UnitaryAuthority,Scotland,http://data.ordnancesurvey.co.uk/id/7000000000041429,Scotland,http://data.ordnancesurvey.co.uk/id/country/scotland,,,
osgb4000000074599242,http://data.ordnancesurvey.co.uk/id/4000000074599242,Beinn fo Thuath,,,,landform,Hill Or Mountain,98165,914225,1000,300000,97915,913975,98415,914475,HS3,http://data.ordnancesurvey.co.uk/id/postcodedistrict/HS3,,,,,,,Na h-Eileanan an Iar,http://data.ordnancesurvey.co.uk/id/7000000000030022,http://data.ordnancesurvey.co.uk/ontology/admingeo/UnitaryAuthority,Scotland,http://data.ordnancesurvey.co.uk/id/7000000000041429,Scotland,http://data.ordnancesurvey.co.uk/id/country/scotland,,,
osgb4000000074591596,http://data.ordnancesurvey.co.uk/id/4000000074591596,Bàgh Hùisinis,,,,landform,Other Coastal Landform,99175,911529,8000,50000,98546,910970,99804,912033,HS3,http://data.ordnancesurvey.co.uk/id/postcodedistrict/HS3,,,,,,,Na h-Eileanan an Iar,http://data.ordnancesurvey.co.uk/id/7000000000030022,http://data.ordnancesurvey.co.uk/ontology/admingeo/UnitaryAuthority,Scotland,http://data.ordnancesurvey.co.uk/id/7000000000041429,Scotland,http://data.ordnancesurvey.co.uk/id/country/scotland,,,
osgb4000000074754393,http://data.ordnancesurvey.co.uk/id/4000000074754393,Rubh' an Tighe,,,,landform,Other Coastal Landform,99836,914563,1000,20000,99587,914310,100087,914810,HS3,http://data.ordnancesurvey.co.uk/id/postcodedistrict/HS3,,,,,,,Na h-Eileanan an Iar,http://data.ordnancesurvey.co.uk/id/7000000000030022,http://data.ordnancesurvey.co.uk/ontology/admingeo/UnitaryAuthority,Scotland,http://data.ordnancesurvey.co.uk/id/7000000000041429,Scotland,http://data.ordnancesurvey.co.uk/id/country/scotland,,,
osgb4000000074798321,http://data.ordnancesurvey.co.uk/id/4000000074798321,Loch Togul,,,,hydrography,Bay,99483,900844,3000,150000,99007,900379,99507,900879,HS3,http://data.ordnancesurvey.co.uk/id/postcodedistrict/HS3,,,,,,,Na h-Eileanan an Iar,http://data.ordnancesurvey.co.uk/id/7000000000030022,http://data.ordnancesurvey.co.uk/ontology/admingeo/UnitaryAuthority,Scotland,http://data.ordnancesurvey.co.uk/id/7000000000041429,Scotland,http://data.ordnancesurvey.co.uk/id/country/scotland,,,
osgb4000000074793142,http://data.ordnancesurvey.co.uk/id/4000000074793142,Loch Uidemul,,,,hydrography,Inland Water,97648,914478,3000,500000,97398,914128,97898,914642,HS3,http://data.ordnancesurvey.co.uk/id/postcodedistrict/HS3,,,,,,,Na h-Eileanan an Iar,http://data.ordnancesurvey.co.uk/id/7000000000030022,http://data.ordnancesurvey.co.uk/ontology/admingeo/UnitaryAuthority,Scotland,http://data.ordnancesurvey.co.uk/id/7000000000041429,Scotland,http://data.ordnancesurvey.co.uk/id/country/scotland,,,
osgb4000000074798602,http://data.ordnancesurvey.co.uk/id/4000000074798602,Caolas an Scarp,,,,hydrography,Channel,99035,913063,12000,100000,97633,912122,99454,914005,HS3,http://data.ordnancesurvey.co.uk/id/postcodedistrict/HS3,,,,,,,Na h-Eileanan an Iar,http://data.ordnancesurvey.co.uk/id/7000000000030022,http://data.ordnancesurvey.co.uk/ontology/admingeo/UnitaryAuthority,Scotland,http://data.ordnancesurvey.co.uk/id/7000000000041429,Scotland,http://data.ordnancesurvey.co.uk/id/country/scotland,,,
osgb4000000074754899,http://data.ordnancesurvey.co.uk/id/4000000074754899,Geodha Ear,,,,landform,Other Coastal Landform,87770,911561,1000,15000,87517,911312,88017,911812,HS3,http://data.ordnancesurvey.co.uk/id/postcodedistrict/HS3,,,,,,,Na h-Eileanan an Iar,http://data.ordnancesurvey.co.uk/id/7000000000030022,http://data.ordnancesurvey.co.uk/ontology/admingeo/UnitaryAuthority,Scotland,http://data.ordnancesurvey.co.uk/id/7000000000041429,Scotland,http://data.ordnancesurvey.co.uk/id/country/scotland,,,
osgb4000000074590227,http://data.ordnancesurvey.co.uk/id/4000000074590227,Gil Cunaig,,,,landform,Valley,99968,913074,3000,800000,99718,912797,100218,913297,HS3,http://data.ordnancesurvey.co.uk/id/postcodedistrict/HS3,,,,,,,Na h-Eileanan an Iar,http://data.ordnancesurvey.co.uk/id/7000000000030022,http://data.ordnancesurvey.co.uk/ontology/admingeo/UnitaryAuthority,Scotland,http://data.ordnancesurvey.co.uk/id/7000000000041429,Scotland,http://data.ordnancesurvey.co.uk/id/country/scotland,,,
osgb4000000074595752,http://data.ordnancesurvey.co.uk/id/4000000074595752,Rubha Ruadh,,,,landform,Other Coastal Landform,98304,916098,2000,20000,98083,915848,98583,916348,HS3,http://data.ordnancesurvey.co.uk/id/postcodedistrict/HS3,,,,,,,Na h-Eileanan an Iar,http://data.ordnancesurvey.co.uk/id/7000000000030022,http://data.ordnancesurvey.co.uk/ontology/admingeo/UnitaryAuthority,Scotland,http://data.ordnancesurvey.co.uk/id/7000000000041429,Scotland,http://data.ordnancesurvey.co.uk/id/country/scotland,,,
osgb4000000074787748,http://data.ordnancesurvey.co.uk/id/4000000074787748,Obe,,,,hydrography,Bay,94970,915774,1000,150000,94718,915560,95218,916060,HS3,http://data.ordnancesurvey.co.uk/id/postcodedistrict/HS3,,,,,,,Na h-Eileanan an Iar,http://data.ordnancesurvey.co.uk/id/7000000000030022,http://data.ordnancesurvey.co.uk/ontology/admingeo/UnitaryAuthority,Scotland,http://data.ordnancesurvey.co.uk/id/7000000000041429,Scotland,http://data.ordnancesurvey.co.uk/id/country/scotland,,,
osgb4000000074754429,http://data.ordnancesurvey.co.uk/id/4000000074754429,Sleitnis,,,,landform,Other Coastal Landform,97510,916815,1000,20000,97260,916566,97760,917066,HS3,http://data.ordnancesurvey.co.uk/id/postcodedistrict/HS3,,,,,,,Na h-Eileanan an Iar,http://data.ordnancesurvey.co.uk/id/7000000000030022,http://data.ordnancesurvey.co.uk/ontology/admingeo/UnitaryAuthority,Scotland,http://data.ordnancesurvey.co.uk/id/7000000000041429,Scotland,http://data.ordnancesurvey.co.uk/id/country/scotland,,,
osgb4000000074723307,http://data.ordnancesurvey.co.uk/id/4000000074723307,Glen Romul,,,,landform,Valley,97493,916174,2000,800000,97244,915925,97744,916425,HS3,http://data.ordnancesurvey.co.uk/id/postcodedistrict/HS3,,,,,,,Na h-Eileanan an Iar,http://data.ordnancesurvey.co.uk/id/7000000000030022,http://data.ordnancesurvey.co.uk/ontology/admingeo/UnitaryAuthority,Scotland,http://data.ordnancesurvey.co.uk/id/7000000000041429,Scotland,http://data.ordnancesurvey.co.uk/id/country/scotland,,,
osgb4000000074754678,http://data.ordnancesurvey.co.uk/id/4000000074754678,Rubha Bhannageodha,,,,landform,Other Coastal Landform,99092,900796,1000,20000,98843,900547,99343,901047,HS3,http://data.ordnancesurvey.co.uk/id/postcodedistrict/HS3,,,,,,,Na h-Eileanan an Iar,http://data.ordnancesurvey.co.uk/id/7000000000030022,http://data.ordnancesurvey.co.uk/ontology/admingeo/UnitaryAuthority,Scotland,http://data.ordnancesurvey.co.uk/id/7000000000041429,Scotland,http://data.ordnancesurvey.co.uk/id/country/scotland,,,
osgb4000000074754756,http://data.ordnancesurvey.co.uk/id/4000000074754756,Crogary Beg,,,,landform,Other Coastal Landform,99474,900776,1000,20000,99224,900528,99724,901028,HS3,http://data.ordnancesurvey.co.uk/id/postcodedistrict/HS3,,,,,,,Na h-Eileanan an Iar,http://data.ordnancesurvey.co.uk/id/7000000000030022,http://data.ordnancesurvey.co.uk/ontology/admingeo/UnitaryAuthority,Scotland,http://data.ordnancesurvey.co.uk/id/7000000000041429,Scotland,http://data.ordnancesurvey.co.uk/id/country/scotland,,,
osgb4000000074614931,http://data.ordnancesurvey.co.uk/id/4000000074614931,Sgeir Caolas Liongaim,,,,landform,Island,99916,919819,1000,800000,99666,919569,100166,920069,HS2,http://data.ordnancesurvey.co.uk/id/postcodedistrict/HS2,,,,,,,Na h-Eileanan an Iar,http://data.ordnancesurvey.co.uk/id/7000000000030022,http://data.ordnancesurvey.co.uk/ontology/admingeo/UnitaryAuthority,Scotland,http://data.ordnancesurvey.co.uk/id/7000000000041429,Scotland,http://data.ordnancesurvey.co.uk/id/country/scotland,,,
osgb4000000074715377,http://data.ordnancesurvey.co.uk/id/4000000074715377,Rubha na Creadha,,,,landform,Other Coastal Landform,97845,913032,1000,20000,97591,912782,98091,913282,HS3,http://data.ordnancesurvey.co.uk/id/postcodedistrict/HS3,,,,,,,Na h-Eileanan an Iar,http://data.ordnancesurvey.co.uk/id/7000000000030022,http://data.ordnancesurvey.co.uk/ontology/admingeo/UnitaryAuthority,Scotland,http://data.ordnancesurvey.co.uk/id/7000000000041429,Scotland,http://data.ordnancesurvey.co.uk/id/country/scotland,,,
osgb4000000074611487,http://data.ordnancesurvey.co.uk/id/4000000074611487,Sgeir Moil Duinn,,,,landform,Island,95059,916353,1000,800000,94809,916103,95309,916603,HS3,http://data.ordnancesurvey.co.uk/id/postcodedistrict/HS3,,,,,,,Na h-Eileanan an Iar,http://data.ordnancesurvey.co.uk/id/7000000000030022,http://data.ordnancesurvey.co.uk/ontology/admingeo/UnitaryAuthority,Scotland,http://data.ordnancesurvey.co.uk/id/7000000000041429,Scotland,http://data.ordnancesurvey.co.uk/id/country/scotland,,,
osgb4000000074754898,http://data.ordnancesurvey.co.uk/id/4000000074754898,Crogary,,,,landform,Other Coastal Landform,98502,911145,1000,20000,98253,910898,98753,911398,HS3,http://data.ordnancesurvey.co.uk/id/postcodedistrict/HS3,,,,,,,Na h-Eileanan an Iar,http://data.ordnancesurvey.co.uk/id/7000000000030022,http://data.ordnancesurvey.co.uk/ontology/admingeo/UnitaryAuthority,Scotland,http://data.ordnancesurvey.co.uk/id/7000000000041429,Scotland,http://data.ordnancesurvey.co.uk/id/country/scotland,,,
osgb4000000074620469,http://data.ordnancesurvey.co.uk/id/4000000074620469,Sròn Romul,,,,landform,Hill Or Mountain,96852,915832,1000,300000,96602,915582,97102,916082,HS3,http://data.ordnancesurvey.co.uk/id/postcodedistrict/HS3,,,,,,,Na h-Eileanan an Iar,http://data.ordnancesurvey.co.uk/id/7000000000030022,http://data.ordnancesurvey.co.uk/ontology/admingeo/UnitaryAuthority,Scotland,http://data.ordnancesurvey.co.uk/id/7000000000041429,Scotland,http://data.ordnancesurvey.co.uk/id/country/scotland,,,
osgb4000000074787747,http://data.ordnancesurvey.co.uk/id/4000000074787747,Beitearsaig,,,,hydrography,Bay,99674,911110,2000,150000,99445,910853,99945,911353,HS3,http://data.ordnancesurvey.co.uk/id/postcodedistrict/HS3,,,,,,,Na h-Eileanan an Iar,http://data.ordnancesurvey.co.uk/id/7000000000030022,http://data.ordnancesurvey.co.uk/ontology/admingeo/UnitaryAuthority,Scotland,http://data.ordnancesurvey.co.uk/id/7000000000041429,Scotland,http://data.ordnancesurvey.co.uk/id/country/scotland,,,
osgb4000000074754900,http://data.ordnancesurvey.co.uk/id/4000000074754900,Geodha Iar,,,,landform,Other Coastal Landform,87594,911790,1000,15000,87375,911540,87875,912040,HS3,http://data.ordnancesurvey.co.uk/id/postcodedistrict/HS3,,,,,,,Na h-Eileanan an Iar,http://data.ordnancesurvey.co.uk/id/7000000000030022,http://data.ordnancesurvey.co.uk/ontology/admingeo/UnitaryAuthority,Scotland,http://data.ordnancesurvey.co.uk/id/7000000000041429,Scotland,http://data.ordnancesurvey.co.uk/id/country/scotland,,,
osgb4000000074715346,http://data.ordnancesurvey.co.uk/id/4000000074715346,Rubha na Glaodhaich,,,,landform,Other Coastal Landform,98930,913899,1000,20000,98680,913644,99180,914144,HS3,http://data.ordnancesurvey.co.uk/id/postcodedistrict/HS3,,,,,,,Na h-Eileanan an Iar,http://data.ordnancesurvey.co.uk/id/7000000000030022,http://data.ordnancesurvey.co.uk/ontology/admingeo/UnitaryAuthority,Scotland,http://data.ordnancesurvey.co.uk/id/7000000000041429,Scotland,http://data.ordnancesurvey.co.uk/id/country/scotland,,,
osgb4000000074798802,http://data.ordnancesurvey.co.uk/id/4000000074798802,Caolas Liongaim,,,,hydrography,Channel,99957,919708,1000,100000,99694,919461,100194,919961,HS2,http://data.ordnancesurvey.co.uk/id/postcodedistrict/HS2,,,,,,,Na h-Eileanan an Iar,http://data.ordnancesurvey.co.uk/id/7000000000030022,http://data.ordnancesurvey.co.uk/ontology/admingeo/UnitaryAuthority,Scotland,http://data.ordnancesurvey.co.uk/id/7000000000041429,Scotland,http://data.ordnancesurvey.co.uk/id/country/scotland,,,
osgb4000000074610652,http://data.ordnancesurvey.co.uk/id/4000000074610652,Gloraig Tharasaigh,,,,landform,Island,97026,906331,1000,800000,96773,906081,97273,906581,HS3,http://data.ordnancesurvey.co.uk/id/postcodedistrict/HS3,,,,,,,Na h-Eileanan an Iar,http://data.ordnancesurvey.co.uk/id/7000000000030022,http://data.ordnancesurvey.co.uk/ontology/admingeo/UnitaryAuthority,Scotland,http://data.ordnancesurvey.co.uk/id/7000000000041429,Scotland,http://data.ordnancesurvey.co.uk/id/country/scotland,,,
osgb4000000074790332,http://data.ordnancesurvey.co.uk/id/4000000074790332,Camas a' Bhuic,,,,hydrography,Tidal Water,99657,910319,7000,150000,99408,909802,99908,910824,HS3,http://data.ordnancesurvey.co.uk/id/postcodedistrict/HS3,,,,,,,Na h-Eileanan an Iar,http://data.ordnancesurvey.co.uk/id/7000000000030022,http://data.ordnancesurvey.co.uk/ontology/admingeo/UnitaryAuthority,Scotland,http://data.ordnancesurvey.co.uk/id/7000000000041429,Scotland,http://data.ordnancesurvey.co.uk/id/country/scotland,,,
osgb4000000074614932,http://data.ordnancesurvey.co.uk/id/4000000074614932,Liongam,,,,landform,Island,99746,919758,3000,800000,99483,919508,99983,920008,HS2,http://data.ordnancesurvey.co.uk/id/postcodedistrict/HS2,,,,,,,Na h-Eileanan an Iar,http://data.ordnancesurvey.co.uk/id/7000000000030022,http://data.ordnancesurvey.co.uk/ontology/admingeo/UnitaryAuthority,Scotland,http://data.ordnancesurvey.co.uk/id/7000000000041429,Scotland,http://data.ordnancesurvey.co.uk/id/country/scotland,,,
osgb4000000074774303,http://data.ordnancesurvey.co.uk/id/4000000074774303,Sròn nam Fiadh,,,,landform,Other Landform,99619,912655,4000,15000,99379,912406,99948,912906,HS3,http://data.ordnancesurvey.co.uk/id/postcodedistrict/HS3,,,,,,,Na h-Eileanan an Iar,http://data.ordnancesurvey.co.uk/id/7000000000030022,http://data.ordnancesurvey.co.uk/ontology/admingeo/UnitaryAuthority,Scotland,http://data.ordnancesurvey.co.uk/id/7000000000041429,Scotland,http://data.ordnancesurvey.co.uk/id/country/scotland,,,
osgb4000000074588137,http://data.ordnancesurvey.co.uk/id/4000000074588137,Geodha Islaca,,,,landform,Other Coastal Landform,96936,913994,1000,15000,96667,913744,97167,914244,HS3,http://data.ordnancesurvey.co.uk/id/postcodedistrict/HS3,,,,,,,Na h-Eileanan an Iar,http://data.ordnancesurvey.co.uk/id/7000000000030022,http://data.ordnancesurvey.co.uk/ontology/admingeo/UnitaryAuthority,Scotland,http://data.ordnancesurvey.co.uk/id/7000000000041429,Scotland,http://data.ordnancesurvey.co.uk/id/country/scotland,,,
osgb4000000074611486,http://data.ordnancesurvey.co.uk/id/4000000074611486,Scarp,,,,landform,Island,96996,914967,27000,800000,94780,912936,98984,916999,HS3,http://data.ordnancesurvey.co.uk/id/postcodedistrict/HS3,,,,,,,Na h-Eileanan an Iar,http://data.ordnancesurvey.co.uk/id/7000000000030022,http://data.ordnancesurvey.co.uk/ontology/admingeo/UnitaryAuthority,Scotland,http://data.ordnancesurvey.co.uk/id/7000000000041429,Scotland,http://data.ordnancesurvey.co.uk/id/country/scotland,,,
osgb4000000074623655,http://data.ordnancesurvey.co.uk/id/4000000074623655,Greascleit,,,,landform,Hill Or Mountain,99811,913357,1000,300000,99561,913107,100061,913607,HS3,http://data.ordnancesurvey.co.uk/id/postcodedistrict/HS3,,,,,,,Na h-Eileanan an Iar,http://data.ordnancesurvey.co.uk/id/7000000000030022,http://data.ordnancesurvey.co.uk/ontology/admingeo/UnitaryAuthority,Scotland,http://data.ordnancesurvey.co.uk/id/7000000000041429,Scotland,http://data.ordnancesurvey.co.uk/id/country/scotland,,,
osgb4000000074792533,http://data.ordnancesurvey.co.uk/id/4000000074792533,Loch Bràigh an t-Sìdhein,,,,hydrography,Inland Water,96077,914920,1000,500000,95827,914710,96327,915210,HS3,http://data.ordnancesurvey.co.uk/id/postcodedistrict/HS3,,,,,,,Na h-Eileanan an Iar,http://data.ordnancesurvey.co.uk/id/7000000000030022,http://data.ordnancesurvey.co.uk/ontology/admingeo/UnitaryAuthority,Scotland,http://data.ordnancesurvey.co.uk/id/7000000000041429,Scotland,http://data.ordnancesurvey.co.uk/id/country/scotland,,,
osgb4000000074754271,http://data.ordnancesurvey.co.uk/id/4000000074754271,Port a' Tuath,,,,landcover,Wetland,98930,912397,1000,200000,98675,912148,99175,912648,HS3,http://data.ordnancesurvey.co.uk/id/postcodedistrict/HS3,,,,,,,Na h-Eileanan an Iar,http://data.ordnancesurvey.co.uk/id/7000000000030022,http://data.ordnancesurvey.co.uk/ontology/admingeo/UnitaryAuthority,Scotland,http://data.ordnancesurvey.co.uk/id/7000000000041429,Scotland,http://data.ordnancesurvey.co.uk/id/country/scotland,,,
osgb4000000074614930,http://data.ordnancesurvey.co.uk/id/4000000074614930,Duisgeir,,,,landform,Island,96148,918600,1000,800000,95907,918350,96407,918850,HS3,http://data.ordnancesurvey.co.uk/id/postcodedistrict/HS3,,,,,,,Na h-Eileanan an Iar,http://data.ordnancesurvey.co.uk/id/7000000000030022,http://data.ordnancesurvey.co.uk/ontology/admingeo/UnitaryAuthority,Scotland,http://data.ordnancesurvey.co.uk/id/7000000000041429,Scotland,http://data.ordnancesurvey.co.uk/id/country/scotland,,,
osgb4000000074787708,http://data.ordnancesurvey.co.uk/id/4000000074787708,Hallageodha,,,,hydrography,Tidal Water,99806,900834,1000,150000,99569,900554,100069,901054,HS3,http://data.ordnancesurvey.co.uk/id/postcodedistrict/HS3,,,,,,,Na h-Eileanan an Iar,http://data.ordnancesurvey.co.uk/id/7000000000030022,http://data.ordnancesurvey.co.uk/ontology/admingeo/UnitaryAuthority,Scotland,http://data.ordnancesurvey.co.uk/id/7000000000041429,Scotland,http://data.ordnancesurvey.co.uk/id/country/scotland,,,
osgb4000000074614933,http://data.ordnancesurvey.co.uk/id/4000000074614933,Staca Liath,,,,landform,Island,99501,919812,1000,800000,99252,919559,99752,920059,HS2,http://data.ordnancesurvey.co.uk/id/postcodedistrict/HS2,,,,,,,Na h-Eileanan an Iar,http://data.ordnancesurvey.co.uk/id/7000000000030022,http://data.ordnancesurvey.co.uk/ontology/admingeo/UnitaryAuthority,Scotland,http://data.ordnancesurvey.co.uk/id/7000000000041429,Scotland,http://data.ordnancesurvey.co.uk/id/country/scotland,,,
osgb4000000074787663,http://data.ordnancesurvey.co.uk/id/4000000074787663,Bàgh a' Chàigeal,,,,hydrography,Bay,99014,900157,3000,150000,98735,899927,99235,900427,HS3,http://data.ordnancesurvey.co.uk/id/postcodedistrict/HS3,,,,,,,Na h-Eileanan an Iar,http://data.ordnancesurvey.co.uk/id/7000000000030022,http://data.ordnancesurvey.co.uk/ontology/admingeo/UnitaryAuthority,Scotland,http://data.ordnancesurvey.co.uk/id/7000000000041429,Scotland,http://data.ordnancesurvey.co.uk/id/country/scotland,,,
osgb4000000074754272,http://data.ordnancesurvey.co.uk/id/4000000074754272,Tarta Geodha,,,,landform,Island,95519,914697,1000,800000,95269,914445,95769,914945,HS3,http://data.ordnancesurvey.co.uk/id/postcodedistrict/HS3,,,,,,,Na h-Eileanan an Iar,http://data.ordnancesurvey.co.uk/id/7000000000030022,http://data.ordnancesurvey.co.uk/ontology/admingeo/UnitaryAuthority,Scotland,http://data.ordnancesurvey.co.uk/id/7000000000041429,Scotland,http://data.ordnancesurvey.co.uk/id/country/scotland,,,
osgb4000000074754478,http://data.ordnancesurvey.co.uk/id/4000000074754478,Crogary More,,,,landform,Other Coastal Landform,99605,900861,1000,50000,99355,900611,99855,901111,HS3,http://data.ordnancesurvey.co.uk/id/postcodedistrict/HS3,,,,,,,Na h-Eileanan an Iar,http://data.ordnancesurvey.co.uk/id/7000000000030022,http://data.ordnancesurvey.co.uk/ontology/admingeo/UnitaryAuthority,Scotland,http://data.ordnancesurvey.co.uk/id/7000000000041429,Scotland,http://data.ordnancesurvey.co.uk/id/country/scotland,,,
osgb4000000074754679,http://data.ordnancesurvey.co.uk/id/4000000074754679,Horsanais,,,,landform,Other Coastal Landform,99761,908882,1000,20000,99511,908632,100011,909132,HS3,http://data.ordnancesurvey.co.uk/id/postcodedistrict/HS3,,,,,,,Na h-Eileanan an Iar,http://data.ordnancesurvey.co.uk/id/7000000000030022,http://data.ordnancesurvey.co.uk/ontology/admingeo/UnitaryAuthority,Scotland,http://data.ordnancesurvey.co.uk/id/7000000000041429,Scotland,http://data.ordnancesurvey.co.uk/id/country/scotland,,,
osgb4000000074721786,http://data.ordnancesurvey.co.uk/id/4000000074721786,Tràigh Mheilein,,,,landcover,Beach,99674,914311,8000,100000,99291,913568,100057,914805,HS3,http://data.ordnancesurvey.co.uk/id/postcodedistrict/HS3,,,,,,,Na h-Eileanan an Iar,http://data.ordnancesurvey.co.uk/id/7000000000030022,http://data.ordnancesurvey.co.uk/ontology/admingeo/UnitaryAuthority,Scotland,http://data.ordnancesurvey.co.uk/id/7000000000041429,Scotland,http://data.ordnancesurvey.co.uk/id/country/scotland,,,
osgb4000000074611071,http://data.ordnancesurvey.co.uk/id/4000000074611071,Oisteim,,,,landform,Island,96136,917171,2000,800000,95885,916922,96385,917422,HS3,http://data.ordnancesurvey.co.uk/id/postcodedistrict/HS3,,,,,,,Na h-Eileanan an Iar,http://data.ordnancesurvey.co.uk/id/7000000000030022,http://data.ordnancesurvey.co.uk/ontology/admingeo/UnitaryAuthority,Scotland,http://data.ordnancesurvey.co.uk/id/7000000000041429,Scotland,http://data.ordnancesurvey.co.uk/id/country/scotland,,,
osgb4000000074754428,http://data.ordnancesurvey.co.uk/id/4000000074754428,Geo an Fheòir,,,,landform,Other Coastal Landform,97481,916537,1000,15000,97229,916288,97729,916788,HS3,http://data.ordnancesurvey.co.uk/id/postcodedistrict/HS3,,,,,,,Na h-Eileanan an Iar,http://data.ordnancesurvey.co.uk/id/7000000000030022,http://data.ordnancesurvey.co.uk/ontology/admingeo/UnitaryAuthority,Scotland,http://data.ordnancesurvey.co.uk/id/7000000000041429,Scotland,http://data.ordnancesurvey.co.uk/id/country/scotland,,,
osgb4000000074754901,http://data.ordnancesurvey.co.uk/id/4000000074754901,Stiamaire,,,,landform,Other Coastal Landform,99466,912710,2000,20000,99217,912445,99717,912945,HS3,http://data.ordnancesurvey.co.uk/id/postcodedistrict/HS3,,,,,,,Na h-Eileanan an Iar,http://data.ordnancesurvey.co.uk/id/7000000000030022,http://data.ordnancesurvey.co.uk/ontology/admingeo/UnitaryAuthority,Scotland,http://data.ordnancesurvey.co.uk/id/7000000000041429,Scotland,http://data.ordnancesurvey.co.uk/id/country/scotland,,,
osgb4000000074754897,http://data.ordnancesurvey.co.uk/id/4000000074754897,Buaile na Bàlhaiche,,,,landform,Other Coastal Landform,99813,911043,1000,20000,99554,910793,100054,911293,HS3,http://data.ordnancesurvey.co.uk/id/postcodedistrict/HS3,,,,,,,Na h-Eileanan an Iar,http://data.ordnancesurvey.co.uk/id/7000000000030022,http://data.ordnancesurvey.co.uk/ontology/admingeo/UnitaryAuthority,Scotland,http://data.ordnancesurvey.co.uk/id/7000000000041429,Scotland,http://data.ordnancesurvey.co.uk/id/country/scotland,,,
osgb4000000074754334,http://data.ordnancesurvey.co.uk/id/4000000074754334,Geodha Foirse,,,,landform,Other Coastal Landform,98653,915470,1000,15000,98404,915220,98904,915720,HS3,http://data.ordnancesurvey.co.uk/id/postcodedistrict/HS3,,,,,,,Na h-Eileanan an Iar,http://data.ordnancesurvey.co.uk/id/7000000000030022,http://data.ordnancesurvey.co.uk/ontology/admingeo/UnitaryAuthority,Scotland,http://data.ordnancesurvey.co.uk/id/7000000000041429,Scotland,http://data.ordnancesurvey.co.uk/id/country/scotland,,,
osgb4000000074611069,http://data.ordnancesurvey.co.uk/id/4000000074611069,Eilean na Moil Mòire,,,,landform,Island,97258,913610,1000,800000,97009,913356,97509,913856,HS3,http://data.ordnancesurvey.co.uk/id/postcodedistrict/HS3,,,,,,,Na h-Eileanan an Iar,http://data.ordnancesurvey.co.uk/id/7000000000030022,http://data.ordnancesurvey.co.uk/ontology/admingeo/UnitaryAuthority,Scotland,http://data.ordnancesurvey.co.uk/id/7000000000041429,Scotland,http://data.ordnancesurvey.co.uk/id/country/scotland,,,
osgb4000000074761085,http://data.ordnancesurvey.co.uk/id/4000000074761085,Rubha Hùisinis,,,,landform,Other Coastal Landform,98092,911179,1000,20000,97842,910919,98342,911419,HS3,http://data.ordnancesurvey.co.uk/id/postcodedistrict/HS3,,,,,,,Na h-Eileanan an Iar,http://data.ordnancesurvey.co.uk/id/7000000000030022,http://data.ordnancesurvey.co.uk/ontology/admingeo/UnitaryAuthority,Scotland,http://data.ordnancesurvey.co.uk/id/7000000000041429,Scotland,http://data.ordnancesurvey.co.uk/id/country/scotland,,,
osgb4000000074611070,http://data.ordnancesurvey.co.uk/id/4000000074611070,Fladaigh,,,,landform,Island,99483,915237,4000,800000,99205,914931,99778,915543,HS3,http://data.ordnancesurvey.co.uk/id/postcodedistrict/HS3,,,,,,,Na h-Eileanan an Iar,http://data.ordnancesurvey.co.uk/id/7000000000030022,http://data.ordnancesurvey.co.uk/ontology/admingeo/UnitaryAuthority,Scotland,http://data.ordnancesurvey.co.uk/id/7000000000041429,Scotland,http://data.ordnancesurvey.co.uk/id/country/scotland,,,
osgb4000000074754333,http://data.ordnancesurvey.co.uk/id/4000000074754333,Mol Mòr,,,,landcover,Wetland,97352,913697,2000,200000,97119,913448,97619,913948,HS3,http://data.ordnancesurvey.co.uk/id/postcodedistrict/HS3,,,,,,,Na h-Eileanan an Iar,http://data.ordnancesurvey.co.uk/id/7000000000030022,http://data.ordnancesurvey.co.uk/ontology/admingeo/UnitaryAuthority,Scotland,http://data.ordnancesurvey.co.uk/id/7000000000041429,Scotland,http://data.ordnancesurvey.co.uk/id/country/scotland,,,
osgb4000000074611066,http://data.ordnancesurvey.co.uk/id/4000000074611066,Gloraig Hùisinis,gla,Hushinish Glorigs,eng,landform,Group Of Islands,98657,909869,4000,3000000,98367,909619,98943,910119,HS3,http://data.ordnancesurvey.co.uk/id/postcodedistrict/HS3,,,,,,,Na h-Eileanan an Iar,http://data.ordnancesurvey.co.uk/id/7000000000030022,http://data.ordnancesurvey.co.uk/ontology/admingeo/UnitaryAuthority,Scotland,http://data.ordnancesurvey.co.uk/id/7000000000041429,Scotland,http://data.ordnancesurvey.co.uk/id/country/scotland,,,
osgb4000000074611067,http://data.ordnancesurvey.co.uk/id/4000000074611067,Gàisgeir Beag,,,,landform,Island,88750,910749,1000,800000,88484,910500,88984,911000,HS3,http://data.ordnancesurvey.co.uk/id/postcodedistrict/HS3,,,,,,,Na h-Eileanan an Iar,http://data.ordnancesurvey.co.uk/id/7000000000030022,http://data.ordnancesurvey.co.uk/ontology/admingeo/UnitaryAuthority,Scotland,http://data.ordnancesurvey.co.uk/id/7000000000041429,Scotland,http://data.ordnancesurvey.co.uk/id/country/scotland,,,
osgb4000000074586431,http://data.ordnancesurvey.co.uk/id/4000000074586431,Gloraig Tharasaigh,,,,landform,Island,96417,905840,1000,800000,96167,905591,96667,906091,HS3,http://data.ordnancesurvey.co.uk/id/postcodedistrict/HS3,,,,,,,Na h-Eileanan an Iar,http://data.ordnancesurvey.co.uk/id/7000000000030022,http://data.ordnancesurvey.co.uk/ontology/admingeo/UnitaryAuthority,Scotland,http://data.ordnancesurvey.co.uk/id/7000000000041429,Scotland,http://data.ordnancesurvey.co.uk/id/country/scotland,,,
osgb4000000074754480,http://data.ordnancesurvey.co.uk/id/4000000074754480,Geodha Dubh Liongaim,,,,landform,Other Coastal Landform,99746,919611,1000,15000,99483,919361,99983,919861,HS2,http://data.ordnancesurvey.co.uk/id/postcodedistrict/HS2,,,,,,,Na h-Eileanan an Iar,http://data.ordnancesurvey.co.uk/id/7000000000030022,http://data.ordnancesurvey.co.uk/ontology/admingeo/UnitaryAuthority,Scotland,http://data.ordnancesurvey.co.uk/id/7000000000041429,Scotland,http://data.ordnancesurvey.co.uk/id/country/scotland,,,
osgb4000000074790266,http://data.ordnancesurvey.co.uk/id/4000000074790266,Baralòb,,,,hydrography,Bay,99651,909173,2000,150000,99414,908935,99914,909435,HS3,http://data.ordnancesurvey.co.uk/id/postcodedistrict/HS3,,,,,,,Na h-Eileanan an Iar,http://data.ordnancesurvey.co.uk/id/7000000000030022,http://data.ordnancesurvey.co.uk/ontology/admingeo/UnitaryAuthority,Scotland,http://data.ordnancesurvey.co.uk/id/7000000000041429,Scotland,http://data.ordnancesurvey.co.uk/id/country/scotland,,,
osgb4000000074754728,http://data.ordnancesurvey.co.uk/id/4000000074754728,Rubh' an Tòthain,,,,landform,Coastal Headland,99659,910852,2000,750000,99409,910607,99909,911107,HS3,http://data.ordnancesurvey.co.uk/id/postcodedistrict/HS3,,,,,,,Na h-Eileanan an Iar,http://data.ordnancesurvey.co.uk/id/7000000000030022,http://data.ordnancesurvey.co.uk/ontology/admingeo/UnitaryAuthority,Scotland,http://data.ordnancesurvey.co.uk/id/7000000000041429,Scotland,http://data.ordnancesurvey.co.uk/id/country/scotland,,,
osgb4000000074792568,http://data.ordnancesurvey.co.uk/id/4000000074792568,Loch a' Gheòidh,,,,hydrography,Inland Water,96265,916008,1000,500000,96015,915761,96515,916261,HS3,http://data.ordnancesurvey.co.uk/id/postcodedistrict/HS3,,,,,,,Na h-Eileanan an Iar,http://data.ordnancesurvey.co.uk/id/7000000000030022,http://data.ordnancesurvey.co.uk/ontology/admingeo/UnitaryAuthority,Scotland,http://data.ordnancesurvey.co.uk/id/7000000000041429,Scotland,http://data.ordnancesurvey.co.uk/id/country/scotland,,,
