osgb4000000074542534,http://data.ordnancesurvey.co.uk/id/4000000074542534,Nis,gla,Ness,eng,populatedPlace,Village,152108,962242,19000,250000,150752,961712,153651,963105,HS2,http://data.ordnancesurvey.co.uk/id/postcodedistrict/HS2,,,,,,,Na h-Eileanan an Iar,http://data.ordnancesurvey.co.uk/id/7000000000030022,http://data.ordnancesurvey.co.uk/ontology/admingeo/UnitaryAuthority,Scotland,http://data.ordnancesurvey.co.uk/id/7000000000041429,Scotland,http://data.ordnancesurvey.co.uk/id/country/scotland,,"http://dbpedia.org/resource/Ness,_Lewis",
osgb4000000074576318,http://data.ordnancesurvey.co.uk/id/4000000074576318,Cros,gla,Cross,eng,populatedPlace,Village,150541,961800,6000,250000,149997,961413,150977,962318,HS2,http://data.ordnancesurvey.co.uk/id/postcodedistrict/HS2,,,,,,,Na h-Eileanan an Iar,http://data.ordnancesurvey.co.uk/id/7000000000030022,http://data.ordnancesurvey.co.uk/ontology/admingeo/UnitaryAuthority,Scotland,http://data.ordnancesurvey.co.uk/id/7000000000041429,Scotland,http://data.ordnancesurvey.co.uk/id/country/scotland,,"http://dbpedia.org/resource/Cross,_Lewis",http://sws.geonames.org/2651889
osgb4000000074576872,http://data.ordnancesurvey.co.uk/id/4000000074576872,Coig Peighinnean,,,,populatedPlace,Village,152681,964680,8000,250000,152255,964103,153511,964927,HS2,http://data.ordnancesurvey.co.uk/id/postcodedistrict/HS2,,,,,,,Na h-Eileanan an Iar,http://data.ordnancesurvey.co.uk/id/7000000000030022,http://data.ordnancesurvey.co.uk/ontology/admingeo/UnitaryAuthority,Scotland,http://data.ordnancesurvey.co.uk/id/7000000000041429,Scotland,http://data.ordnancesurvey.co.uk/id/country/scotland,,http://dbpedia.org/resource/Fivepenny,
osgb4000000074576317,http://data.ordnancesurvey.co.uk/id/4000000074576317,Sgiogarstaigh,gla,Skigersta,eng,populatedPlace,Village,154132,961662,8000,250000,153768,961254,155005,962282,HS2,http://data.ordnancesurvey.co.uk/id/postcodedistrict/HS2,,,,,,,Na h-Eileanan an Iar,http://data.ordnancesurvey.co.uk/id/7000000000030022,http://data.ordnancesurvey.co.uk/ontology/admingeo/UnitaryAuthority,Scotland,http://data.ordnancesurvey.co.uk/id/7000000000041429,Scotland,http://data.ordnancesurvey.co.uk/id/country/scotland,,,
osgb4000000074576870,http://data.ordnancesurvey.co.uk/id/4000000074576870,Suainebost,gla,Swainbost,eng,populatedPlace,Village,151219,962572,5000,250000,150927,962318,151646,962881,HS2,http://data.ordnancesurvey.co.uk/id/postcodedistrict/HS2,,,,,,,Na h-Eileanan an Iar,http://data.ordnancesurvey.co.uk/id/7000000000030022,http://data.ordnancesurvey.co.uk/ontology/admingeo/UnitaryAuthority,Scotland,http://data.ordnancesurvey.co.uk/id/7000000000041429,Scotland,http://data.ordnancesurvey.co.uk/id/country/scotland,,http://dbpedia.org/resource/Swainbost,
osgb4000000074576871,http://data.ordnancesurvey.co.uk/id/4000000074576871,Lìonal,gla,Lionel,eng,populatedPlace,Village,152354,964123,10000,250000,152093,963017,153360,964631,HS2,http://data.ordnancesurvey.co.uk/id/postcodedistrict/HS2,,,,,,,Na h-Eileanan an Iar,http://data.ordnancesurvey.co.uk/id/7000000000030022,http://data.ordnancesurvey.co.uk/ontology/admingeo/UnitaryAuthority,Scotland,http://data.ordnancesurvey.co.uk/id/7000000000041429,Scotland,http://data.ordnancesurvey.co.uk/id/country/scotland,,"http://dbpedia.org/resource/Lionel,_Lewis",http://sws.geonames.org/2644423
osgb4000000074542606,http://data.ordnancesurvey.co.uk/id/4000000074542606,Dail bho Dheas,gla,South Dell,eng,populatedPlace,Village,148703,961342,7000,250000,148177,960850,149207,961640,HS2,http://data.ordnancesurvey.co.uk/id/postcodedistrict/HS2,,,,,,,Na h-Eileanan an Iar,http://data.ordnancesurvey.co.uk/id/7000000000030022,http://data.ordnancesurvey.co.uk/ontology/admingeo/UnitaryAuthority,Scotland,http://data.ordnancesurvey.co.uk/id/7000000000041429,Scotland,http://data.ordnancesurvey.co.uk/id/country/scotland,,http://dbpedia.org/resource/South_Dell,
osgb4000000074577102,http://data.ordnancesurvey.co.uk/id/4000000074577102,Eòropaidh,gla,Eoropie,eng,populatedPlace,Village,151779,964982,6000,250000,151294,964711,152220,965289,HS2,http://data.ordnancesurvey.co.uk/id/postcodedistrict/HS2,,,,,,,Na h-Eileanan an Iar,http://data.ordnancesurvey.co.uk/id/7000000000030022,http://data.ordnancesurvey.co.uk/ontology/admingeo/UnitaryAuthority,Scotland,http://data.ordnancesurvey.co.uk/id/7000000000041429,Scotland,http://data.ordnancesurvey.co.uk/id/country/scotland,,http://dbpedia.org/resource/Eoropie,
osgb4000000074576319,http://data.ordnancesurvey.co.uk/id/4000000074576319,Eòradal,gla,Eorodale,eng,populatedPlace,Hamlet,153653,962419,5000,25000,153073,962328,154109,963153,HS2,http://data.ordnancesurvey.co.uk/id/postcodedistrict/HS2,,,,,,,Na h-Eileanan an Iar,http://data.ordnancesurvey.co.uk/id/7000000000030022,http://data.ordnancesurvey.co.uk/ontology/admingeo/UnitaryAuthority,Scotland,http://data.ordnancesurvey.co.uk/id/7000000000041429,Scotland,http://data.ordnancesurvey.co.uk/id/country/scotland,,http://dbpedia.org/resource/Eorodale,
osgb4000000074576869,http://data.ordnancesurvey.co.uk/id/4000000074576869,Habost,eng,Tàbost,gla,populatedPlace,Village,152040,963164,6000,250000,151530,962766,152500,963575,HS2,http://data.ordnancesurvey.co.uk/id/postcodedistrict/HS2,,,,,,,Na h-Eileanan an Iar,http://data.ordnancesurvey.co.uk/id/7000000000030022,http://data.ordnancesurvey.co.uk/ontology/admingeo/UnitaryAuthority,Scotland,http://data.ordnancesurvey.co.uk/id/7000000000041429,Scotland,http://data.ordnancesurvey.co.uk/id/country/scotland,,,
osgb4000000074542456,http://data.ordnancesurvey.co.uk/id/4000000074542456,Port of Ness,eng,Port Nis,gla,populatedPlace,Village,153553,963740,5000,250000,153306,963424,154008,964022,HS2,http://data.ordnancesurvey.co.uk/id/postcodedistrict/HS2,,,,,,,Na h-Eileanan an Iar,http://data.ordnancesurvey.co.uk/id/7000000000030022,http://data.ordnancesurvey.co.uk/ontology/admingeo/UnitaryAuthority,Scotland,http://data.ordnancesurvey.co.uk/id/7000000000041429,Scotland,http://data.ordnancesurvey.co.uk/id/country/scotland,,,
osgb4000000074542535,http://data.ordnancesurvey.co.uk/id/4000000074542535,Dail bho Thuath,gla,North Dell,eng,populatedPlace,Hamlet,149557,961689,5000,25000,149333,961082,150062,962092,HS2,http://data.ordnancesurvey.co.uk/id/postcodedistrict/HS2,,,,,,,Na h-Eileanan an Iar,http://data.ordnancesurvey.co.uk/id/7000000000030022,http://data.ordnancesurvey.co.uk/ontology/admingeo/UnitaryAuthority,Scotland,http://data.ordnancesurvey.co.uk/id/7000000000041429,Scotland,http://data.ordnancesurvey.co.uk/id/country/scotland,,http://dbpedia.org/resource/North_Dell,
osgb4000000074577105,http://data.ordnancesurvey.co.uk/id/4000000074577105,Àird Dhail,,,,populatedPlace,Hamlet,147962,961930,5000,25000,147674,961717,148202,962217,HS2,http://data.ordnancesurvey.co.uk/id/postcodedistrict/HS2,,,,,,,Na h-Eileanan an Iar,http://data.ordnancesurvey.co.uk/id/7000000000030022,http://data.ordnancesurvey.co.uk/ontology/admingeo/UnitaryAuthority,Scotland,http://data.ordnancesurvey.co.uk/id/7000000000041429,Scotland,http://data.ordnancesurvey.co.uk/id/country/scotland,,,
HS20TH,http://data.ordnancesurvey.co.uk/id/postcodeunit/HS20TH,HS2 0TH,,,,other,Postcode,152950,962329,3500,18000,,,,,,,Nis / Ness,http://data.ordnancesurvey.co.uk/id/4000000074542534,http://www.ordnancesurvey.co.uk/xml/codelists/localtype.xml#village,,,,Na h-Eileanan an Iar,http://data.ordnancesurvey.co.uk/id/7000000000030022,http://data.ordnancesurvey.co.uk/ontology/admingeo/UnitaryAuthority,Scotland,http://data.ordnancesurvey.co.uk/id/7000000000041429,Scotland,http://data.ordnancesurvey.co.uk/id/country/scotland,,,
HS20XF,http://data.ordnancesurvey.co.uk/id/postcodeunit/HS20XF,HS2 0XF,,,,other,Postcode,153075,964475,3500,18000,,,,,,,Coig Peighinnean,http://data.ordnancesurvey.co.uk/id/4000000074576872,http://www.ordnancesurvey.co.uk/xml/codelists/localtype.xml#village,,,,Na h-Eileanan an Iar,http://data.ordnancesurvey.co.uk/id/7000000000030022,http://data.ordnancesurvey.co.uk/ontology/admingeo/UnitaryAuthority,Scotland,http://data.ordnancesurvey.co.uk/id/7000000000041429,Scotland,http://data.ordnancesurvey.co.uk/id/country/scotland,,,
HS20SN,http://data.ordnancesurvey.co.uk/id/postcodeunit/HS20SN,HS2 0SN,,,,other,Postcode,150331,961863,3500,18000,,,,,,,Cros / Cross,http://data.ordnancesurvey.co.uk/id/4000000074576318,http://www.ordnancesurvey.co.uk/xml/codelists/localtype.xml#village,,,,Na h-Eileanan an Iar,http://data.ordnancesurvey.co.uk/id/7000000000030022,http://data.ordnancesurvey.co.uk/ontology/admingeo/UnitaryAuthority,Scotland,http://data.ordnancesurvey.co.uk/id/7000000000041429,Scotland,http://data.ordnancesurvey.co.uk/id/country/scotland,,,
HS20BJ,http://data.ordnancesurvey.co.uk/id/postcodeunit/HS20BJ,HS2 0BJ,,,,other,Postcode,152090,963118,3500,18000,,,,,,,Habost / Tàbost,http://data.ordnancesurvey.co.uk/id/4000000074576869,http://www.ordnancesurvey.co.uk/xml/codelists/localtype.xml#village,,,,Na h-Eileanan an Iar,http://data.ordnancesurvey.co.uk/id/7000000000030022,http://data.ordnancesurvey.co.uk/ontology/admingeo/UnitaryAuthority,Scotland,http://data.ordnancesurvey.co.uk/id/7000000000041429,Scotland,http://data.ordnancesurvey.co.uk/id/country/scotland,,,
HS20TL,http://data.ordnancesurvey.co.uk/id/postcodeunit/HS20TL,HS2 0TL,,,,other,Postcode,153042,962984,3500,18000,,,,,,,Nis / Ness,http://data.ordnancesurvey.co.uk/id/4000000074542534,http://www.ordnancesurvey.co.uk/xml/codelists/localtype.xml#village,,,,Na h-Eileanan an Iar,http://data.ordnancesurvey.co.uk/id/7000000000030022,http://data.ordnancesurvey.co.uk/ontology/admingeo/UnitaryAuthority,Scotland,http://data.ordnancesurvey.co.uk/id/7000000000041429,Scotland,http://data.ordnancesurvey.co.uk/id/country/scotland,,,
HS20SU,http://data.ordnancesurvey.co.uk/id/postcodeunit/HS20SU,HS2 0SU,,,,other,Postcode,150192,961489,3500,18000,,,,,,,Cros / Cross,http://data.ordnancesurvey.co.uk/id/4000000074576318,http://www.ordnancesurvey.co.uk/xml/codelists/localtype.xml#village,,,,Na h-Eileanan an Iar,http://data.ordnancesurvey.co.uk/id/7000000000030022,http://data.ordnancesurvey.co.uk/ontology/admingeo/UnitaryAuthority,Scotland,http://data.ordnancesurvey.co.uk/id/7000000000041429,Scotland,http://data.ordnancesurvey.co.uk/id/country/scotland,,,
HS20TW,http://data.ordnancesurvey.co.uk/id/postcodeunit/HS20TW,HS2 0TW,,,,other,Postcode,153515,962698,3500,18000,,,,,,,Eòradal / Eorodale,http://data.ordnancesurvey.co.uk/id/4000000074576319,http://www.ordnancesurvey.co.uk/xml/codelists/localtype.xml#hamlet,,,,Na h-Eileanan an Iar,http://data.ordnancesurvey.co.uk/id/7000000000030022,http://data.ordnancesurvey.co.uk/ontology/admingeo/UnitaryAuthority,Scotland,http://data.ordnancesurvey.co.uk/id/7000000000041429,Scotland,http://data.ordnancesurvey.co.uk/id/country/scotland,,,
HS20TJ,http://data.ordnancesurvey.co.uk/id/postcodeunit/HS20TJ,HS2 0TJ,,,,other,Postcode,152958,963016,3500,18000,,,,,,,Nis / Ness,http://data.ordnancesurvey.co.uk/id/4000000074542534,http://www.ordnancesurvey.co.uk/xml/codelists/localtype.xml#village,,,,Na h-Eileanan an Iar,http://data.ordnancesurvey.co.uk/id/7000000000030022,http://data.ordnancesurvey.co.uk/ontology/admingeo/UnitaryAuthority,Scotland,http://data.ordnancesurvey.co.uk/id/7000000000041429,Scotland,http://data.ordnancesurvey.co.uk/id/country/scotland,,,
HS20ST,http://data.ordnancesurvey.co.uk/id/postcodeunit/HS20ST,HS2 0ST,,,,other,Postcode,148427,961310,3500,18000,,,,,,,Dail bho Dheas / South Dell,http://data.ordnancesurvey.co.uk/id/4000000074542606,http://www.ordnancesurvey.co.uk/xml/codelists/localtype.xml#village,,,,Na h-Eileanan an Iar,http://data.ordnancesurvey.co.uk/id/7000000000030022,http://data.ordnancesurvey.co.uk/ontology/admingeo/UnitaryAuthority,Scotland,http://data.ordnancesurvey.co.uk/id/7000000000041429,Scotland,http://data.ordnancesurvey.co.uk/id/country/scotland,,,
HS20XA,http://data.ordnancesurvey.co.uk/id/postcodeunit/HS20XA,HS2 0XA,,,,other,Postcode,153562,963780,3500,18000,,,,,,,Port of Ness / Port Nis,http://data.ordnancesurvey.co.uk/id/4000000074542456,http://www.ordnancesurvey.co.uk/xml/codelists/localtype.xml#village,,,,Na h-Eileanan an Iar,http://data.ordnancesurvey.co.uk/id/7000000000030022,http://data.ordnancesurvey.co.uk/ontology/admingeo/UnitaryAuthority,Scotland,http://data.ordnancesurvey.co.uk/id/7000000000041429,Scotland,http://data.ordnancesurvey.co.uk/id/country/scotland,,,
HS20SP,http://data.ordnancesurvey.co.uk/id/postcodeunit/HS20SP,HS2 0SP,,,,other,Postcode,148607,961397,3500,18000,,,,,,,Dail bho Dheas / South Dell,http://data.ordnancesurvey.co.uk/id/4000000074542606,http://www.ordnancesurvey.co.uk/xml/codelists/localtype.xml#village,,,,Na h-Eileanan an Iar,http://data.ordnancesurvey.co.uk/id/7000000000030022,http://data.ordnancesurvey.co.uk/ontology/admingeo/UnitaryAuthority,Scotland,http://data.ordnancesurvey.co.uk/id/7000000000041429,Scotland,http://data.ordnancesurvey.co.uk/id/country/scotland,,,
HS20TQ,http://data.ordnancesurvey.co.uk/id/postcodeunit/HS20TQ,HS2 0TQ,,,,other,Postcode,152215,962312,3500,18000,,,,,,,Nis / Ness,http://data.ordnancesurvey.co.uk/id/4000000074542534,http://www.ordnancesurvey.co.uk/xml/codelists/localtype.xml#village,,,,Na h-Eileanan an Iar,http://data.ordnancesurvey.co.uk/id/7000000000030022,http://data.ordnancesurvey.co.uk/ontology/admingeo/UnitaryAuthority,Scotland,http://data.ordnancesurvey.co.uk/id/7000000000041429,Scotland,http://data.ordnancesurvey.co.uk/id/country/scotland,,,
HS20TD,http://data.ordnancesurvey.co.uk/id/postcodeunit/HS20TD,HS2 0TD,,,,other,Postcode,151076,961964,3500,18000,,,,,,,Nis / Ness,http://data.ordnancesurvey.co.uk/id/4000000074542534,http://www.ordnancesurvey.co.uk/xml/codelists/localtype.xml#village,,,,Na h-Eileanan an Iar,http://data.ordnancesurvey.co.uk/id/7000000000030022,http://data.ordnancesurvey.co.uk/ontology/admingeo/UnitaryAuthority,Scotland,http://data.ordnancesurvey.co.uk/id/7000000000041429,Scotland,http://data.ordnancesurvey.co.uk/id/country/scotland,,,
HS20TG,http://data.ordnancesurvey.co.uk/id/postcodeunit/HS20TG,HS2 0TG,,,,other,Postcode,152037,963046,3500,18000,,,,,,,Habost / Tàbost,http://data.ordnancesurvey.co.uk/id/4000000074576869,http://www.ordnancesurvey.co.uk/xml/codelists/localtype.xml#village,,,,Na h-Eileanan an Iar,http://data.ordnancesurvey.co.uk/id/7000000000030022,http://data.ordnancesurvey.co.uk/ontology/admingeo/UnitaryAuthority,Scotland,http://data.ordnancesurvey.co.uk/id/7000000000041429,Scotland,http://data.ordnancesurvey.co.uk/id/country/scotland,,,
HS20XJ,http://data.ordnancesurvey.co.uk/id/postcodeunit/HS20XJ,HS2 0XJ,,,,other,Postcode,153175,963134,3500,18000,,,,,,,Eòradal / Eorodale,http://data.ordnancesurvey.co.uk/id/4000000074576319,http://www.ordnancesurvey.co.uk/xml/codelists/localtype.xml#hamlet,,,,Na h-Eileanan an Iar,http://data.ordnancesurvey.co.uk/id/7000000000030022,http://data.ordnancesurvey.co.uk/ontology/admingeo/UnitaryAuthority,Scotland,http://data.ordnancesurvey.co.uk/id/7000000000041429,Scotland,http://data.ordnancesurvey.co.uk/id/country/scotland,,,
HS20TS,http://data.ordnancesurvey.co.uk/id/postcodeunit/HS20TS,HS2 0TS,,,,other,Postcode,154167,961573,3500,18000,,,,,,,Sgiogarstaigh / Skigersta,http://data.ordnancesurvey.co.uk/id/4000000074576317,http://www.ordnancesurvey.co.uk/xml/codelists/localtype.xml#village,,,,Na h-Eileanan an Iar,http://data.ordnancesurvey.co.uk/id/7000000000030022,http://data.ordnancesurvey.co.uk/ontology/admingeo/UnitaryAuthority,Scotland,http://data.ordnancesurvey.co.uk/id/7000000000041429,Scotland,http://data.ordnancesurvey.co.uk/id/country/scotland,,,
HS20TB,http://data.ordnancesurvey.co.uk/id/postcodeunit/HS20TB,HS2 0TB,,,,other,Postcode,151379,962115,3500,18000,,,,,,,Nis / Ness,http://data.ordnancesurvey.co.uk/id/4000000074542534,http://www.ordnancesurvey.co.uk/xml/codelists/localtype.xml#village,,,,Na h-Eileanan an Iar,http://data.ordnancesurvey.co.uk/id/7000000000030022,http://data.ordnancesurvey.co.uk/ontology/admingeo/UnitaryAuthority,Scotland,http://data.ordnancesurvey.co.uk/id/7000000000041429,Scotland,http://data.ordnancesurvey.co.uk/id/country/scotland,,,
HS20XB,http://data.ordnancesurvey.co.uk/id/postcodeunit/HS20XB,HS2 0XB,,,,other,Postcode,152783,963434,3500,18000,,,,,,,Lìonal / Lionel,http://data.ordnancesurvey.co.uk/id/4000000074576871,http://www.ordnancesurvey.co.uk/xml/codelists/localtype.xml#village,,,,Na h-Eileanan an Iar,http://data.ordnancesurvey.co.uk/id/7000000000030022,http://data.ordnancesurvey.co.uk/ontology/admingeo/UnitaryAuthority,Scotland,http://data.ordnancesurvey.co.uk/id/7000000000041429,Scotland,http://data.ordnancesurvey.co.uk/id/country/scotland,,,
HS20SZ,http://data.ordnancesurvey.co.uk/id/postcodeunit/HS20SZ,HS2 0SZ,,,,other,Postcode,150695,962146,3500,18000,,,,,,,Cros / Cross,http://data.ordnancesurvey.co.uk/id/4000000074576318,http://www.ordnancesurvey.co.uk/xml/codelists/localtype.xml#village,,,,Na h-Eileanan an Iar,http://data.ordnancesurvey.co.uk/id/7000000000030022,http://data.ordnancesurvey.co.uk/ontology/admingeo/UnitaryAuthority,Scotland,http://data.ordnancesurvey.co.uk/id/7000000000041429,Scotland,http://data.ordnancesurvey.co.uk/id/country/scotland,,,
HS20SY,http://data.ordnancesurvey.co.uk/id/postcodeunit/HS20SY,HS2 0SY,,,,other,Postcode,150511,961919,3500,18000,,,,,,,Cros / Cross,http://data.ordnancesurvey.co.uk/id/4000000074576318,http://www.ordnancesurvey.co.uk/xml/codelists/localtype.xml#village,,,,Na h-Eileanan an Iar,http://data.ordnancesurvey.co.uk/id/7000000000030022,http://data.ordnancesurvey.co.uk/ontology/admingeo/UnitaryAuthority,Scotland,http://data.ordnancesurvey.co.uk/id/7000000000041429,Scotland,http://data.ordnancesurvey.co.uk/id/country/scotland,,,
HS20TR,http://data.ordnancesurvey.co.uk/id/postcodeunit/HS20TR,HS2 0TR,,,,other,Postcode,153603,962634,3500,18000,,,,,,,Eòradal / Eorodale,http://data.ordnancesurvey.co.uk/id/4000000074576319,http://www.ordnancesurvey.co.uk/xml/codelists/localtype.xml#hamlet,,,,Na h-Eileanan an Iar,http://data.ordnancesurvey.co.uk/id/7000000000030022,http://data.ordnancesurvey.co.uk/ontology/admingeo/UnitaryAuthority,Scotland,http://data.ordnancesurvey.co.uk/id/7000000000041429,Scotland,http://data.ordnancesurvey.co.uk/id/country/scotland,,,
HS20SW,http://data.ordnancesurvey.co.uk/id/postcodeunit/HS20SW,HS2 0SW,,,,other,Postcode,149799,961452,3500,18000,,,,,,,Dail bho Thuath / North Dell,http://data.ordnancesurvey.co.uk/id/4000000074542535,http://www.ordnancesurvey.co.uk/xml/codelists/localtype.xml#hamlet,,,,Na h-Eileanan an Iar,http://data.ordnancesurvey.co.uk/id/7000000000030022,http://data.ordnancesurvey.co.uk/ontology/admingeo/UnitaryAuthority,Scotland,http://data.ordnancesurvey.co.uk/id/7000000000041429,Scotland,http://data.ordnancesurvey.co.uk/id/country/scotland,,,
HS20TX,http://data.ordnancesurvey.co.uk/id/postcodeunit/HS20TX,HS2 0TX,,,,other,Postcode,154716,961871,3500,18000,,,,,,,Sgiogarstaigh / Skigersta,http://data.ordnancesurvey.co.uk/id/4000000074576317,http://www.ordnancesurvey.co.uk/xml/codelists/localtype.xml#village,,,,Na h-Eileanan an Iar,http://data.ordnancesurvey.co.uk/id/7000000000030022,http://data.ordnancesurvey.co.uk/ontology/admingeo/UnitaryAuthority,Scotland,http://data.ordnancesurvey.co.uk/id/7000000000041429,Scotland,http://data.ordnancesurvey.co.uk/id/country/scotland,,,
HS20XH,http://data.ordnancesurvey.co.uk/id/postcodeunit/HS20XH,HS2 0XH,,,,other,Postcode,151696,965020,3500,18000,,,,,,,Eòropaidh / Eoropie,http://data.ordnancesurvey.co.uk/id/4000000074577102,http://www.ordnancesurvey.co.uk/xml/codelists/localtype.xml#village,,,,Na h-Eileanan an Iar,http://data.ordnancesurvey.co.uk/id/7000000000030022,http://data.ordnancesurvey.co.uk/ontology/admingeo/UnitaryAuthority,Scotland,http://data.ordnancesurvey.co.uk/id/7000000000041429,Scotland,http://data.ordnancesurvey.co.uk/id/country/scotland,,,
HS20SR,http://data.ordnancesurvey.co.uk/id/postcodeunit/HS20SR,HS2 0SR,,,,other,Postcode,147742,961961,3500,18000,,,,,,,Àird Dhail,http://data.ordnancesurvey.co.uk/id/4000000074577105,http://www.ordnancesurvey.co.uk/xml/codelists/localtype.xml#hamlet,,,,Na h-Eileanan an Iar,http://data.ordnancesurvey.co.uk/id/7000000000030022,http://data.ordnancesurvey.co.uk/ontology/admingeo/UnitaryAuthority,Scotland,http://data.ordnancesurvey.co.uk/id/7000000000041429,Scotland,http://data.ordnancesurvey.co.uk/id/country/scotland,,,
HS20TA,http://data.ordnancesurvey.co.uk/id/postcodeunit/HS20TA,HS2 0TA,,,,other,Postcode,151263,962635,3500,18000,,,,,,,Suainebost / Swainbost,http://data.ordnancesurvey.co.uk/id/4000000074576870,http://www.ordnancesurvey.co.uk/xml/codelists/localtype.xml#village,,,,Na h-Eileanan an Iar,http://data.ordnancesurvey.co.uk/id/7000000000030022,http://data.ordnancesurvey.co.uk/ontology/admingeo/UnitaryAuthority,Scotland,http://data.ordnancesurvey.co.uk/id/7000000000041429,Scotland,http://data.ordnancesurvey.co.uk/id/country/scotland,,,
HS20XG,http://data.ordnancesurvey.co.uk/id/postcodeunit/HS20XG,HS2 0XG,,,,other,Postcode,152369,964796,3500,18000,,,,,,,Coig Peighinnean,http://data.ordnancesurvey.co.uk/id/4000000074576872,http://www.ordnancesurvey.co.uk/xml/codelists/localtype.xml#village,,,,Na h-Eileanan an Iar,http://data.ordnancesurvey.co.uk/id/7000000000030022,http://data.ordnancesurvey.co.uk/ontology/admingeo/UnitaryAuthority,Scotland,http://data.ordnancesurvey.co.uk/id/7000000000041429,Scotland,http://data.ordnancesurvey.co.uk/id/country/scotland,,,
osgb4000000003307856,http://data.ordnancesurvey.co.uk/id/4000000003307856,B8013,,,,transportNetwork,Numbered Road,152328,964194,11000,250000,151647,963379,152707,965060,HS2,http://data.ordnancesurvey.co.uk/id/postcodedistrict/HS2,Lìonal / Lionel,http://data.ordnancesurvey.co.uk/id/4000000074576871,http://www.ordnancesurvey.co.uk/xml/codelists/localtype.xml#village,,,,Na h-Eileanan an Iar,http://data.ordnancesurvey.co.uk/id/7000000000030022,http://data.ordnancesurvey.co.uk/ontology/admingeo/UnitaryAuthority,Scotland,http://data.ordnancesurvey.co.uk/id/7000000000041429,Scotland,http://data.ordnancesurvey.co.uk/id/country/scotland,,,
osgb4000000003311224,http://data.ordnancesurvey.co.uk/id/4000000003311224,Am Bail' Ard,,,,transportNetwork,Named Road,154230,961478,2000,20000,154132,961286,154307,961662,HS2,http://data.ordnancesurvey.co.uk/id/postcodedistrict/HS2,Sgiogarstaigh / Skigersta,http://data.ordnancesurvey.co.uk/id/4000000074576317,http://www.ordnancesurvey.co.uk/xml/codelists/localtype.xml#village,,,,Na h-Eileanan an Iar,http://data.ordnancesurvey.co.uk/id/7000000000030022,http://data.ordnancesurvey.co.uk/ontology/admingeo/UnitaryAuthority,Scotland,http://data.ordnancesurvey.co.uk/id/7000000000041429,Scotland,http://data.ordnancesurvey.co.uk/id/country/scotland,,,
2d6f4193-a97e-4cf9-a060-f5846bd22edd,http://data.ordnancesurvey.co.uk/id/2d6f4193-a97e-4cf9-a060-f5846bd22edd,Rathad Chros-Sgiogarstaigh,,,,transportNetwork,Section Of Named Road,150533,961801,2000,25000,150339,961778,150675,961832,HS2,http://data.ordnancesurvey.co.uk/id/postcodedistrict/HS2,Cros / Cross,http://data.ordnancesurvey.co.uk/id/4000000074576318,http://www.ordnancesurvey.co.uk/xml/codelists/localtype.xml#village,,,,Na h-Eileanan an Iar,http://data.ordnancesurvey.co.uk/id/7000000000030022,http://data.ordnancesurvey.co.uk/ontology/admingeo/UnitaryAuthority,Scotland,http://data.ordnancesurvey.co.uk/id/7000000000041429,Scotland,http://data.ordnancesurvey.co.uk/id/country/scotland,osgb4000000003311222,,
osgb4000000003308843,http://data.ordnancesurvey.co.uk/id/4000000003308843,B8014,,,,transportNetwork,Numbered Road,152632,964690,12000,250000,151661,963722,153483,965060,HS2,http://data.ordnancesurvey.co.uk/id/postcodedistrict/HS2,Coig Peighinnean,http://data.ordnancesurvey.co.uk/id/4000000074576872,http://www.ordnancesurvey.co.uk/xml/codelists/localtype.xml#village,,,,Na h-Eileanan an Iar,http://data.ordnancesurvey.co.uk/id/7000000000030022,http://data.ordnancesurvey.co.uk/ontology/admingeo/UnitaryAuthority,Scotland,http://data.ordnancesurvey.co.uk/id/7000000000041429,Scotland,http://data.ordnancesurvey.co.uk/id/country/scotland,,,
osgb4000000003311223,http://data.ordnancesurvey.co.uk/id/4000000003311223,Slighe Naomh Ronain,,,,transportNetwork,Named Road,152478,963872,6000,20000,152275,963379,152707,964347,HS2,http://data.ordnancesurvey.co.uk/id/postcodedistrict/HS2,Lìonal / Lionel,http://data.ordnancesurvey.co.uk/id/4000000074576871,http://www.ordnancesurvey.co.uk/xml/codelists/localtype.xml#village,,,,Na h-Eileanan an Iar,http://data.ordnancesurvey.co.uk/id/7000000000030022,http://data.ordnancesurvey.co.uk/ontology/admingeo/UnitaryAuthority,Scotland,http://data.ordnancesurvey.co.uk/id/7000000000041429,Scotland,http://data.ordnancesurvey.co.uk/id/country/scotland,,,
osgb4000000003307857,http://data.ordnancesurvey.co.uk/id/4000000003307857,B8015,,,,transportNetwork,Numbered Road,153680,962354,14000,250000,152981,961415,154715,963494,HS2,http://data.ordnancesurvey.co.uk/id/postcodedistrict/HS2,,,,,,,Na h-Eileanan an Iar,http://data.ordnancesurvey.co.uk/id/7000000000030022,http://data.ordnancesurvey.co.uk/ontology/admingeo/UnitaryAuthority,Scotland,http://data.ordnancesurvey.co.uk/id/7000000000041429,Scotland,http://data.ordnancesurvey.co.uk/id/country/scotland,,,
osgb4000000003311225,http://data.ordnancesurvey.co.uk/id/4000000003311225,New Street,,,,transportNetwork,Named Road,150126,961548,1000,20000,150068,961495,150168,961614,HS2,http://data.ordnancesurvey.co.uk/id/postcodedistrict/HS2,Cros / Cross,http://data.ordnancesurvey.co.uk/id/4000000074576318,http://www.ordnancesurvey.co.uk/xml/codelists/localtype.xml#village,,,,Na h-Eileanan an Iar,http://data.ordnancesurvey.co.uk/id/7000000000030022,http://data.ordnancesurvey.co.uk/ontology/admingeo/UnitaryAuthority,Scotland,http://data.ordnancesurvey.co.uk/id/7000000000041429,Scotland,http://data.ordnancesurvey.co.uk/id/country/scotland,,,
220a7d20-ff7b-4263-933f-eaceafc0d157,http://data.ordnancesurvey.co.uk/id/220a7d20-ff7b-4263-933f-eaceafc0d157,Rathad Chros-Sgiogarstaigh,,,,transportNetwork,Section Of Named Road,153639,962407,1000,25000,153621,962389,153653,962419,HS2,http://data.ordnancesurvey.co.uk/id/postcodedistrict/HS2,Eòradal / Eorodale,http://data.ordnancesurvey.co.uk/id/4000000074576319,http://www.ordnancesurvey.co.uk/xml/codelists/localtype.xml#hamlet,,,,Na h-Eileanan an Iar,http://data.ordnancesurvey.co.uk/id/7000000000030022,http://data.ordnancesurvey.co.uk/ontology/admingeo/UnitaryAuthority,Scotland,http://data.ordnancesurvey.co.uk/id/7000000000041429,Scotland,http://data.ordnancesurvey.co.uk/id/country/scotland,osgb4000000003311222,,
osgb4000000003307824,http://data.ordnancesurvey.co.uk/id/4000000003307824,Pairc A Ghreumaich,,,,transportNetwork,Named Road,148402,961325,1000,20000,148357,961283,148473,961334,HS2,http://data.ordnancesurvey.co.uk/id/postcodedistrict/HS2,Dail bho Dheas / South Dell,http://data.ordnancesurvey.co.uk/id/4000000074542606,http://www.ordnancesurvey.co.uk/xml/codelists/localtype.xml#village,,,,Na h-Eileanan an Iar,http://data.ordnancesurvey.co.uk/id/7000000000030022,http://data.ordnancesurvey.co.uk/ontology/admingeo/UnitaryAuthority,Scotland,http://data.ordnancesurvey.co.uk/id/7000000000041429,Scotland,http://data.ordnancesurvey.co.uk/id/country/scotland,,,
osgb4000000003311222,http://data.ordnancesurvey.co.uk/id/4000000003311222,Rathad Chros-Sgiogarstaigh,,,,transportNetwork,Named Road,151970,962173,20000,22000,150339,961769,153653,962420,HS2,http://data.ordnancesurvey.co.uk/id/postcodedistrict/HS2,Nis / Ness,http://data.ordnancesurvey.co.uk/id/4000000074542534,http://www.ordnancesurvey.co.uk/xml/codelists/localtype.xml#village,,,,Na h-Eileanan an Iar,http://data.ordnancesurvey.co.uk/id/7000000000030022,http://data.ordnancesurvey.co.uk/ontology/admingeo/UnitaryAuthority,Scotland,http://data.ordnancesurvey.co.uk/id/7000000000041429,Scotland,http://data.ordnancesurvey.co.uk/id/country/scotland,,,
osgb4000000074744202,http://data.ordnancesurvey.co.uk/id/4000000074744202,Gearraidh Mhic Dhomhnuill Dhuibh,,,,landcover,Other Landcover,146693,960785,3000,1300000,146443,960517,146943,961017,HS2,http://data.ordnancesurvey.co.uk/id/postcodedistrict/HS2,,,,,,,Na h-Eileanan an Iar,http://data.ordnancesurvey.co.uk/id/7000000000030022,http://data.ordnancesurvey.co.uk/ontology/admingeo/UnitaryAuthority,Scotland,http://data.ordnancesurvey.co.uk/id/7000000000041429,Scotland,http://data.ordnancesurvey.co.uk/id/country/scotland,,,
osgb4000000074760894,http://data.ordnancesurvey.co.uk/id/4000000074760894,Leac Chodhuscair,,,,landform,Other Coastal Landform,155281,961952,1000,50000,155031,961697,155531,962197,HS2,http://data.ordnancesurvey.co.uk/id/postcodedistrict/HS2,,,,,,,Na h-Eileanan an Iar,http://data.ordnancesurvey.co.uk/id/7000000000030022,http://data.ordnancesurvey.co.uk/ontology/admingeo/UnitaryAuthority,Scotland,http://data.ordnancesurvey.co.uk/id/7000000000041429,Scotland,http://data.ordnancesurvey.co.uk/id/country/scotland,,,
osgb4000000074761920,http://data.ordnancesurvey.co.uk/id/4000000074761920,Cladach Eoradail,,,,landform,Cliff Or Slope,154108,963032,1000,40000,153858,962827,154358,963327,HS2,http://data.ordnancesurvey.co.uk/id/postcodedistrict/HS2,,,,,,,Na h-Eileanan an Iar,http://data.ordnancesurvey.co.uk/id/7000000000030022,http://data.ordnancesurvey.co.uk/ontology/admingeo/UnitaryAuthority,Scotland,http://data.ordnancesurvey.co.uk/id/7000000000041429,Scotland,http://data.ordnancesurvey.co.uk/id/country/scotland,,,
osgb4000000074613274,http://data.ordnancesurvey.co.uk/id/4000000074613274,Oca Sgeir,,,,landform,Island,150729,966219,1000,800000,150479,965969,150979,966469,HS2,http://data.ordnancesurvey.co.uk/id/postcodedistrict/HS2,,,,,,,Na h-Eileanan an Iar,http://data.ordnancesurvey.co.uk/id/7000000000030022,http://data.ordnancesurvey.co.uk/ontology/admingeo/UnitaryAuthority,Scotland,http://data.ordnancesurvey.co.uk/id/7000000000041429,Scotland,http://data.ordnancesurvey.co.uk/id/country/scotland,,,
osgb4000000074765622,http://data.ordnancesurvey.co.uk/id/4000000074765622,Cnoc Còrr,,,,landform,Hill Or Mountain,150156,963334,1000,300000,149906,963084,150406,963584,HS2,http://data.ordnancesurvey.co.uk/id/postcodedistrict/HS2,,,,,,,Na h-Eileanan an Iar,http://data.ordnancesurvey.co.uk/id/7000000000030022,http://data.ordnancesurvey.co.uk/ontology/admingeo/UnitaryAuthority,Scotland,http://data.ordnancesurvey.co.uk/id/7000000000041429,Scotland,http://data.ordnancesurvey.co.uk/id/country/scotland,,,
osgb4000000074720135,http://data.ordnancesurvey.co.uk/id/4000000074720135,Tràigh Shuaineboist,,,,landcover,Beach,150522,963859,2000,100000,150273,963638,150773,964138,HS2,http://data.ordnancesurvey.co.uk/id/postcodedistrict/HS2,,,,,,,Na h-Eileanan an Iar,http://data.ordnancesurvey.co.uk/id/7000000000030022,http://data.ordnancesurvey.co.uk/ontology/admingeo/UnitaryAuthority,Scotland,http://data.ordnancesurvey.co.uk/id/7000000000041429,Scotland,http://data.ordnancesurvey.co.uk/id/country/scotland,,,
osgb4000000074761745,http://data.ordnancesurvey.co.uk/id/4000000074761745,Buaile na Faing,,,,landform,Coastal Headland,154060,964644,1000,750000,153810,964401,154310,964901,HS2,http://data.ordnancesurvey.co.uk/id/postcodedistrict/HS2,,,,,,,Na h-Eileanan an Iar,http://data.ordnancesurvey.co.uk/id/7000000000030022,http://data.ordnancesurvey.co.uk/ontology/admingeo/UnitaryAuthority,Scotland,http://data.ordnancesurvey.co.uk/id/7000000000041429,Scotland,http://data.ordnancesurvey.co.uk/id/country/scotland,,,
osgb4000000074720659,http://data.ordnancesurvey.co.uk/id/4000000074720659,Tràigh Dhail,,,,landcover,Beach,148824,962459,2000,100000,148574,962208,149074,962708,HS2,http://data.ordnancesurvey.co.uk/id/postcodedistrict/HS2,,,,,,,Na h-Eileanan an Iar,http://data.ordnancesurvey.co.uk/id/7000000000030022,http://data.ordnancesurvey.co.uk/ontology/admingeo/UnitaryAuthority,Scotland,http://data.ordnancesurvey.co.uk/id/7000000000041429,Scotland,http://data.ordnancesurvey.co.uk/id/country/scotland,,,
osgb4000000074715294,http://data.ordnancesurvey.co.uk/id/4000000074715294,Geodh' a' Bhaird,,,,landform,Other Coastal Landform,154727,962676,1000,15000,154477,962423,154977,962923,HS2,http://data.ordnancesurvey.co.uk/id/postcodedistrict/HS2,,,,,,,Na h-Eileanan an Iar,http://data.ordnancesurvey.co.uk/id/7000000000030022,http://data.ordnancesurvey.co.uk/ontology/admingeo/UnitaryAuthority,Scotland,http://data.ordnancesurvey.co.uk/id/7000000000041429,Scotland,http://data.ordnancesurvey.co.uk/id/country/scotland,,,
osgb4000000074791157,http://data.ordnancesurvey.co.uk/id/4000000074791157,Loch Stiapabhat,,,,hydrography,Inland Water,152869,964229,2000,500000,152689,963979,153189,964479,HS2,http://data.ordnancesurvey.co.uk/id/postcodedistrict/HS2,,,,,,,Na h-Eileanan an Iar,http://data.ordnancesurvey.co.uk/id/7000000000030022,http://data.ordnancesurvey.co.uk/ontology/admingeo/UnitaryAuthority,Scotland,http://data.ordnancesurvey.co.uk/id/7000000000041429,Scotland,http://data.ordnancesurvey.co.uk/id/country/scotland,,,
osgb4000000074791201,http://data.ordnancesurvey.co.uk/id/4000000074791201,Loch Lèineabhat,,,,hydrography,Inland Water,148130,960022,2000,500000,147851,959772,148351,960272,HS2,http://data.ordnancesurvey.co.uk/id/postcodedistrict/HS2,,,,,,,Na h-Eileanan an Iar,http://data.ordnancesurvey.co.uk/id/7000000000030022,http://data.ordnancesurvey.co.uk/ontology/admingeo/UnitaryAuthority,Scotland,http://data.ordnancesurvey.co.uk/id/7000000000041429,Scotland,http://data.ordnancesurvey.co.uk/id/country/scotland,,,
osgb4000000074761921,http://data.ordnancesurvey.co.uk/id/4000000074761921,Sròn Theagaididh,,,,landform,Island,154055,964165,1000,800000,153806,963915,154306,964415,HS2,http://data.ordnancesurvey.co.uk/id/postcodedistrict/HS2,,,,,,,Na h-Eileanan an Iar,http://data.ordnancesurvey.co.uk/id/7000000000030022,http://data.ordnancesurvey.co.uk/ontology/admingeo/UnitaryAuthority,Scotland,http://data.ordnancesurvey.co.uk/id/7000000000041429,Scotland,http://data.ordnancesurvey.co.uk/id/country/scotland,,,
osgb4000000074613275,http://data.ordnancesurvey.co.uk/id/4000000074613275,Sgeir Idhanis,,,,landform,Island,146435,961038,1000,800000,146185,960789,146685,961289,HS2,http://data.ordnancesurvey.co.uk/id/postcodedistrict/HS2,,,,,,,Na h-Eileanan an Iar,http://data.ordnancesurvey.co.uk/id/7000000000030022,http://data.ordnancesurvey.co.uk/ontology/admingeo/UnitaryAuthority,Scotland,http://data.ordnancesurvey.co.uk/id/7000000000041429,Scotland,http://data.ordnancesurvey.co.uk/id/country/scotland,,,
osgb4000000074791156,http://data.ordnancesurvey.co.uk/id/4000000074791156,Loch na Muilne,,,,hydrography,Inland Water,151459,961871,1000,500000,151192,961621,151692,962121,HS2,http://data.ordnancesurvey.co.uk/id/postcodedistrict/HS2,,,,,,,Na h-Eileanan an Iar,http://data.ordnancesurvey.co.uk/id/7000000000030022,http://data.ordnancesurvey.co.uk/ontology/admingeo/UnitaryAuthority,Scotland,http://data.ordnancesurvey.co.uk/id/7000000000041429,Scotland,http://data.ordnancesurvey.co.uk/id/country/scotland,,,
osgb4000000074791160,http://data.ordnancesurvey.co.uk/id/4000000074791160,Loch Dubh,,,,hydrography,Inland Water,150397,960317,1000,500000,150147,960067,150647,960567,HS2,http://data.ordnancesurvey.co.uk/id/postcodedistrict/HS2,,,,,,,Na h-Eileanan an Iar,http://data.ordnancesurvey.co.uk/id/7000000000030022,http://data.ordnancesurvey.co.uk/ontology/admingeo/UnitaryAuthority,Scotland,http://data.ordnancesurvey.co.uk/id/7000000000041429,Scotland,http://data.ordnancesurvey.co.uk/id/country/scotland,,,
osgb4000000074761018,http://data.ordnancesurvey.co.uk/id/4000000074761018,Roinn a' Roidh,,,,landform,Coastal Headland,150891,965885,4000,750000,150558,965635,151162,966135,HS2,http://data.ordnancesurvey.co.uk/id/postcodedistrict/HS2,,,,,,,Na h-Eileanan an Iar,http://data.ordnancesurvey.co.uk/id/7000000000030022,http://data.ordnancesurvey.co.uk/ontology/admingeo/UnitaryAuthority,Scotland,http://data.ordnancesurvey.co.uk/id/7000000000041429,Scotland,http://data.ordnancesurvey.co.uk/id/country/scotland,,,
osgb4000000074761373,http://data.ordnancesurvey.co.uk/id/4000000074761373,Geodha Ruadh,,,,landform,Other Coastal Landform,145012,960151,1000,15000,144762,959900,145262,960400,HS2,http://data.ordnancesurvey.co.uk/id/postcodedistrict/HS2,,,,,,,Na h-Eileanan an Iar,http://data.ordnancesurvey.co.uk/id/7000000000030022,http://data.ordnancesurvey.co.uk/ontology/admingeo/UnitaryAuthority,Scotland,http://data.ordnancesurvey.co.uk/id/7000000000041429,Scotland,http://data.ordnancesurvey.co.uk/id/country/scotland,,,
osgb4000000074765621,http://data.ordnancesurvey.co.uk/id/4000000074765621,Cnoc nan Curran,,,,landform,Hill Or Mountain,151173,963964,1000,300000,150923,963714,151423,964214,HS2,http://data.ordnancesurvey.co.uk/id/postcodedistrict/HS2,,,,,,,Na h-Eileanan an Iar,http://data.ordnancesurvey.co.uk/id/7000000000030022,http://data.ordnancesurvey.co.uk/ontology/admingeo/UnitaryAuthority,Scotland,http://data.ordnancesurvey.co.uk/id/7000000000041429,Scotland,http://data.ordnancesurvey.co.uk/id/country/scotland,,,
osgb4000000074761538,http://data.ordnancesurvey.co.uk/id/4000000074761538,Carragh Liath,,,,landform,Other Coastal Landform,148122,962607,1000,50000,147873,962362,148373,962862,HS2,http://data.ordnancesurvey.co.uk/id/postcodedistrict/HS2,,,,,,,Na h-Eileanan an Iar,http://data.ordnancesurvey.co.uk/id/7000000000030022,http://data.ordnancesurvey.co.uk/ontology/admingeo/UnitaryAuthority,Scotland,http://data.ordnancesurvey.co.uk/id/7000000000041429,Scotland,http://data.ordnancesurvey.co.uk/id/country/scotland,,,
osgb4000000074791198,http://data.ordnancesurvey.co.uk/id/4000000074791198,Loch Drollabhat,,,,hydrography,Inland Water,147359,960898,2000,500000,147174,960649,147674,961149,HS2,http://data.ordnancesurvey.co.uk/id/postcodedistrict/HS2,,,,,,,Na h-Eileanan an Iar,http://data.ordnancesurvey.co.uk/id/7000000000030022,http://data.ordnancesurvey.co.uk/ontology/admingeo/UnitaryAuthority,Scotland,http://data.ordnancesurvey.co.uk/id/7000000000041429,Scotland,http://data.ordnancesurvey.co.uk/id/country/scotland,,,
osgb4000000074760691,http://data.ordnancesurvey.co.uk/id/4000000074760691,Cladach Chuidhsiadair,,,,landcover,Wetland,155803,961114,1000,200000,155560,960864,156060,961364,HS2,http://data.ordnancesurvey.co.uk/id/postcodedistrict/HS2,,,,,,,Na h-Eileanan an Iar,http://data.ordnancesurvey.co.uk/id/7000000000030022,http://data.ordnancesurvey.co.uk/ontology/admingeo/UnitaryAuthority,Scotland,http://data.ordnancesurvey.co.uk/id/7000000000041429,Scotland,http://data.ordnancesurvey.co.uk/id/country/scotland,,,
osgb4000000074761271,http://data.ordnancesurvey.co.uk/id/4000000074761271,Dunasbroc,,,,landform,Other Coastal Landform,147188,962146,1000,20000,146938,961897,147438,962397,HS2,http://data.ordnancesurvey.co.uk/id/postcodedistrict/HS2,,,,,,,Na h-Eileanan an Iar,http://data.ordnancesurvey.co.uk/id/7000000000030022,http://data.ordnancesurvey.co.uk/ontology/admingeo/UnitaryAuthority,Scotland,http://data.ordnancesurvey.co.uk/id/7000000000041429,Scotland,http://data.ordnancesurvey.co.uk/id/country/scotland,,,
osgb4000000074760494,http://data.ordnancesurvey.co.uk/id/4000000074760494,Isgeir,,,,landform,Other Coastal Landform,152622,966112,1000,50000,152372,965840,152872,966340,HS2,http://data.ordnancesurvey.co.uk/id/postcodedistrict/HS2,,,,,,,Na h-Eileanan an Iar,http://data.ordnancesurvey.co.uk/id/7000000000030022,http://data.ordnancesurvey.co.uk/ontology/admingeo/UnitaryAuthority,Scotland,http://data.ordnancesurvey.co.uk/id/7000000000041429,Scotland,http://data.ordnancesurvey.co.uk/id/country/scotland,,,
osgb4000000074761900,http://data.ordnancesurvey.co.uk/id/4000000074761900,Sròn Lidharoil,,,,landform,Other Coastal Landform,151012,965253,1000,20000,150763,965003,151263,965503,HS2,http://data.ordnancesurvey.co.uk/id/postcodedistrict/HS2,,,,,,,Na h-Eileanan an Iar,http://data.ordnancesurvey.co.uk/id/7000000000030022,http://data.ordnancesurvey.co.uk/ontology/admingeo/UnitaryAuthority,Scotland,http://data.ordnancesurvey.co.uk/id/7000000000041429,Scotland,http://data.ordnancesurvey.co.uk/id/country/scotland,,,
osgb4000000074761536,http://data.ordnancesurvey.co.uk/id/4000000074761536,A' Bheirghe,,,,landform,Coastal Headland,154162,964046,2000,750000,153899,963796,154399,964296,HS2,http://data.ordnancesurvey.co.uk/id/postcodedistrict/HS2,,,,,,,Na h-Eileanan an Iar,http://data.ordnancesurvey.co.uk/id/7000000000030022,http://data.ordnancesurvey.co.uk/ontology/admingeo/UnitaryAuthority,Scotland,http://data.ordnancesurvey.co.uk/id/7000000000041429,Scotland,http://data.ordnancesurvey.co.uk/id/country/scotland,,,
osgb4000000074760693,http://data.ordnancesurvey.co.uk/id/4000000074760693,Geodha Garbh,,,,landform,Other Coastal Landform,155554,961555,1000,15000,155304,961313,155804,961813,HS2,http://data.ordnancesurvey.co.uk/id/postcodedistrict/HS2,,,,,,,Na h-Eileanan an Iar,http://data.ordnancesurvey.co.uk/id/7000000000030022,http://data.ordnancesurvey.co.uk/ontology/admingeo/UnitaryAuthority,Scotland,http://data.ordnancesurvey.co.uk/id/7000000000041429,Scotland,http://data.ordnancesurvey.co.uk/id/country/scotland,,,
osgb4000000074589304,http://data.ordnancesurvey.co.uk/id/4000000074589304,Eileanan Cladach na Luinge,,,,landform,Island,146650,961274,1000,800000,146400,961022,146900,961522,HS2,http://data.ordnancesurvey.co.uk/id/postcodedistrict/HS2,,,,,,,Na h-Eileanan an Iar,http://data.ordnancesurvey.co.uk/id/7000000000030022,http://data.ordnancesurvey.co.uk/ontology/admingeo/UnitaryAuthority,Scotland,http://data.ordnancesurvey.co.uk/id/7000000000041429,Scotland,http://data.ordnancesurvey.co.uk/id/country/scotland,,,
osgb4000000074720270,http://data.ordnancesurvey.co.uk/id/4000000074720270,Tràigh Shanndaigh,,,,landcover,Beach,151148,964599,3000,100000,150898,964344,151398,964844,HS2,http://data.ordnancesurvey.co.uk/id/postcodedistrict/HS2,,,,,,,Na h-Eileanan an Iar,http://data.ordnancesurvey.co.uk/id/7000000000030022,http://data.ordnancesurvey.co.uk/ontology/admingeo/UnitaryAuthority,Scotland,http://data.ordnancesurvey.co.uk/id/7000000000041429,Scotland,http://data.ordnancesurvey.co.uk/id/country/scotland,,,
osgb4000000074725689,http://data.ordnancesurvey.co.uk/id/4000000074725689,Gleann Chrois,,,,landform,Valley,151148,960745,24000,800000,149685,958911,152967,962580,HS2,http://data.ordnancesurvey.co.uk/id/postcodedistrict/HS2,,,,,,,Na h-Eileanan an Iar,http://data.ordnancesurvey.co.uk/id/7000000000030022,http://data.ordnancesurvey.co.uk/ontology/admingeo/UnitaryAuthority,Scotland,http://data.ordnancesurvey.co.uk/id/7000000000041429,Scotland,http://data.ordnancesurvey.co.uk/id/country/scotland,,,
osgb4000000074761371,http://data.ordnancesurvey.co.uk/id/4000000074761371,Righir,,,,landform,Other Coastal Landform,154030,963273,1000,50000,153780,963021,154280,963521,HS2,http://data.ordnancesurvey.co.uk/id/postcodedistrict/HS2,,,,,,,Na h-Eileanan an Iar,http://data.ordnancesurvey.co.uk/id/7000000000030022,http://data.ordnancesurvey.co.uk/ontology/admingeo/UnitaryAuthority,Scotland,http://data.ordnancesurvey.co.uk/id/7000000000041429,Scotland,http://data.ordnancesurvey.co.uk/id/country/scotland,,,
osgb4000000074758787,http://data.ordnancesurvey.co.uk/id/4000000074758787,Millthais,,,,landform,Cliff Or Slope,154252,962891,1000,40000,154006,962641,154506,963141,HS2,http://data.ordnancesurvey.co.uk/id/postcodedistrict/HS2,,,,,,,Na h-Eileanan an Iar,http://data.ordnancesurvey.co.uk/id/7000000000030022,http://data.ordnancesurvey.co.uk/ontology/admingeo/UnitaryAuthority,Scotland,http://data.ordnancesurvey.co.uk/id/7000000000041429,Scotland,http://data.ordnancesurvey.co.uk/id/country/scotland,,,
osgb4000000074613677,http://data.ordnancesurvey.co.uk/id/4000000074613677,Sgeir Coillt,,,,landform,Island,148336,962575,1000,800000,148087,962323,148587,962823,HS2,http://data.ordnancesurvey.co.uk/id/postcodedistrict/HS2,,,,,,,Na h-Eileanan an Iar,http://data.ordnancesurvey.co.uk/id/7000000000030022,http://data.ordnancesurvey.co.uk/ontology/admingeo/UnitaryAuthority,Scotland,http://data.ordnancesurvey.co.uk/id/7000000000041429,Scotland,http://data.ordnancesurvey.co.uk/id/country/scotland,,,
osgb4000000074789513,http://data.ordnancesurvey.co.uk/id/4000000074789513,Port Stoth,,,,hydrography,Tidal Water,152470,965948,1000,150000,152198,965692,152698,966192,HS2,http://data.ordnancesurvey.co.uk/id/postcodedistrict/HS2,,,,,,,Na h-Eileanan an Iar,http://data.ordnancesurvey.co.uk/id/7000000000030022,http://data.ordnancesurvey.co.uk/ontology/admingeo/UnitaryAuthority,Scotland,http://data.ordnancesurvey.co.uk/id/7000000000041429,Scotland,http://data.ordnancesurvey.co.uk/id/country/scotland,,,
osgb4000000074609298,http://data.ordnancesurvey.co.uk/id/4000000074609298,Bràighe Mòr,,,,landform,Island,153614,965131,1000,800000,153379,964881,153879,965381,HS2,http://data.ordnancesurvey.co.uk/id/postcodedistrict/HS2,,,,,,,Na h-Eileanan an Iar,http://data.ordnancesurvey.co.uk/id/7000000000030022,http://data.ordnancesurvey.co.uk/ontology/admingeo/UnitaryAuthority,Scotland,http://data.ordnancesurvey.co.uk/id/7000000000041429,Scotland,http://data.ordnancesurvey.co.uk/id/country/scotland,,,
osgb4000000074760695,http://data.ordnancesurvey.co.uk/id/4000000074760695,Gèilltean,,,,landform,Other Coastal Landform,156122,961081,1000,50000,155876,960831,156376,961331,HS2,http://data.ordnancesurvey.co.uk/id/postcodedistrict/HS2,,,,,,,Na h-Eileanan an Iar,http://data.ordnancesurvey.co.uk/id/7000000000030022,http://data.ordnancesurvey.co.uk/ontology/admingeo/UnitaryAuthority,Scotland,http://data.ordnancesurvey.co.uk/id/7000000000041429,Scotland,http://data.ordnancesurvey.co.uk/id/country/scotland,,,
osgb4000000074761366,http://data.ordnancesurvey.co.uk/id/4000000074761366,Am Braga,,,,landform,Other Coastal Landform,156597,961378,1000,50000,156348,961128,156848,961628,HS2,http://data.ordnancesurvey.co.uk/id/postcodedistrict/HS2,,,,,,,Na h-Eileanan an Iar,http://data.ordnancesurvey.co.uk/id/7000000000030022,http://data.ordnancesurvey.co.uk/ontology/admingeo/UnitaryAuthority,Scotland,http://data.ordnancesurvey.co.uk/id/7000000000041429,Scotland,http://data.ordnancesurvey.co.uk/id/country/scotland,,,
osgb4000000074761919,http://data.ordnancesurvey.co.uk/id/4000000074761919,Leac Dubh,,,,landform,Island,155950,960273,1000,800000,155700,960023,156200,960523,HS2,http://data.ordnancesurvey.co.uk/id/postcodedistrict/HS2,,,,,,,Na h-Eileanan an Iar,http://data.ordnancesurvey.co.uk/id/7000000000030022,http://data.ordnancesurvey.co.uk/ontology/admingeo/UnitaryAuthority,Scotland,http://data.ordnancesurvey.co.uk/id/7000000000041429,Scotland,http://data.ordnancesurvey.co.uk/id/country/scotland,,,
osgb4000000074761649,http://data.ordnancesurvey.co.uk/id/4000000074761649,Cladach na Luinge,,,,landform,Other Coastal Landform,146506,961152,2000,50000,146257,960902,146757,961402,HS2,http://data.ordnancesurvey.co.uk/id/postcodedistrict/HS2,,,,,,,Na h-Eileanan an Iar,http://data.ordnancesurvey.co.uk/id/7000000000030022,http://data.ordnancesurvey.co.uk/ontology/admingeo/UnitaryAuthority,Scotland,http://data.ordnancesurvey.co.uk/id/7000000000041429,Scotland,http://data.ordnancesurvey.co.uk/id/country/scotland,,,
osgb4000000074609302,http://data.ordnancesurvey.co.uk/id/4000000074609302,Carspag,,,,landform,Island,151298,966423,1000,800000,151048,966173,151548,966673,HS2,http://data.ordnancesurvey.co.uk/id/postcodedistrict/HS2,,,,,,,Na h-Eileanan an Iar,http://data.ordnancesurvey.co.uk/id/7000000000030022,http://data.ordnancesurvey.co.uk/ontology/admingeo/UnitaryAuthority,Scotland,http://data.ordnancesurvey.co.uk/id/7000000000041429,Scotland,http://data.ordnancesurvey.co.uk/id/country/scotland,,,
osgb4000000074613273,http://data.ordnancesurvey.co.uk/id/4000000074613273,Gealltuig,,,,landform,Island,150574,965708,1000,800000,150324,965458,150824,965958,HS2,http://data.ordnancesurvey.co.uk/id/postcodedistrict/HS2,,,,,,,Na h-Eileanan an Iar,http://data.ordnancesurvey.co.uk/id/7000000000030022,http://data.ordnancesurvey.co.uk/ontology/admingeo/UnitaryAuthority,Scotland,http://data.ordnancesurvey.co.uk/id/7000000000041429,Scotland,http://data.ordnancesurvey.co.uk/id/country/scotland,,,
osgb4000000074760694,http://data.ordnancesurvey.co.uk/id/4000000074760694,Geodha Brat,,,,landform,Other Coastal Landform,155464,961714,1000,15000,155217,961464,155717,961964,HS2,http://data.ordnancesurvey.co.uk/id/postcodedistrict/HS2,,,,,,,Na h-Eileanan an Iar,http://data.ordnancesurvey.co.uk/id/7000000000030022,http://data.ordnancesurvey.co.uk/ontology/admingeo/UnitaryAuthority,Scotland,http://data.ordnancesurvey.co.uk/id/7000000000041429,Scotland,http://data.ordnancesurvey.co.uk/id/country/scotland,,,
osgb4000000074613272,http://data.ordnancesurvey.co.uk/id/4000000074613272,Lìth Sgeir,,,,landform,Island,151941,966912,1000,800000,151692,966663,152192,967163,HS2,http://data.ordnancesurvey.co.uk/id/postcodedistrict/HS2,,,,,,,Na h-Eileanan an Iar,http://data.ordnancesurvey.co.uk/id/7000000000030022,http://data.ordnancesurvey.co.uk/ontology/admingeo/UnitaryAuthority,Scotland,http://data.ordnancesurvey.co.uk/id/7000000000041429,Scotland,http://data.ordnancesurvey.co.uk/id/country/scotland,,,
osgb4000000074765942,http://data.ordnancesurvey.co.uk/id/4000000074765942,Cnoc Mòr a' Chàraidh Dhuibh,,,,landform,Hill Or Mountain,153150,960721,1000,300000,152900,960471,153400,960971,HS2,http://data.ordnancesurvey.co.uk/id/postcodedistrict/HS2,,,,,,,Na h-Eileanan an Iar,http://data.ordnancesurvey.co.uk/id/7000000000030022,http://data.ordnancesurvey.co.uk/ontology/admingeo/UnitaryAuthority,Scotland,http://data.ordnancesurvey.co.uk/id/7000000000041429,Scotland,http://data.ordnancesurvey.co.uk/id/country/scotland,,,
osgb4000000074760581,http://data.ordnancesurvey.co.uk/id/4000000074760581,Cladaichean Geala,,,,landform,Cliff Or Slope,155589,960037,6000,40000,155300,959581,156176,960492,HS2,http://data.ordnancesurvey.co.uk/id/postcodedistrict/HS2,,,,,,,Na h-Eileanan an Iar,http://data.ordnancesurvey.co.uk/id/7000000000030022,http://data.ordnancesurvey.co.uk/ontology/admingeo/UnitaryAuthority,Scotland,http://data.ordnancesurvey.co.uk/id/7000000000041429,Scotland,http://data.ordnancesurvey.co.uk/id/country/scotland,,,
osgb4000000074761537,http://data.ordnancesurvey.co.uk/id/4000000074761537,Cadha Geodha,,,,landform,Other Coastal Landform,154021,964009,1000,15000,153757,963759,154257,964259,HS2,http://data.ordnancesurvey.co.uk/id/postcodedistrict/HS2,,,,,,,Na h-Eileanan an Iar,http://data.ordnancesurvey.co.uk/id/7000000000030022,http://data.ordnancesurvey.co.uk/ontology/admingeo/UnitaryAuthority,Scotland,http://data.ordnancesurvey.co.uk/id/7000000000041429,Scotland,http://data.ordnancesurvey.co.uk/id/country/scotland,,,
osgb4000000074593572,http://data.ordnancesurvey.co.uk/id/4000000074593572,Toll a'Roidh,,,,landform,Other Coastal Landform,150581,965803,1000,20000,150331,965554,150831,966054,HS2,http://data.ordnancesurvey.co.uk/id/postcodedistrict/HS2,,,,,,,Na h-Eileanan an Iar,http://data.ordnancesurvey.co.uk/id/7000000000030022,http://data.ordnancesurvey.co.uk/ontology/admingeo/UnitaryAuthority,Scotland,http://data.ordnancesurvey.co.uk/id/7000000000041429,Scotland,http://data.ordnancesurvey.co.uk/id/country/scotland,,,
osgb4000000074789410,http://data.ordnancesurvey.co.uk/id/4000000074789410,Port Alasdair,,,,hydrography,Tidal Water,155729,960099,1000,150000,155459,959850,155959,960350,HS2,http://data.ordnancesurvey.co.uk/id/postcodedistrict/HS2,,,,,,,Na h-Eileanan an Iar,http://data.ordnancesurvey.co.uk/id/7000000000030022,http://data.ordnancesurvey.co.uk/ontology/admingeo/UnitaryAuthority,Scotland,http://data.ordnancesurvey.co.uk/id/7000000000041429,Scotland,http://data.ordnancesurvey.co.uk/id/country/scotland,,,
osgb4000000074789511,http://data.ordnancesurvey.co.uk/id/4000000074789511,Spàinebhig,,,,hydrography,Bay,153901,964273,1000,150000,153645,964023,154145,964523,HS2,http://data.ordnancesurvey.co.uk/id/postcodedistrict/HS2,,,,,,,Na h-Eileanan an Iar,http://data.ordnancesurvey.co.uk/id/7000000000030022,http://data.ordnancesurvey.co.uk/ontology/admingeo/UnitaryAuthority,Scotland,http://data.ordnancesurvey.co.uk/id/7000000000041429,Scotland,http://data.ordnancesurvey.co.uk/id/country/scotland,,,
osgb4000000074722500,http://data.ordnancesurvey.co.uk/id/4000000074722500,Cnoc Ard,gla,Knockaird,eng,landform,Hill Or Mountain,153193,964469,1000,300000,152943,964219,153443,964719,HS2,http://data.ordnancesurvey.co.uk/id/postcodedistrict/HS2,,,,,,,Na h-Eileanan an Iar,http://data.ordnancesurvey.co.uk/id/7000000000030022,http://data.ordnancesurvey.co.uk/ontology/admingeo/UnitaryAuthority,Scotland,http://data.ordnancesurvey.co.uk/id/7000000000041429,Scotland,http://data.ordnancesurvey.co.uk/id/country/scotland,,,
osgb4000000074789512,http://data.ordnancesurvey.co.uk/id/4000000074789512,Poll Eistean,,,,hydrography,Tidal Water,153598,964834,1000,150000,153342,964584,153842,965084,HS2,http://data.ordnancesurvey.co.uk/id/postcodedistrict/HS2,,,,,,,Na h-Eileanan an Iar,http://data.ordnancesurvey.co.uk/id/7000000000030022,http://data.ordnancesurvey.co.uk/ontology/admingeo/UnitaryAuthority,Scotland,http://data.ordnancesurvey.co.uk/id/7000000000041429,Scotland,http://data.ordnancesurvey.co.uk/id/country/scotland,,,
osgb4000000074761268,http://data.ordnancesurvey.co.uk/id/4000000074761268,Meall Geal,,,,landform,Coastal Headland,156238,960751,1000,750000,155988,960497,156488,960997,HS2,http://data.ordnancesurvey.co.uk/id/postcodedistrict/HS2,,,,,,,Na h-Eileanan an Iar,http://data.ordnancesurvey.co.uk/id/7000000000030022,http://data.ordnancesurvey.co.uk/ontology/admingeo/UnitaryAuthority,Scotland,http://data.ordnancesurvey.co.uk/id/7000000000041429,Scotland,http://data.ordnancesurvey.co.uk/id/country/scotland,,,
osgb4000000074765941,http://data.ordnancesurvey.co.uk/id/4000000074765941,Cnoc na Leabhuinn,,,,landform,Hill Or Mountain,148874,962010,1000,300000,148624,961760,149124,962260,HS2,http://data.ordnancesurvey.co.uk/id/postcodedistrict/HS2,,,,,,,Na h-Eileanan an Iar,http://data.ordnancesurvey.co.uk/id/7000000000030022,http://data.ordnancesurvey.co.uk/ontology/admingeo/UnitaryAuthority,Scotland,http://data.ordnancesurvey.co.uk/id/7000000000041429,Scotland,http://data.ordnancesurvey.co.uk/id/country/scotland,,,
osgb4000000074765578,http://data.ordnancesurvey.co.uk/id/4000000074765578,Cnoc Cuidhir,,,,landform,Hill Or Mountain,151390,965340,1000,300000,151140,965090,151640,965590,HS2,http://data.ordnancesurvey.co.uk/id/postcodedistrict/HS2,,,,,,,Na h-Eileanan an Iar,http://data.ordnancesurvey.co.uk/id/7000000000030022,http://data.ordnancesurvey.co.uk/ontology/admingeo/UnitaryAuthority,Scotland,http://data.ordnancesurvey.co.uk/id/7000000000041429,Scotland,http://data.ordnancesurvey.co.uk/id/country/scotland,,,
osgb4000000074791199,http://data.ordnancesurvey.co.uk/id/4000000074791199,Loch Dhìobadail,,,,hydrography,Inland Water,147966,961298,2000,500000,147718,961049,148218,961549,HS2,http://data.ordnancesurvey.co.uk/id/postcodedistrict/HS2,,,,,,,Na h-Eileanan an Iar,http://data.ordnancesurvey.co.uk/id/7000000000030022,http://data.ordnancesurvey.co.uk/ontology/admingeo/UnitaryAuthority,Scotland,http://data.ordnancesurvey.co.uk/id/7000000000041429,Scotland,http://data.ordnancesurvey.co.uk/id/country/scotland,,,
osgb4000000074760583,http://data.ordnancesurvey.co.uk/id/4000000074760583,Geodh' Ard a' Mhill Ghil,,,,landform,Other Coastal Landform,156206,960782,1000,15000,155956,960533,156456,961033,HS2,http://data.ordnancesurvey.co.uk/id/postcodedistrict/HS2,,,,,,,Na h-Eileanan an Iar,http://data.ordnancesurvey.co.uk/id/7000000000030022,http://data.ordnancesurvey.co.uk/ontology/admingeo/UnitaryAuthority,Scotland,http://data.ordnancesurvey.co.uk/id/7000000000041429,Scotland,http://data.ordnancesurvey.co.uk/id/country/scotland,,,
osgb4000000074587311,http://data.ordnancesurvey.co.uk/id/4000000074587311,Ramrageo,,,,landform,Other Coastal Landform,154767,962456,1000,15000,154517,962206,155017,962706,HS2,http://data.ordnancesurvey.co.uk/id/postcodedistrict/HS2,,,,,,,Na h-Eileanan an Iar,http://data.ordnancesurvey.co.uk/id/7000000000030022,http://data.ordnancesurvey.co.uk/ontology/admingeo/UnitaryAuthority,Scotland,http://data.ordnancesurvey.co.uk/id/7000000000041429,Scotland,http://data.ordnancesurvey.co.uk/id/country/scotland,,,
osgb4000000074613679,http://data.ordnancesurvey.co.uk/id/4000000074613679,Sgeir Dhail,,,,landform,Island,147284,963397,1000,800000,147033,963148,147533,963648,HS2,http://data.ordnancesurvey.co.uk/id/postcodedistrict/HS2,,,,,,,Na h-Eileanan an Iar,http://data.ordnancesurvey.co.uk/id/7000000000030022,http://data.ordnancesurvey.co.uk/ontology/admingeo/UnitaryAuthority,Scotland,http://data.ordnancesurvey.co.uk/id/7000000000041429,Scotland,http://data.ordnancesurvey.co.uk/id/country/scotland,,,
osgb4000000074761182,http://data.ordnancesurvey.co.uk/id/4000000074761182,Àird Sgeginis,,,,landform,Coastal Headland,154655,962588,3000,750000,154419,962339,154919,962839,HS2,http://data.ordnancesurvey.co.uk/id/postcodedistrict/HS2,,,,,,,Na h-Eileanan an Iar,http://data.ordnancesurvey.co.uk/id/7000000000030022,http://data.ordnancesurvey.co.uk/ontology/admingeo/UnitaryAuthority,Scotland,http://data.ordnancesurvey.co.uk/id/7000000000041429,Scotland,http://data.ordnancesurvey.co.uk/id/country/scotland,,,
osgb4000000074760584,http://data.ordnancesurvey.co.uk/id/4000000074760584,Geodha Beag,,,,landform,Other Coastal Landform,151592,966366,1000,15000,151343,966109,151843,966609,HS2,http://data.ordnancesurvey.co.uk/id/postcodedistrict/HS2,,,,,,,Na h-Eileanan an Iar,http://data.ordnancesurvey.co.uk/id/7000000000030022,http://data.ordnancesurvey.co.uk/ontology/admingeo/UnitaryAuthority,Scotland,http://data.ordnancesurvey.co.uk/id/7000000000041429,Scotland,http://data.ordnancesurvey.co.uk/id/country/scotland,,,
osgb4000000074765579,http://data.ordnancesurvey.co.uk/id/4000000074765579,Cnoc a' Bheannaich,,,,landform,Hill Or Mountain,151463,965004,1000,300000,151213,964754,151713,965254,HS2,http://data.ordnancesurvey.co.uk/id/postcodedistrict/HS2,,,,,,,Na h-Eileanan an Iar,http://data.ordnancesurvey.co.uk/id/7000000000030022,http://data.ordnancesurvey.co.uk/ontology/admingeo/UnitaryAuthority,Scotland,http://data.ordnancesurvey.co.uk/id/7000000000041429,Scotland,http://data.ordnancesurvey.co.uk/id/country/scotland,,,
osgb4000000074761369,http://data.ordnancesurvey.co.uk/id/4000000074761369,Long Dhòmhnuill Mhic Uilleam,,,,landform,Island,156264,960993,1000,800000,156013,960743,156513,961243,HS2,http://data.ordnancesurvey.co.uk/id/postcodedistrict/HS2,,,,,,,Na h-Eileanan an Iar,http://data.ordnancesurvey.co.uk/id/7000000000030022,http://data.ordnancesurvey.co.uk/ontology/admingeo/UnitaryAuthority,Scotland,http://data.ordnancesurvey.co.uk/id/7000000000041429,Scotland,http://data.ordnancesurvey.co.uk/id/country/scotland,,,
osgb4000000074789445,http://data.ordnancesurvey.co.uk/id/4000000074789445,Poll Thaiceil,,,,hydrography,Tidal Water,156204,960552,1000,150000,155945,960309,156445,960809,HS2,http://data.ordnancesurvey.co.uk/id/postcodedistrict/HS2,,,,,,,Na h-Eileanan an Iar,http://data.ordnancesurvey.co.uk/id/7000000000030022,http://data.ordnancesurvey.co.uk/ontology/admingeo/UnitaryAuthority,Scotland,http://data.ordnancesurvey.co.uk/id/7000000000041429,Scotland,http://data.ordnancesurvey.co.uk/id/country/scotland,,,
osgb4000000074765623,http://data.ordnancesurvey.co.uk/id/4000000074765623,Cnoc a' Ghortain,,,,landform,Hill Or Mountain,150911,963625,1000,300000,150661,963375,151161,963875,HS2,http://data.ordnancesurvey.co.uk/id/postcodedistrict/HS2,,,,,,,Na h-Eileanan an Iar,http://data.ordnancesurvey.co.uk/id/7000000000030022,http://data.ordnancesurvey.co.uk/ontology/admingeo/UnitaryAuthority,Scotland,http://data.ordnancesurvey.co.uk/id/7000000000041429,Scotland,http://data.ordnancesurvey.co.uk/id/country/scotland,,,
osgb4000000074761115,http://data.ordnancesurvey.co.uk/id/4000000074761115,Sròn Pheicir,,,,landform,Other Coastal Landform,148660,962426,1000,20000,148405,962176,148905,962676,HS2,http://data.ordnancesurvey.co.uk/id/postcodedistrict/HS2,,,,,,,Na h-Eileanan an Iar,http://data.ordnancesurvey.co.uk/id/7000000000030022,http://data.ordnancesurvey.co.uk/ontology/admingeo/UnitaryAuthority,Scotland,http://data.ordnancesurvey.co.uk/id/7000000000041429,Scotland,http://data.ordnancesurvey.co.uk/id/country/scotland,,,
osgb4000000074761185,http://data.ordnancesurvey.co.uk/id/4000000074761185,Tobha Dhìobadail,,,,landform,Coastal Headland,146865,961499,1000,750000,146615,961226,147115,961726,HS2,http://data.ordnancesurvey.co.uk/id/postcodedistrict/HS2,,,,,,,Na h-Eileanan an Iar,http://data.ordnancesurvey.co.uk/id/7000000000030022,http://data.ordnancesurvey.co.uk/ontology/admingeo/UnitaryAuthority,Scotland,http://data.ordnancesurvey.co.uk/id/7000000000041429,Scotland,http://data.ordnancesurvey.co.uk/id/country/scotland,,,
osgb4000000074761748,http://data.ordnancesurvey.co.uk/id/4000000074761748,Sandgeo,,,,landform,Other Coastal Landform,153967,964534,1000,15000,153716,964284,154216,964784,HS2,http://data.ordnancesurvey.co.uk/id/postcodedistrict/HS2,,,,,,,Na h-Eileanan an Iar,http://data.ordnancesurvey.co.uk/id/7000000000030022,http://data.ordnancesurvey.co.uk/ontology/admingeo/UnitaryAuthority,Scotland,http://data.ordnancesurvey.co.uk/id/7000000000041429,Scotland,http://data.ordnancesurvey.co.uk/id/country/scotland,,,
osgb4000000074609299,http://data.ordnancesurvey.co.uk/id/4000000074609299,Sìnntean,,,,landform,Island,150801,965343,1000,800000,150541,965093,151041,965593,HS2,http://data.ordnancesurvey.co.uk/id/postcodedistrict/HS2,,,,,,,Na h-Eileanan an Iar,http://data.ordnancesurvey.co.uk/id/7000000000030022,http://data.ordnancesurvey.co.uk/ontology/admingeo/UnitaryAuthority,Scotland,http://data.ordnancesurvey.co.uk/id/7000000000041429,Scotland,http://data.ordnancesurvey.co.uk/id/country/scotland,,,
osgb4000000074761372,http://data.ordnancesurvey.co.uk/id/4000000074761372,Skaraval,,,,landform,Other Coastal Landform,154016,963791,1000,20000,153766,963541,154266,964041,HS2,http://data.ordnancesurvey.co.uk/id/postcodedistrict/HS2,,,,,,,Na h-Eileanan an Iar,http://data.ordnancesurvey.co.uk/id/7000000000030022,http://data.ordnancesurvey.co.uk/ontology/admingeo/UnitaryAuthority,Scotland,http://data.ordnancesurvey.co.uk/id/7000000000041429,Scotland,http://data.ordnancesurvey.co.uk/id/country/scotland,,,
osgb4000000074760465,http://data.ordnancesurvey.co.uk/id/4000000074760465,Rubha Geal,,,,landform,Other Coastal Landform,156020,960354,1000,20000,155770,960104,156270,960604,HS2,http://data.ordnancesurvey.co.uk/id/postcodedistrict/HS2,,,,,,,Na h-Eileanan an Iar,http://data.ordnancesurvey.co.uk/id/7000000000030022,http://data.ordnancesurvey.co.uk/ontology/admingeo/UnitaryAuthority,Scotland,http://data.ordnancesurvey.co.uk/id/7000000000041429,Scotland,http://data.ordnancesurvey.co.uk/id/country/scotland,,,
osgb4000000074761183,http://data.ordnancesurvey.co.uk/id/4000000074761183,Sròn Biredonnachais,,,,landform,Other Coastal Landform,154868,962574,1000,20000,154619,962323,155119,962823,HS2,http://data.ordnancesurvey.co.uk/id/postcodedistrict/HS2,,,,,,,Na h-Eileanan an Iar,http://data.ordnancesurvey.co.uk/id/7000000000030022,http://data.ordnancesurvey.co.uk/ontology/admingeo/UnitaryAuthority,Scotland,http://data.ordnancesurvey.co.uk/id/7000000000041429,Scotland,http://data.ordnancesurvey.co.uk/id/country/scotland,,,
osgb4000000074799223,http://data.ordnancesurvey.co.uk/id/4000000074799223,Cunndal,,,,hydrography,Bay,150834,965557,5000,150000,150492,965308,151237,965808,HS2,http://data.ordnancesurvey.co.uk/id/postcodedistrict/HS2,,,,,,,Na h-Eileanan an Iar,http://data.ordnancesurvey.co.uk/id/7000000000030022,http://data.ordnancesurvey.co.uk/ontology/admingeo/UnitaryAuthority,Scotland,http://data.ordnancesurvey.co.uk/id/7000000000041429,Scotland,http://data.ordnancesurvey.co.uk/id/country/scotland,,,
osgb4000000074761186,http://data.ordnancesurvey.co.uk/id/4000000074761186,Cladach Dhìobadail,,,,landform,Other Coastal Landform,146861,961591,1000,50000,146609,961341,147109,961841,HS2,http://data.ordnancesurvey.co.uk/id/postcodedistrict/HS2,,,,,,,Na h-Eileanan an Iar,http://data.ordnancesurvey.co.uk/id/7000000000030022,http://data.ordnancesurvey.co.uk/ontology/admingeo/UnitaryAuthority,Scotland,http://data.ordnancesurvey.co.uk/id/7000000000041429,Scotland,http://data.ordnancesurvey.co.uk/id/country/scotland,,,
osgb4000000074760582,http://data.ordnancesurvey.co.uk/id/4000000074760582,Leac na Bà,,,,landform,Other Coastal Landform,156213,960588,1000,50000,155963,960338,156463,960838,HS2,http://data.ordnancesurvey.co.uk/id/postcodedistrict/HS2,,,,,,,Na h-Eileanan an Iar,http://data.ordnancesurvey.co.uk/id/7000000000030022,http://data.ordnancesurvey.co.uk/ontology/admingeo/UnitaryAuthority,Scotland,http://data.ordnancesurvey.co.uk/id/7000000000041429,Scotland,http://data.ordnancesurvey.co.uk/id/country/scotland,,,
osgb4000000074760696,http://data.ordnancesurvey.co.uk/id/4000000074760696,Geodha nan Each,,,,landform,Other Coastal Landform,150969,966000,1000,15000,150720,965755,151220,966255,HS2,http://data.ordnancesurvey.co.uk/id/postcodedistrict/HS2,,,,,,,Na h-Eileanan an Iar,http://data.ordnancesurvey.co.uk/id/7000000000030022,http://data.ordnancesurvey.co.uk/ontology/admingeo/UnitaryAuthority,Scotland,http://data.ordnancesurvey.co.uk/id/7000000000041429,Scotland,http://data.ordnancesurvey.co.uk/id/country/scotland,,,
osgb4000000074761747,http://data.ordnancesurvey.co.uk/id/4000000074761747,Grotavig,,,,landform,Other Coastal Landform,153350,965125,1000,50000,153100,964876,153600,965376,HS2,http://data.ordnancesurvey.co.uk/id/postcodedistrict/HS2,,,,,,,Na h-Eileanan an Iar,http://data.ordnancesurvey.co.uk/id/7000000000030022,http://data.ordnancesurvey.co.uk/ontology/admingeo/UnitaryAuthority,Scotland,http://data.ordnancesurvey.co.uk/id/7000000000041429,Scotland,http://data.ordnancesurvey.co.uk/id/country/scotland,,,
osgb4000000074765764,http://data.ordnancesurvey.co.uk/id/4000000074765764,Cnoc Loisgte,,,,landform,Hill Or Mountain,150711,961963,1000,300000,150461,961713,150961,962213,HS2,http://data.ordnancesurvey.co.uk/id/postcodedistrict/HS2,,,,,,,Na h-Eileanan an Iar,http://data.ordnancesurvey.co.uk/id/7000000000030022,http://data.ordnancesurvey.co.uk/ontology/admingeo/UnitaryAuthority,Scotland,http://data.ordnancesurvey.co.uk/id/7000000000041429,Scotland,http://data.ordnancesurvey.co.uk/id/country/scotland,,,
osgb4000000074761647,http://data.ordnancesurvey.co.uk/id/4000000074761647,Geodh' an Toa,,,,landform,Other Coastal Landform,145157,960243,1000,15000,144907,959993,145407,960493,HS2,http://data.ordnancesurvey.co.uk/id/postcodedistrict/HS2,,,,,,,Na h-Eileanan an Iar,http://data.ordnancesurvey.co.uk/id/7000000000030022,http://data.ordnancesurvey.co.uk/ontology/admingeo/UnitaryAuthority,Scotland,http://data.ordnancesurvey.co.uk/id/7000000000041429,Scotland,http://data.ordnancesurvey.co.uk/id/country/scotland,,,
osgb4000000074761017,http://data.ordnancesurvey.co.uk/id/4000000074761017,Buaile nan Caorach,,,,landform,Coastal Headland,151491,966400,2000,750000,151223,966150,151723,966650,HS2,http://data.ordnancesurvey.co.uk/id/postcodedistrict/HS2,,,,,,,Na h-Eileanan an Iar,http://data.ordnancesurvey.co.uk/id/7000000000030022,http://data.ordnancesurvey.co.uk/ontology/admingeo/UnitaryAuthority,Scotland,http://data.ordnancesurvey.co.uk/id/7000000000041429,Scotland,http://data.ordnancesurvey.co.uk/id/country/scotland,,,
osgb4000000074760464,http://data.ordnancesurvey.co.uk/id/4000000074760464,Iurramaich,,,,landform,Island,156112,960425,1000,800000,155862,960175,156362,960675,HS2,http://data.ordnancesurvey.co.uk/id/postcodedistrict/HS2,,,,,,,Na h-Eileanan an Iar,http://data.ordnancesurvey.co.uk/id/7000000000030022,http://data.ordnancesurvey.co.uk/ontology/admingeo/UnitaryAuthority,Scotland,http://data.ordnancesurvey.co.uk/id/7000000000041429,Scotland,http://data.ordnancesurvey.co.uk/id/country/scotland,,,
osgb4000000074613678,http://data.ordnancesurvey.co.uk/id/4000000074613678,Cobha Sgeir,,,,landform,Island,147572,962640,1000,800000,147319,962390,147819,962890,HS2,http://data.ordnancesurvey.co.uk/id/postcodedistrict/HS2,,,,,,,Na h-Eileanan an Iar,http://data.ordnancesurvey.co.uk/id/7000000000030022,http://data.ordnancesurvey.co.uk/ontology/admingeo/UnitaryAuthority,Scotland,http://data.ordnancesurvey.co.uk/id/7000000000041429,Scotland,http://data.ordnancesurvey.co.uk/id/country/scotland,,,
osgb4000000074765531,http://data.ordnancesurvey.co.uk/id/4000000074765531,Cnoc Bealach Sto,,,,landform,Hill Or Mountain,151951,965693,1000,300000,151701,965443,152201,965943,HS2,http://data.ordnancesurvey.co.uk/id/postcodedistrict/HS2,,,,,,,Na h-Eileanan an Iar,http://data.ordnancesurvey.co.uk/id/7000000000030022,http://data.ordnancesurvey.co.uk/ontology/admingeo/UnitaryAuthority,Scotland,http://data.ordnancesurvey.co.uk/id/7000000000041429,Scotland,http://data.ordnancesurvey.co.uk/id/country/scotland,,,
osgb4000000074760498,http://data.ordnancesurvey.co.uk/id/4000000074760498,Airnistean,,,,landform,Coastal Headland,149008,962566,2000,750000,148758,962304,149258,962804,HS2,http://data.ordnancesurvey.co.uk/id/postcodedistrict/HS2,,,,,,,Na h-Eileanan an Iar,http://data.ordnancesurvey.co.uk/id/7000000000030022,http://data.ordnancesurvey.co.uk/ontology/admingeo/UnitaryAuthority,Scotland,http://data.ordnancesurvey.co.uk/id/7000000000041429,Scotland,http://data.ordnancesurvey.co.uk/id/country/scotland,,,
osgb4000000074758788,http://data.ordnancesurvey.co.uk/id/4000000074758788,Stàthanais,,,,landform,Cliff Or Slope,152300,966277,3000,40000,152068,966027,152583,966527,HS2,http://data.ordnancesurvey.co.uk/id/postcodedistrict/HS2,,,,,,,Na h-Eileanan an Iar,http://data.ordnancesurvey.co.uk/id/7000000000030022,http://data.ordnancesurvey.co.uk/ontology/admingeo/UnitaryAuthority,Scotland,http://data.ordnancesurvey.co.uk/id/7000000000041429,Scotland,http://data.ordnancesurvey.co.uk/id/country/scotland,,,
osgb4000000074760585,http://data.ordnancesurvey.co.uk/id/4000000074760585,Ramraga,,,,landform,Island,151846,966527,1000,800000,151595,966278,152095,966778,HS2,http://data.ordnancesurvey.co.uk/id/postcodedistrict/HS2,,,,,,,Na h-Eileanan an Iar,http://data.ordnancesurvey.co.uk/id/7000000000030022,http://data.ordnancesurvey.co.uk/ontology/admingeo/UnitaryAuthority,Scotland,http://data.ordnancesurvey.co.uk/id/7000000000041429,Scotland,http://data.ordnancesurvey.co.uk/id/country/scotland,,,
osgb4000000074760466,http://data.ordnancesurvey.co.uk/id/4000000074760466,Butt of Lewis,eng,Rubha Robhanais,gla,landform,Coastal Headland,151884,966199,9000,750000,151291,965878,152625,966520,HS2,http://data.ordnancesurvey.co.uk/id/postcodedistrict/HS2,,,,,,,Na h-Eileanan an Iar,http://data.ordnancesurvey.co.uk/id/7000000000030022,http://data.ordnancesurvey.co.uk/ontology/admingeo/UnitaryAuthority,Scotland,http://data.ordnancesurvey.co.uk/id/7000000000041429,Scotland,http://data.ordnancesurvey.co.uk/id/country/scotland,,,
osgb4000000074589294,http://data.ordnancesurvey.co.uk/id/4000000074589294,Eilean Cleit an t-Sionnaich,,,,landform,Island,155887,960204,1000,800000,155637,959954,156137,960454,HS2,http://data.ordnancesurvey.co.uk/id/postcodedistrict/HS2,,,,,,,Na h-Eileanan an Iar,http://data.ordnancesurvey.co.uk/id/7000000000030022,http://data.ordnancesurvey.co.uk/ontology/admingeo/UnitaryAuthority,Scotland,http://data.ordnancesurvey.co.uk/id/7000000000041429,Scotland,http://data.ordnancesurvey.co.uk/id/country/scotland,,,
osgb4000000074609300,http://data.ordnancesurvey.co.uk/id/4000000074609300,Bràighe Beag,,,,landform,Island,152830,965723,1000,800000,152577,965473,153077,965973,HS2,http://data.ordnancesurvey.co.uk/id/postcodedistrict/HS2,,,,,,,Na h-Eileanan an Iar,http://data.ordnancesurvey.co.uk/id/7000000000030022,http://data.ordnancesurvey.co.uk/ontology/admingeo/UnitaryAuthority,Scotland,http://data.ordnancesurvey.co.uk/id/7000000000041429,Scotland,http://data.ordnancesurvey.co.uk/id/country/scotland,,,
osgb4000000074761456,http://data.ordnancesurvey.co.uk/id/4000000074761456,Tobha Ghabhsainn,,,,landform,Coastal Headland,145188,960327,1000,750000,144923,960077,145423,960577,HS2,http://data.ordnancesurvey.co.uk/id/postcodedistrict/HS2,,,,,,,Na h-Eileanan an Iar,http://data.ordnancesurvey.co.uk/id/7000000000030022,http://data.ordnancesurvey.co.uk/ontology/admingeo/UnitaryAuthority,Scotland,http://data.ordnancesurvey.co.uk/id/7000000000041429,Scotland,http://data.ordnancesurvey.co.uk/id/country/scotland,,,
osgb4000000074761922,http://data.ordnancesurvey.co.uk/id/4000000074761922,Cladach an Eilein,,,,landform,Other Coastal Landform,152997,965378,1000,20000,152740,965129,153240,965629,HS2,http://data.ordnancesurvey.co.uk/id/postcodedistrict/HS2,,,,,,,Na h-Eileanan an Iar,http://data.ordnancesurvey.co.uk/id/7000000000030022,http://data.ordnancesurvey.co.uk/ontology/admingeo/UnitaryAuthority,Scotland,http://data.ordnancesurvey.co.uk/id/7000000000041429,Scotland,http://data.ordnancesurvey.co.uk/id/country/scotland,,,
osgb4000000074761822,http://data.ordnancesurvey.co.uk/id/4000000074761822,Sroin Odhar,,,,landform,Other Coastal Landform,155901,960236,1000,20000,155651,959989,156151,960489,HS2,http://data.ordnancesurvey.co.uk/id/postcodedistrict/HS2,,,,,,,Na h-Eileanan an Iar,http://data.ordnancesurvey.co.uk/id/7000000000030022,http://data.ordnancesurvey.co.uk/ontology/admingeo/UnitaryAuthority,Scotland,http://data.ordnancesurvey.co.uk/id/7000000000041429,Scotland,http://data.ordnancesurvey.co.uk/id/country/scotland,,,
osgb4000000074761273,http://data.ordnancesurvey.co.uk/id/4000000074761273,Geodh' a' Phiobair,,,,landform,Other Coastal Landform,146017,960521,1000,15000,145766,960271,146266,960771,HS2,http://data.ordnancesurvey.co.uk/id/postcodedistrict/HS2,,,,,,,Na h-Eileanan an Iar,http://data.ordnancesurvey.co.uk/id/7000000000030022,http://data.ordnancesurvey.co.uk/ontology/admingeo/UnitaryAuthority,Scotland,http://data.ordnancesurvey.co.uk/id/7000000000041429,Scotland,http://data.ordnancesurvey.co.uk/id/country/scotland,,,
osgb4000000074613270,http://data.ordnancesurvey.co.uk/id/4000000074613270,Cleit Uilleam,,,,landform,Island,156167,960883,1000,800000,155917,960634,156417,961134,HS2,http://data.ordnancesurvey.co.uk/id/postcodedistrict/HS2,,,,,,,Na h-Eileanan an Iar,http://data.ordnancesurvey.co.uk/id/7000000000030022,http://data.ordnancesurvey.co.uk/ontology/admingeo/UnitaryAuthority,Scotland,http://data.ordnancesurvey.co.uk/id/7000000000041429,Scotland,http://data.ordnancesurvey.co.uk/id/country/scotland,,,
osgb4000000074720662,http://data.ordnancesurvey.co.uk/id/4000000074720662,Tràigh Chrois,,,,landcover,Beach,149413,962860,2000,100000,149163,962607,149663,963107,HS2,http://data.ordnancesurvey.co.uk/id/postcodedistrict/HS2,,,,,,,Na h-Eileanan an Iar,http://data.ordnancesurvey.co.uk/id/7000000000030022,http://data.ordnancesurvey.co.uk/ontology/admingeo/UnitaryAuthority,Scotland,http://data.ordnancesurvey.co.uk/id/7000000000041429,Scotland,http://data.ordnancesurvey.co.uk/id/country/scotland,,,
osgb4000000074589303,http://data.ordnancesurvey.co.uk/id/4000000074589303,Eilean a' Chadha,,,,landform,Island,155627,961773,1000,800000,155361,961523,155861,962023,HS2,http://data.ordnancesurvey.co.uk/id/postcodedistrict/HS2,,,,,,,Na h-Eileanan an Iar,http://data.ordnancesurvey.co.uk/id/7000000000030022,http://data.ordnancesurvey.co.uk/ontology/admingeo/UnitaryAuthority,Scotland,http://data.ordnancesurvey.co.uk/id/7000000000041429,Scotland,http://data.ordnancesurvey.co.uk/id/country/scotland,,,
osgb4000000074761825,http://data.ordnancesurvey.co.uk/id/4000000074761825,Listean,,,,landform,Other Coastal Landform,151151,964880,1000,20000,150899,964631,151399,965131,HS2,http://data.ordnancesurvey.co.uk/id/postcodedistrict/HS2,,,,,,,Na h-Eileanan an Iar,http://data.ordnancesurvey.co.uk/id/7000000000030022,http://data.ordnancesurvey.co.uk/ontology/admingeo/UnitaryAuthority,Scotland,http://data.ordnancesurvey.co.uk/id/7000000000041429,Scotland,http://data.ordnancesurvey.co.uk/id/country/scotland,,,
osgb4000000074815024,http://data.ordnancesurvey.co.uk/id/4000000074815024,Beinn Glas,,,,landform,Hill Or Mountain,156072,960520,1000,300000,155822,960270,156322,960770,HS2,http://data.ordnancesurvey.co.uk/id/postcodedistrict/HS2,,,,,,,Na h-Eileanan an Iar,http://data.ordnancesurvey.co.uk/id/7000000000030022,http://data.ordnancesurvey.co.uk/ontology/admingeo/UnitaryAuthority,Scotland,http://data.ordnancesurvey.co.uk/id/7000000000041429,Scotland,http://data.ordnancesurvey.co.uk/id/country/scotland,,,
osgb4000000074586680,http://data.ordnancesurvey.co.uk/id/4000000074586680,Nis,,,,landform,Coastal Headland,151426,962534,57000,750000,147039,958376,155813,966561,HS2,http://data.ordnancesurvey.co.uk/id/postcodedistrict/HS2,,,,,,,Na h-Eileanan an Iar,http://data.ordnancesurvey.co.uk/id/7000000000030022,http://data.ordnancesurvey.co.uk/ontology/admingeo/UnitaryAuthority,Scotland,http://data.ordnancesurvey.co.uk/id/7000000000041429,Scotland,http://data.ordnancesurvey.co.uk/id/country/scotland,,,
osgb4000000074761270,http://data.ordnancesurvey.co.uk/id/4000000074761270,Tasair,,,,landform,Other Coastal Landform,148476,962473,2000,20000,148112,962223,148612,962723,HS2,http://data.ordnancesurvey.co.uk/id/postcodedistrict/HS2,,,,,,,Na h-Eileanan an Iar,http://data.ordnancesurvey.co.uk/id/7000000000030022,http://data.ordnancesurvey.co.uk/ontology/admingeo/UnitaryAuthority,Scotland,http://data.ordnancesurvey.co.uk/id/7000000000041429,Scotland,http://data.ordnancesurvey.co.uk/id/country/scotland,,,
osgb4000000074760692,http://data.ordnancesurvey.co.uk/id/4000000074760692,Creag Dhubh,,,,landform,Other Coastal Landform,155694,961460,1000,20000,155439,961210,155939,961710,HS2,http://data.ordnancesurvey.co.uk/id/postcodedistrict/HS2,,,,,,,Na h-Eileanan an Iar,http://data.ordnancesurvey.co.uk/id/7000000000030022,http://data.ordnancesurvey.co.uk/ontology/admingeo/UnitaryAuthority,Scotland,http://data.ordnancesurvey.co.uk/id/7000000000041429,Scotland,http://data.ordnancesurvey.co.uk/id/country/scotland,,,
osgb4000000074720134,http://data.ordnancesurvey.co.uk/id/4000000074720134,Tràigh Chumail,,,,landcover,Beach,150095,963471,3000,100000,149845,963219,150345,963719,HS2,http://data.ordnancesurvey.co.uk/id/postcodedistrict/HS2,,,,,,,Na h-Eileanan an Iar,http://data.ordnancesurvey.co.uk/id/7000000000030022,http://data.ordnancesurvey.co.uk/ontology/admingeo/UnitaryAuthority,Scotland,http://data.ordnancesurvey.co.uk/id/7000000000041429,Scotland,http://data.ordnancesurvey.co.uk/id/country/scotland,,,
osgb4000000074761746,http://data.ordnancesurvey.co.uk/id/4000000074761746,Sioltageo,,,,landform,Other Coastal Landform,153996,964691,1000,15000,153746,964429,154246,964929,HS2,http://data.ordnancesurvey.co.uk/id/postcodedistrict/HS2,,,,,,,Na h-Eileanan an Iar,http://data.ordnancesurvey.co.uk/id/7000000000030022,http://data.ordnancesurvey.co.uk/ontology/admingeo/UnitaryAuthority,Scotland,http://data.ordnancesurvey.co.uk/id/7000000000041429,Scotland,http://data.ordnancesurvey.co.uk/id/country/scotland,,,
osgb4000000074761272,http://data.ordnancesurvey.co.uk/id/4000000074761272,Geodh' a' Gharaidh,,,,landform,Other Coastal Landform,145535,960356,1000,15000,145285,960114,145785,960614,HS2,http://data.ordnancesurvey.co.uk/id/postcodedistrict/HS2,,,,,,,Na h-Eileanan an Iar,http://data.ordnancesurvey.co.uk/id/7000000000030022,http://data.ordnancesurvey.co.uk/ontology/admingeo/UnitaryAuthority,Scotland,http://data.ordnancesurvey.co.uk/id/7000000000041429,Scotland,http://data.ordnancesurvey.co.uk/id/country/scotland,,,
osgb4000000074758846,http://data.ordnancesurvey.co.uk/id/4000000074758846,Cleite Gile,,,,landform,Other Coastal Landform,152052,966578,1000,20000,151802,966328,152302,966828,HS2,http://data.ordnancesurvey.co.uk/id/postcodedistrict/HS2,,,,,,,Na h-Eileanan an Iar,http://data.ordnancesurvey.co.uk/id/7000000000030022,http://data.ordnancesurvey.co.uk/ontology/admingeo/UnitaryAuthority,Scotland,http://data.ordnancesurvey.co.uk/id/7000000000041429,Scotland,http://data.ordnancesurvey.co.uk/id/country/scotland,,,
osgb4000000074760893,http://data.ordnancesurvey.co.uk/id/4000000074760893,Cadha,,,,landform,Coastal Headland,155514,961806,1000,750000,155253,961557,155753,962057,HS2,http://data.ordnancesurvey.co.uk/id/postcodedistrict/HS2,,,,,,,Na h-Eileanan an Iar,http://data.ordnancesurvey.co.uk/id/7000000000030022,http://data.ordnancesurvey.co.uk/ontology/admingeo/UnitaryAuthority,Scotland,http://data.ordnancesurvey.co.uk/id/7000000000041429,Scotland,http://data.ordnancesurvey.co.uk/id/country/scotland,,,
osgb4000000074761184,http://data.ordnancesurvey.co.uk/id/4000000074761184,Peicir,,,,landform,Other Coastal Landform,148566,962439,1000,20000,148318,962190,148818,962690,HS2,http://data.ordnancesurvey.co.uk/id/postcodedistrict/HS2,,,,,,,Na h-Eileanan an Iar,http://data.ordnancesurvey.co.uk/id/7000000000030022,http://data.ordnancesurvey.co.uk/ontology/admingeo/UnitaryAuthority,Scotland,http://data.ordnancesurvey.co.uk/id/7000000000041429,Scotland,http://data.ordnancesurvey.co.uk/id/country/scotland,,,
osgb4000000074609301,http://data.ordnancesurvey.co.uk/id/4000000074609301,Màs Sgeir,,,,landform,Island,151937,966758,1000,800000,151687,966479,152187,966979,HS2,http://data.ordnancesurvey.co.uk/id/postcodedistrict/HS2,,,,,,,Na h-Eileanan an Iar,http://data.ordnancesurvey.co.uk/id/7000000000030022,http://data.ordnancesurvey.co.uk/ontology/admingeo/UnitaryAuthority,Scotland,http://data.ordnancesurvey.co.uk/id/7000000000041429,Scotland,http://data.ordnancesurvey.co.uk/id/country/scotland,,,
osgb4000000074613271,http://data.ordnancesurvey.co.uk/id/4000000074613271,Cleit na Criomaig,,,,landform,Island,155630,961585,1000,800000,155380,961336,155880,961836,HS2,http://data.ordnancesurvey.co.uk/id/postcodedistrict/HS2,,,,,,,Na h-Eileanan an Iar,http://data.ordnancesurvey.co.uk/id/7000000000030022,http://data.ordnancesurvey.co.uk/ontology/admingeo/UnitaryAuthority,Scotland,http://data.ordnancesurvey.co.uk/id/7000000000041429,Scotland,http://data.ordnancesurvey.co.uk/id/country/scotland,,,
osgb4000000074761370,http://data.ordnancesurvey.co.uk/id/4000000074761370,Geodh'an Fhithich,,,,landform,Other Coastal Landform,154320,962819,1000,15000,154070,962569,154570,963069,HS2,http://data.ordnancesurvey.co.uk/id/postcodedistrict/HS2,,,,,,,Na h-Eileanan an Iar,http://data.ordnancesurvey.co.uk/id/7000000000030022,http://data.ordnancesurvey.co.uk/ontology/admingeo/UnitaryAuthority,Scotland,http://data.ordnancesurvey.co.uk/id/7000000000041429,Scotland,http://data.ordnancesurvey.co.uk/id/country/scotland,,,
osgb4000000074791200,http://data.ordnancesurvey.co.uk/id/4000000074791200,Loch Sgriachabhat,,,,hydrography,Inland Water,147467,962172,1000,500000,147224,961922,147724,962422,HS2,http://data.ordnancesurvey.co.uk/id/postcodedistrict/HS2,,,,,,,Na h-Eileanan an Iar,http://data.ordnancesurvey.co.uk/id/7000000000030022,http://data.ordnancesurvey.co.uk/ontology/admingeo/UnitaryAuthority,Scotland,http://data.ordnancesurvey.co.uk/id/7000000000041429,Scotland,http://data.ordnancesurvey.co.uk/id/country/scotland,,,
osgb4000000074761458,http://data.ordnancesurvey.co.uk/id/4000000074761458,Cìrein Ruadh a' Stangu,,,,landform,Other Coastal Landform,149190,962757,1000,20000,148943,962508,149443,963008,HS2,http://data.ordnancesurvey.co.uk/id/postcodedistrict/HS2,,,,,,,Na h-Eileanan an Iar,http://data.ordnancesurvey.co.uk/id/7000000000030022,http://data.ordnancesurvey.co.uk/ontology/admingeo/UnitaryAuthority,Scotland,http://data.ordnancesurvey.co.uk/id/7000000000041429,Scotland,http://data.ordnancesurvey.co.uk/id/country/scotland,,,
osgb4000000074761824,http://data.ordnancesurvey.co.uk/id/4000000074761824,Bad an Fhithich,,,,landform,Coastal Headland,151003,964321,1000,750000,150749,964071,151249,964571,HS2,http://data.ordnancesurvey.co.uk/id/postcodedistrict/HS2,,,,,,,Na h-Eileanan an Iar,http://data.ordnancesurvey.co.uk/id/7000000000030022,http://data.ordnancesurvey.co.uk/ontology/admingeo/UnitaryAuthority,Scotland,http://data.ordnancesurvey.co.uk/id/7000000000041429,Scotland,http://data.ordnancesurvey.co.uk/id/country/scotland,,,
osgb4000000074765763,http://data.ordnancesurvey.co.uk/id/4000000074765763,Cnoc Glas,,,,landform,Hill Or Mountain,151164,962434,1000,300000,150914,962184,151414,962684,HS2,http://data.ordnancesurvey.co.uk/id/postcodedistrict/HS2,,,,,,,Na h-Eileanan an Iar,http://data.ordnancesurvey.co.uk/id/7000000000030022,http://data.ordnancesurvey.co.uk/ontology/admingeo/UnitaryAuthority,Scotland,http://data.ordnancesurvey.co.uk/id/7000000000041429,Scotland,http://data.ordnancesurvey.co.uk/id/country/scotland,,,
osgb4000000074587313,http://data.ordnancesurvey.co.uk/id/4000000074587313,Geodh' an Raimh,,,,landform,Other Coastal Landform,155398,961780,1000,15000,155148,961530,155648,962030,HS2,http://data.ordnancesurvey.co.uk/id/postcodedistrict/HS2,,,,,,,Na h-Eileanan an Iar,http://data.ordnancesurvey.co.uk/id/7000000000030022,http://data.ordnancesurvey.co.uk/ontology/admingeo/UnitaryAuthority,Scotland,http://data.ordnancesurvey.co.uk/id/7000000000041429,Scotland,http://data.ordnancesurvey.co.uk/id/country/scotland,,,
osgb4000000074789480,http://data.ordnancesurvey.co.uk/id/4000000074789480,Cruiga An-Taigaisg,,,,hydrography,Tidal Water,155673,961484,1000,150000,155427,961232,155927,961732,HS2,http://data.ordnancesurvey.co.uk/id/postcodedistrict/HS2,,,,,,,Na h-Eileanan an Iar,http://data.ordnancesurvey.co.uk/id/7000000000030022,http://data.ordnancesurvey.co.uk/ontology/admingeo/UnitaryAuthority,Scotland,http://data.ordnancesurvey.co.uk/id/7000000000041429,Scotland,http://data.ordnancesurvey.co.uk/id/country/scotland,,,
osgb4000000074789481,http://data.ordnancesurvey.co.uk/id/4000000074789481,Caolas Isgeir,,,,hydrography,Channel,155067,962363,1000,100000,154817,962084,155317,962584,HS2,http://data.ordnancesurvey.co.uk/id/postcodedistrict/HS2,,,,,,,Na h-Eileanan an Iar,http://data.ordnancesurvey.co.uk/id/7000000000030022,http://data.ordnancesurvey.co.uk/ontology/admingeo/UnitaryAuthority,Scotland,http://data.ordnancesurvey.co.uk/id/7000000000041429,Scotland,http://data.ordnancesurvey.co.uk/id/country/scotland,,,
HS20XD,http://data.ordnancesurvey.co.uk/id/postcodeunit/HS20XD,HS2 0XD,,,,other,Postcode,152404,963972,3500,18000,,,,,,,Lìonal / Lionel,http://data.ordnancesurvey.co.uk/id/4000000074576871,http://www.ordnancesurvey.co.uk/xml/codelists/localtype.xml#village,,,,Na h-Eileanan an Iar,http://data.ordnancesurvey.co.uk/id/7000000000030022,http://data.ordnancesurvey.co.uk/ontology/admingeo/UnitaryAuthority,Scotland,http://data.ordnancesurvey.co.uk/id/7000000000041429,Scotland,http://data.ordnancesurvey.co.uk/id/country/scotland,,,
HS20TN,http://data.ordnancesurvey.co.uk/id/postcodeunit/HS20TN,HS2 0TN,,,,other,Postcode,152936,963065,3500,18000,,,,,,,Lìonal / Lionel,http://data.ordnancesurvey.co.uk/id/4000000074576871,http://www.ordnancesurvey.co.uk/xml/codelists/localtype.xml#village,,,,Na h-Eileanan an Iar,http://data.ordnancesurvey.co.uk/id/7000000000030022,http://data.ordnancesurvey.co.uk/ontology/admingeo/UnitaryAuthority,Scotland,http://data.ordnancesurvey.co.uk/id/7000000000041429,Scotland,http://data.ordnancesurvey.co.uk/id/country/scotland,,,
osgb4000000073495007,http://data.ordnancesurvey.co.uk/id/4000000073495007,Sgoil Lionail,,Lionel School,,other,"Primary Education,Secondary Education",152163,964140,1000,50000,151913,963890,152413,964390,HS2,http://data.ordnancesurvey.co.uk/id/postcodedistrict/HS2,Lìonal / Lionel,http://data.ordnancesurvey.co.uk/id/4000000074576871,http://www.ordnancesurvey.co.uk/xml/codelists/localtype.xml#village,,,,Na h-Eileanan an Iar,http://data.ordnancesurvey.co.uk/id/7000000000030022,http://data.ordnancesurvey.co.uk/ontology/admingeo/UnitaryAuthority,Scotland,http://data.ordnancesurvey.co.uk/id/7000000000041429,Scotland,http://data.ordnancesurvey.co.uk/id/country/scotland,,,
cd68fd8f-131d-4f34-ab3b-b6ccc3587ae8,http://data.ordnancesurvey.co.uk/id/cd68fd8f-131d-4f34-ab3b-b6ccc3587ae8,Rathad Chros-Sgiogarstaigh,,,,transportNetwork,Section Of Named Road,152109,962242,19000,25000,150752,961773,153621,962420,HS2,http://data.ordnancesurvey.co.uk/id/postcodedistrict/HS2,Nis / Ness,http://data.ordnancesurvey.co.uk/id/4000000074542534,http://www.ordnancesurvey.co.uk/xml/codelists/localtype.xml#village,,,,Na h-Eileanan an Iar,http://data.ordnancesurvey.co.uk/id/7000000000030022,http://data.ordnancesurvey.co.uk/ontology/admingeo/UnitaryAuthority,Scotland,http://data.ordnancesurvey.co.uk/id/7000000000041429,Scotland,http://data.ordnancesurvey.co.uk/id/country/scotland,osgb4000000003311222,,
osgb4000000003307792,http://data.ordnancesurvey.co.uk/id/4000000003307792,Back Street,,,,transportNetwork,Named Road,150554,961930,1000,20000,150499,961901,150584,962022,HS2,http://data.ordnancesurvey.co.uk/id/postcodedistrict/HS2,Cros / Cross,http://data.ordnancesurvey.co.uk/id/4000000074576318,http://www.ordnancesurvey.co.uk/xml/codelists/localtype.xml#village,,,,Na h-Eileanan an Iar,http://data.ordnancesurvey.co.uk/id/7000000000030022,http://data.ordnancesurvey.co.uk/ontology/admingeo/UnitaryAuthority,Scotland,http://data.ordnancesurvey.co.uk/id/7000000000041429,Scotland,http://data.ordnancesurvey.co.uk/id/country/scotland,,,
