osgb4000000074336935,http://data.ordnancesurvey.co.uk/id/4000000074336935,Taobh Tuath,,,,populatedPlace,Village,99225,889742,8000,250000,98611,889277,99570,890504,HS3,http://data.ordnancesurvey.co.uk/id/postcodedistrict/HS3,,,,,,,Na h-Eileanan an Iar,http://data.ordnancesurvey.co.uk/id/7000000000030022,http://data.ordnancesurvey.co.uk/ontology/admingeo/UnitaryAuthority,Scotland,http://data.ordnancesurvey.co.uk/id/7000000000041429,Scotland,http://data.ordnancesurvey.co.uk/id/country/scotland,,,
osgb4000000074564812,http://data.ordnancesurvey.co.uk/id/4000000074564812,Borve,eng,Borgh,gla,populatedPlace,Village,91747,880832,9000,250000,90933,880017,92155,881405,HS6,http://data.ordnancesurvey.co.uk/id/postcodedistrict/HS6,,,,,,,Na h-Eileanan an Iar,http://data.ordnancesurvey.co.uk/id/7000000000030022,http://data.ordnancesurvey.co.uk/ontology/admingeo/UnitaryAuthority,Scotland,http://data.ordnancesurvey.co.uk/id/7000000000041429,Scotland,http://data.ordnancesurvey.co.uk/id/country/scotland,,,
osgb4000000074564813,http://data.ordnancesurvey.co.uk/id/4000000074564813,Baile,,,,populatedPlace,Hamlet,93006,881540,5000,25000,92833,881257,93333,881757,HS6,http://data.ordnancesurvey.co.uk/id/postcodedistrict/HS6,,,,,,,Na h-Eileanan an Iar,http://data.ordnancesurvey.co.uk/id/7000000000030022,http://data.ordnancesurvey.co.uk/ontology/admingeo/UnitaryAuthority,Scotland,http://data.ordnancesurvey.co.uk/id/7000000000041429,Scotland,http://data.ordnancesurvey.co.uk/id/country/scotland,,,
osgb4000000074543325,http://data.ordnancesurvey.co.uk/id/4000000074543325,Ruisgarry,eng,Ruisigearraidh,gla,populatedPlace,Village,92493,881918,11000,250000,91949,880998,93678,882732,HS6,http://data.ordnancesurvey.co.uk/id/postcodedistrict/HS6,,,,,,,Na h-Eileanan an Iar,http://data.ordnancesurvey.co.uk/id/7000000000030022,http://data.ordnancesurvey.co.uk/ontology/admingeo/UnitaryAuthority,Scotland,http://data.ordnancesurvey.co.uk/id/7000000000041429,Scotland,http://data.ordnancesurvey.co.uk/id/country/scotland,,,
HS65BH,http://data.ordnancesurvey.co.uk/id/postcodeunit/HS65BH,HS6 5BH,,,,other,Postcode,91926,880875,3500,18000,,,,,,,Borve / Borgh,http://data.ordnancesurvey.co.uk/id/4000000074564812,http://www.ordnancesurvey.co.uk/xml/codelists/localtype.xml#village,,,,Na h-Eileanan an Iar,http://data.ordnancesurvey.co.uk/id/7000000000030022,http://data.ordnancesurvey.co.uk/ontology/admingeo/UnitaryAuthority,Scotland,http://data.ordnancesurvey.co.uk/id/7000000000041429,Scotland,http://data.ordnancesurvey.co.uk/id/country/scotland,,,
HS65AJ,http://data.ordnancesurvey.co.uk/id/postcodeunit/HS65AJ,HS6 5AJ,,,,other,Postcode,85586,881454,3500,18000,,,,,,,,,,,,,Na h-Eileanan an Iar,http://data.ordnancesurvey.co.uk/id/7000000000030022,http://data.ordnancesurvey.co.uk/ontology/admingeo/UnitaryAuthority,Scotland,http://data.ordnancesurvey.co.uk/id/7000000000041429,Scotland,http://data.ordnancesurvey.co.uk/id/country/scotland,,,
HS65BF,http://data.ordnancesurvey.co.uk/id/postcodeunit/HS65BF,HS6 5BF,,,,other,Postcode,92047,881711,3500,18000,,,,,,,Ruisgarry / Ruisigearraidh,http://data.ordnancesurvey.co.uk/id/4000000074543325,http://www.ordnancesurvey.co.uk/xml/codelists/localtype.xml#village,,,,Na h-Eileanan an Iar,http://data.ordnancesurvey.co.uk/id/7000000000030022,http://data.ordnancesurvey.co.uk/ontology/admingeo/UnitaryAuthority,Scotland,http://data.ordnancesurvey.co.uk/id/7000000000041429,Scotland,http://data.ordnancesurvey.co.uk/id/country/scotland,,,
HS33JA,http://data.ordnancesurvey.co.uk/id/postcodeunit/HS33JA,HS3 3JA,,,,other,Postcode,99149,889818,3500,18000,,,,,,,Taobh Tuath,http://data.ordnancesurvey.co.uk/id/4000000074336935,http://www.ordnancesurvey.co.uk/xml/codelists/localtype.xml#village,,,,Na h-Eileanan an Iar,http://data.ordnancesurvey.co.uk/id/7000000000030022,http://data.ordnancesurvey.co.uk/ontology/admingeo/UnitaryAuthority,Scotland,http://data.ordnancesurvey.co.uk/id/7000000000041429,Scotland,http://data.ordnancesurvey.co.uk/id/country/scotland,,,
HS65BR,http://data.ordnancesurvey.co.uk/id/postcodeunit/HS65BR,HS6 5BR,,,,other,Postcode,93020,881503,3500,18000,,,,,,,Baile,http://data.ordnancesurvey.co.uk/id/4000000074564813,http://www.ordnancesurvey.co.uk/xml/codelists/localtype.xml#hamlet,,,,Na h-Eileanan an Iar,http://data.ordnancesurvey.co.uk/id/7000000000030022,http://data.ordnancesurvey.co.uk/ontology/admingeo/UnitaryAuthority,Scotland,http://data.ordnancesurvey.co.uk/id/7000000000041429,Scotland,http://data.ordnancesurvey.co.uk/id/country/scotland,,,
HS65BJ,http://data.ordnancesurvey.co.uk/id/postcodeunit/HS65BJ,HS6 5BJ,,,,other,Postcode,91519,880949,3500,18000,,,,,,,Borve / Borgh,http://data.ordnancesurvey.co.uk/id/4000000074564812,http://www.ordnancesurvey.co.uk/xml/codelists/localtype.xml#village,,,,Na h-Eileanan an Iar,http://data.ordnancesurvey.co.uk/id/7000000000030022,http://data.ordnancesurvey.co.uk/ontology/admingeo/UnitaryAuthority,Scotland,http://data.ordnancesurvey.co.uk/id/7000000000041429,Scotland,http://data.ordnancesurvey.co.uk/id/country/scotland,,,
HS65BB,http://data.ordnancesurvey.co.uk/id/postcodeunit/HS65BB,HS6 5BB,,,,other,Postcode,92062,881442,3500,18000,,,,,,,Ruisgarry / Ruisigearraidh,http://data.ordnancesurvey.co.uk/id/4000000074543325,http://www.ordnancesurvey.co.uk/xml/codelists/localtype.xml#village,,,,Na h-Eileanan an Iar,http://data.ordnancesurvey.co.uk/id/7000000000030022,http://data.ordnancesurvey.co.uk/ontology/admingeo/UnitaryAuthority,Scotland,http://data.ordnancesurvey.co.uk/id/7000000000041429,Scotland,http://data.ordnancesurvey.co.uk/id/country/scotland,,,
HS65BE,http://data.ordnancesurvey.co.uk/id/postcodeunit/HS65BE,HS6 5BE,,,,other,Postcode,92170,882630,3500,18000,,,,,,,Ruisgarry / Ruisigearraidh,http://data.ordnancesurvey.co.uk/id/4000000074543325,http://www.ordnancesurvey.co.uk/xml/codelists/localtype.xml#village,,,,Na h-Eileanan an Iar,http://data.ordnancesurvey.co.uk/id/7000000000030022,http://data.ordnancesurvey.co.uk/ontology/admingeo/UnitaryAuthority,Scotland,http://data.ordnancesurvey.co.uk/id/7000000000041429,Scotland,http://data.ordnancesurvey.co.uk/id/country/scotland,,,
HS65BD,http://data.ordnancesurvey.co.uk/id/postcodeunit/HS65BD,HS6 5BD,,,,other,Postcode,92079,881504,3500,18000,,,,,,,Ruisgarry / Ruisigearraidh,http://data.ordnancesurvey.co.uk/id/4000000074543325,http://www.ordnancesurvey.co.uk/xml/codelists/localtype.xml#village,,,,Na h-Eileanan an Iar,http://data.ordnancesurvey.co.uk/id/7000000000030022,http://data.ordnancesurvey.co.uk/ontology/admingeo/UnitaryAuthority,Scotland,http://data.ordnancesurvey.co.uk/id/7000000000041429,Scotland,http://data.ordnancesurvey.co.uk/id/country/scotland,,,
HS65BQ,http://data.ordnancesurvey.co.uk/id/postcodeunit/HS65BQ,HS6 5BQ,,,,other,Postcode,93082,882030,3500,18000,,,,,,,,,,,,,Na h-Eileanan an Iar,http://data.ordnancesurvey.co.uk/id/7000000000030022,http://data.ordnancesurvey.co.uk/ontology/admingeo/UnitaryAuthority,Scotland,http://data.ordnancesurvey.co.uk/id/7000000000041429,Scotland,http://data.ordnancesurvey.co.uk/id/country/scotland,,,
osgb4000000003423781,http://data.ordnancesurvey.co.uk/id/4000000003423781,Church Road,,,,transportNetwork,Named Road,92057,881738,1000,20000,92037,881697,92090,881770,HS6,http://data.ordnancesurvey.co.uk/id/postcodedistrict/HS6,Ruisgarry / Ruisigearraidh,http://data.ordnancesurvey.co.uk/id/4000000074543325,http://www.ordnancesurvey.co.uk/xml/codelists/localtype.xml#village,,,,Na h-Eileanan an Iar,http://data.ordnancesurvey.co.uk/id/7000000000030022,http://data.ordnancesurvey.co.uk/ontology/admingeo/UnitaryAuthority,Scotland,http://data.ordnancesurvey.co.uk/id/7000000000041429,Scotland,http://data.ordnancesurvey.co.uk/id/country/scotland,,,
osgb4000000074720919,http://data.ordnancesurvey.co.uk/id/4000000074720919,Tràigh Baile Fo Thuath,,,,landcover,Beach,90524,887413,5000,100000,90244,886891,90805,887687,HS6,http://data.ordnancesurvey.co.uk/id/postcodedistrict/HS6,,,,,,,Na h-Eileanan an Iar,http://data.ordnancesurvey.co.uk/id/7000000000030022,http://data.ordnancesurvey.co.uk/ontology/admingeo/UnitaryAuthority,Scotland,http://data.ordnancesurvey.co.uk/id/7000000000041429,Scotland,http://data.ordnancesurvey.co.uk/id/country/scotland,,,
osgb4000000074618363,http://data.ordnancesurvey.co.uk/id/4000000074618363,Bideanan,,,,landform,Hill Or Mountain,99228,888861,1000,300000,98978,888611,99478,889111,HS3,http://data.ordnancesurvey.co.uk/id/postcodedistrict/HS3,,,,,,,Na h-Eileanan an Iar,http://data.ordnancesurvey.co.uk/id/7000000000030022,http://data.ordnancesurvey.co.uk/ontology/admingeo/UnitaryAuthority,Scotland,http://data.ordnancesurvey.co.uk/id/7000000000041429,Scotland,http://data.ordnancesurvey.co.uk/id/country/scotland,,,
osgb4000000074720781,http://data.ordnancesurvey.co.uk/id/4000000074720781,Tràigh na Lùibe,,,,landcover,Beach,85653,881216,6000,100000,85404,880428,85904,881338,HS6,http://data.ordnancesurvey.co.uk/id/postcodedistrict/HS6,,,,,,,Na h-Eileanan an Iar,http://data.ordnancesurvey.co.uk/id/7000000000030022,http://data.ordnancesurvey.co.uk/ontology/admingeo/UnitaryAuthority,Scotland,http://data.ordnancesurvey.co.uk/id/7000000000041429,Scotland,http://data.ordnancesurvey.co.uk/id/country/scotland,,,
osgb4000000074757755,http://data.ordnancesurvey.co.uk/id/4000000074757755,Bodha Grànda,,,,landform,Other Coastal Landform,96533,885937,1000,50000,96283,885687,96783,886187,HS5,http://data.ordnancesurvey.co.uk/id/postcodedistrict/HS5,,,,,,,Na h-Eileanan an Iar,http://data.ordnancesurvey.co.uk/id/7000000000030022,http://data.ordnancesurvey.co.uk/ontology/admingeo/UnitaryAuthority,Scotland,http://data.ordnancesurvey.co.uk/id/7000000000041429,Scotland,http://data.ordnancesurvey.co.uk/id/country/scotland,,,
osgb4000000074757754,http://data.ordnancesurvey.co.uk/id/4000000074757754,Tobhan,,,,landform,Other Coastal Landform,96934,886832,1000,50000,96684,886562,97184,887062,HS3,http://data.ordnancesurvey.co.uk/id/postcodedistrict/HS3,,,,,,,Na h-Eileanan an Iar,http://data.ordnancesurvey.co.uk/id/7000000000030022,http://data.ordnancesurvey.co.uk/ontology/admingeo/UnitaryAuthority,Scotland,http://data.ordnancesurvey.co.uk/id/7000000000041429,Scotland,http://data.ordnancesurvey.co.uk/id/country/scotland,,,
osgb4000000074794753,http://data.ordnancesurvey.co.uk/id/4000000074794753,Berneray Harbour,,,,transportNetwork,Harbour,92316,881132,1000,20000,92069,880882,92569,881382,HS6,http://data.ordnancesurvey.co.uk/id/postcodedistrict/HS6,,,,,,,Na h-Eileanan an Iar,http://data.ordnancesurvey.co.uk/id/7000000000030022,http://data.ordnancesurvey.co.uk/ontology/admingeo/UnitaryAuthority,Scotland,http://data.ordnancesurvey.co.uk/id/7000000000041429,Scotland,http://data.ordnancesurvey.co.uk/id/country/scotland,,,
osgb4000000074615981,http://data.ordnancesurvey.co.uk/id/4000000074615981,Sgairidh,,,,landform,Hill Or Mountain,98185,885238,1000,300000,97935,884988,98435,885488,HS5,http://data.ordnancesurvey.co.uk/id/postcodedistrict/HS5,,,,,,,Na h-Eileanan an Iar,http://data.ordnancesurvey.co.uk/id/7000000000030022,http://data.ordnancesurvey.co.uk/ontology/admingeo/UnitaryAuthority,Scotland,http://data.ordnancesurvey.co.uk/id/7000000000041429,Scotland,http://data.ordnancesurvey.co.uk/id/country/scotland,,,
osgb4000000074746722,http://data.ordnancesurvey.co.uk/id/4000000074746722,Rubh' an t-Seana-Chaisteal,,,,landform,Other Coastal Landform,90386,886980,1000,50000,90121,886730,90621,887230,HS6,http://data.ordnancesurvey.co.uk/id/postcodedistrict/HS6,,,,,,,Na h-Eileanan an Iar,http://data.ordnancesurvey.co.uk/id/7000000000030022,http://data.ordnancesurvey.co.uk/ontology/admingeo/UnitaryAuthority,Scotland,http://data.ordnancesurvey.co.uk/id/7000000000041429,Scotland,http://data.ordnancesurvey.co.uk/id/country/scotland,,,
osgb4000000074613630,http://data.ordnancesurvey.co.uk/id/4000000074613630,Sgeir na Gaineamhaich,,,,landform,Island,98289,883936,1000,800000,98045,883686,98545,884186,HS5,http://data.ordnancesurvey.co.uk/id/postcodedistrict/HS5,,,,,,,Na h-Eileanan an Iar,http://data.ordnancesurvey.co.uk/id/7000000000030022,http://data.ordnancesurvey.co.uk/ontology/admingeo/UnitaryAuthority,Scotland,http://data.ordnancesurvey.co.uk/id/7000000000041429,Scotland,http://data.ordnancesurvey.co.uk/id/country/scotland,,,
osgb4000000074746670,http://data.ordnancesurvey.co.uk/id/4000000074746670,Cleit Ruadh,,,,landform,Coastal Headland,84535,882039,1000,750000,84286,881788,84786,882288,HS6,http://data.ordnancesurvey.co.uk/id/postcodedistrict/HS6,,,,,,,Na h-Eileanan an Iar,http://data.ordnancesurvey.co.uk/id/7000000000030022,http://data.ordnancesurvey.co.uk/ontology/admingeo/UnitaryAuthority,Scotland,http://data.ordnancesurvey.co.uk/id/7000000000041429,Scotland,http://data.ordnancesurvey.co.uk/id/country/scotland,,,
osgb4000000074804441,http://data.ordnancesurvey.co.uk/id/4000000074804441,Loch na h-Easgainn,,,,hydrography,Inland Water,87265,887433,1000,500000,87016,887193,87516,887693,HS6,http://data.ordnancesurvey.co.uk/id/postcodedistrict/HS6,,,,,,,Na h-Eileanan an Iar,http://data.ordnancesurvey.co.uk/id/7000000000030022,http://data.ordnancesurvey.co.uk/ontology/admingeo/UnitaryAuthority,Scotland,http://data.ordnancesurvey.co.uk/id/7000000000041429,Scotland,http://data.ordnancesurvey.co.uk/id/country/scotland,,,
osgb4000000074747205,http://data.ordnancesurvey.co.uk/id/4000000074747205,Aird Ma-Ruibhe,,,,landform,Coastal Headland,91469,880068,4000,750000,91058,879767,91720,880368,HS6,http://data.ordnancesurvey.co.uk/id/postcodedistrict/HS6,,,,,,,Na h-Eileanan an Iar,http://data.ordnancesurvey.co.uk/id/7000000000030022,http://data.ordnancesurvey.co.uk/ontology/admingeo/UnitaryAuthority,Scotland,http://data.ordnancesurvey.co.uk/id/7000000000041429,Scotland,http://data.ordnancesurvey.co.uk/id/country/scotland,,,
osgb4000000074804438,http://data.ordnancesurvey.co.uk/id/4000000074804438,Loch Beag,,,,hydrography,Inland Water,84970,880695,1000,500000,84705,880445,85205,880945,HS6,http://data.ordnancesurvey.co.uk/id/postcodedistrict/HS6,,,,,,,Na h-Eileanan an Iar,http://data.ordnancesurvey.co.uk/id/7000000000030022,http://data.ordnancesurvey.co.uk/ontology/admingeo/UnitaryAuthority,Scotland,http://data.ordnancesurvey.co.uk/id/7000000000041429,Scotland,http://data.ordnancesurvey.co.uk/id/country/scotland,,,
osgb4000000074616360,http://data.ordnancesurvey.co.uk/id/4000000074616360,Beinn Shlèibhe,,,,landform,Hill Or Mountain,92842,883280,1000,300000,92592,883030,93092,883530,HS6,http://data.ordnancesurvey.co.uk/id/postcodedistrict/HS6,,,,,,,Na h-Eileanan an Iar,http://data.ordnancesurvey.co.uk/id/7000000000030022,http://data.ordnancesurvey.co.uk/ontology/admingeo/UnitaryAuthority,Scotland,http://data.ordnancesurvey.co.uk/id/7000000000041429,Scotland,http://data.ordnancesurvey.co.uk/id/country/scotland,,,
osgb4000000074746798,http://data.ordnancesurvey.co.uk/id/4000000074746798,Rubh' a' Bhaile Fo Thuath,,,,landform,Coastal Headland,90807,887871,3000,750000,90558,887576,91058,888076,HS6,http://data.ordnancesurvey.co.uk/id/postcodedistrict/HS6,,,,,,,Na h-Eileanan an Iar,http://data.ordnancesurvey.co.uk/id/7000000000030022,http://data.ordnancesurvey.co.uk/ontology/admingeo/UnitaryAuthority,Scotland,http://data.ordnancesurvey.co.uk/id/7000000000041429,Scotland,http://data.ordnancesurvey.co.uk/id/country/scotland,,,
osgb4000000074747037,http://data.ordnancesurvey.co.uk/id/4000000074747037,Rubha Sgarasdail,,,,landform,Other Coastal Landform,88705,889245,1000,50000,88456,888995,88956,889495,HS6,http://data.ordnancesurvey.co.uk/id/postcodedistrict/HS6,,,,,,,Na h-Eileanan an Iar,http://data.ordnancesurvey.co.uk/id/7000000000030022,http://data.ordnancesurvey.co.uk/ontology/admingeo/UnitaryAuthority,Scotland,http://data.ordnancesurvey.co.uk/id/7000000000041429,Scotland,http://data.ordnancesurvey.co.uk/id/country/scotland,,,
osgb4000000074614472,http://data.ordnancesurvey.co.uk/id/4000000074614472,Copaigh,,,,landform,Island,93281,893811,3000,800000,93031,893533,93531,894033,HS3,http://data.ordnancesurvey.co.uk/id/postcodedistrict/HS3,,,,,,,Na h-Eileanan an Iar,http://data.ordnancesurvey.co.uk/id/7000000000030022,http://data.ordnancesurvey.co.uk/ontology/admingeo/UnitaryAuthority,Scotland,http://data.ordnancesurvey.co.uk/id/7000000000041429,Scotland,http://data.ordnancesurvey.co.uk/id/country/scotland,,,
osgb4000000074815745,http://data.ordnancesurvey.co.uk/id/4000000074815745,Beinn Bheag,,,,landform,Hill Or Mountain,85397,881867,1000,300000,85147,881617,85647,882117,HS6,http://data.ordnancesurvey.co.uk/id/postcodedistrict/HS6,,,,,,,Na h-Eileanan an Iar,http://data.ordnancesurvey.co.uk/id/7000000000030022,http://data.ordnancesurvey.co.uk/ontology/admingeo/UnitaryAuthority,Scotland,http://data.ordnancesurvey.co.uk/id/7000000000041429,Scotland,http://data.ordnancesurvey.co.uk/id/country/scotland,,,
osgb4000000074612409,http://data.ordnancesurvey.co.uk/id/4000000074612409,Sgeir Chruaidh,,,,landform,Island,99308,880466,2000,800000,99058,880247,99558,880747,HS5,http://data.ordnancesurvey.co.uk/id/postcodedistrict/HS5,,,,,,,Na h-Eileanan an Iar,http://data.ordnancesurvey.co.uk/id/7000000000030022,http://data.ordnancesurvey.co.uk/ontology/admingeo/UnitaryAuthority,Scotland,http://data.ordnancesurvey.co.uk/id/7000000000041429,Scotland,http://data.ordnancesurvey.co.uk/id/country/scotland,,,
osgb4000000074746667,http://data.ordnancesurvey.co.uk/id/4000000074746667,Manish,,,,landform,Coastal Headland,97088,886748,2000,750000,96853,886498,97353,886998,HS3,http://data.ordnancesurvey.co.uk/id/postcodedistrict/HS3,,,,,,,Na h-Eileanan an Iar,http://data.ordnancesurvey.co.uk/id/7000000000030022,http://data.ordnancesurvey.co.uk/ontology/admingeo/UnitaryAuthority,Scotland,http://data.ordnancesurvey.co.uk/id/7000000000041429,Scotland,http://data.ordnancesurvey.co.uk/id/country/scotland,,,
osgb4000000074616364,http://data.ordnancesurvey.co.uk/id/4000000074616364,Maodal,,,,landform,Hill Or Mountain,99724,890370,1000,300000,99474,890120,99974,890620,HS3,http://data.ordnancesurvey.co.uk/id/postcodedistrict/HS3,,,,,,,Na h-Eileanan an Iar,http://data.ordnancesurvey.co.uk/id/7000000000030022,http://data.ordnancesurvey.co.uk/ontology/admingeo/UnitaryAuthority,Scotland,http://data.ordnancesurvey.co.uk/id/7000000000041429,Scotland,http://data.ordnancesurvey.co.uk/id/country/scotland,,,
osgb4000000074747494,http://data.ordnancesurvey.co.uk/id/4000000074747494,Rubha Claidhe,,,,landform,Other Coastal Landform,97585,884667,1000,50000,97316,884418,97816,884918,HS5,http://data.ordnancesurvey.co.uk/id/postcodedistrict/HS5,,,,,,,Na h-Eileanan an Iar,http://data.ordnancesurvey.co.uk/id/7000000000030022,http://data.ordnancesurvey.co.uk/ontology/admingeo/UnitaryAuthority,Scotland,http://data.ordnancesurvey.co.uk/id/7000000000041429,Scotland,http://data.ordnancesurvey.co.uk/id/country/scotland,,,
osgb4000000074758135,http://data.ordnancesurvey.co.uk/id/4000000074758135,Mol a' Mhaide Mhòir,,,,landform,Other Coastal Landform,87440,888507,1000,50000,87190,888219,87690,888719,HS6,http://data.ordnancesurvey.co.uk/id/postcodedistrict/HS6,,,,,,,Na h-Eileanan an Iar,http://data.ordnancesurvey.co.uk/id/7000000000030022,http://data.ordnancesurvey.co.uk/ontology/admingeo/UnitaryAuthority,Scotland,http://data.ordnancesurvey.co.uk/id/7000000000041429,Scotland,http://data.ordnancesurvey.co.uk/id/country/scotland,,,
osgb4000000074747317,http://data.ordnancesurvey.co.uk/id/4000000074747317,Steisinis,,,,landform,Other Coastal Landform,98503,882760,1000,20000,98251,882510,98751,883010,HS5,http://data.ordnancesurvey.co.uk/id/postcodedistrict/HS5,,,,,,,Na h-Eileanan an Iar,http://data.ordnancesurvey.co.uk/id/7000000000030022,http://data.ordnancesurvey.co.uk/ontology/admingeo/UnitaryAuthority,Scotland,http://data.ordnancesurvey.co.uk/id/7000000000041429,Scotland,http://data.ordnancesurvey.co.uk/id/country/scotland,,,
osgb4000000074616365,http://data.ordnancesurvey.co.uk/id/4000000074616365,Meahall,,,,landform,Hill Or Mountain,87909,888199,1000,300000,87659,887949,88159,888449,HS6,http://data.ordnancesurvey.co.uk/id/postcodedistrict/HS6,,,,,,,Na h-Eileanan an Iar,http://data.ordnancesurvey.co.uk/id/7000000000030022,http://data.ordnancesurvey.co.uk/ontology/admingeo/UnitaryAuthority,Scotland,http://data.ordnancesurvey.co.uk/id/7000000000041429,Scotland,http://data.ordnancesurvey.co.uk/id/country/scotland,,,
osgb4000000074616363,http://data.ordnancesurvey.co.uk/id/4000000074616363,Mullach Mòr,,,,landform,Hill Or Mountain,84952,881781,1000,300000,84702,881531,85202,882031,HS6,http://data.ordnancesurvey.co.uk/id/postcodedistrict/HS6,,,,,,,Na h-Eileanan an Iar,http://data.ordnancesurvey.co.uk/id/7000000000030022,http://data.ordnancesurvey.co.uk/ontology/admingeo/UnitaryAuthority,Scotland,http://data.ordnancesurvey.co.uk/id/7000000000041429,Scotland,http://data.ordnancesurvey.co.uk/id/country/scotland,,,
osgb4000000074789365,http://data.ordnancesurvey.co.uk/id/4000000074789365,Caolas Shiolaigh,,,,hydrography,Channel,88198,890057,24000,100000,86359,888856,90127,891276,HS6,http://data.ordnancesurvey.co.uk/id/postcodedistrict/HS6,,,,,,,Na h-Eileanan an Iar,http://data.ordnancesurvey.co.uk/id/7000000000030022,http://data.ordnancesurvey.co.uk/ontology/admingeo/UnitaryAuthority,Scotland,http://data.ordnancesurvey.co.uk/id/7000000000041429,Scotland,http://data.ordnancesurvey.co.uk/id/country/scotland,,,
osgb4000000074613631,http://data.ordnancesurvey.co.uk/id/4000000074613631,Eilean Chòdam,,,,landform,Island,98920,884434,1000,800000,98670,884172,99170,884672,HS5,http://data.ordnancesurvey.co.uk/id/postcodedistrict/HS5,,,,,,,Na h-Eileanan an Iar,http://data.ordnancesurvey.co.uk/id/7000000000030022,http://data.ordnancesurvey.co.uk/ontology/admingeo/UnitaryAuthority,Scotland,http://data.ordnancesurvey.co.uk/id/7000000000041429,Scotland,http://data.ordnancesurvey.co.uk/id/country/scotland,,,
osgb4000000074768934,http://data.ordnancesurvey.co.uk/id/4000000074768934,Cnoc na Grèine,,,,landform,Hill Or Mountain,92244,882221,1000,300000,91994,881971,92494,882471,HS6,http://data.ordnancesurvey.co.uk/id/postcodedistrict/HS6,,,,,,,Na h-Eileanan an Iar,http://data.ordnancesurvey.co.uk/id/7000000000030022,http://data.ordnancesurvey.co.uk/ontology/admingeo/UnitaryAuthority,Scotland,http://data.ordnancesurvey.co.uk/id/7000000000041429,Scotland,http://data.ordnancesurvey.co.uk/id/country/scotland,,,
osgb4000000074798343,http://data.ordnancesurvey.co.uk/id/4000000074798343,Loch Bhuirgh,,,,hydrography,Tidal Water,90859,880074,5000,150000,90221,880011,91040,880784,HS6,http://data.ordnancesurvey.co.uk/id/postcodedistrict/HS6,,,,,,,Na h-Eileanan an Iar,http://data.ordnancesurvey.co.uk/id/7000000000030022,http://data.ordnancesurvey.co.uk/ontology/admingeo/UnitaryAuthority,Scotland,http://data.ordnancesurvey.co.uk/id/7000000000041429,Scotland,http://data.ordnancesurvey.co.uk/id/country/scotland,,,
osgb4000000074787925,http://data.ordnancesurvey.co.uk/id/4000000074787925,Caolas Sròmaigh,,,,hydrography,Channel,98913,888646,4000,100000,98663,888369,99163,888936,HS3,http://data.ordnancesurvey.co.uk/id/postcodedistrict/HS3,,,,,,,Na h-Eileanan an Iar,http://data.ordnancesurvey.co.uk/id/7000000000030022,http://data.ordnancesurvey.co.uk/ontology/admingeo/UnitaryAuthority,Scotland,http://data.ordnancesurvey.co.uk/id/7000000000041429,Scotland,http://data.ordnancesurvey.co.uk/id/country/scotland,,,
osgb4000000074788037,http://data.ordnancesurvey.co.uk/id/4000000074788037,Camas an Liuthaire,,,,hydrography,Bay,95872,893852,1000,150000,95634,893611,96134,894111,HS3,http://data.ordnancesurvey.co.uk/id/postcodedistrict/HS3,,,,,,,Na h-Eileanan an Iar,http://data.ordnancesurvey.co.uk/id/7000000000030022,http://data.ordnancesurvey.co.uk/ontology/admingeo/UnitaryAuthority,Scotland,http://data.ordnancesurvey.co.uk/id/7000000000041429,Scotland,http://data.ordnancesurvey.co.uk/id/country/scotland,,,
osgb4000000074590746,http://data.ordnancesurvey.co.uk/id/4000000074590746,Bodha Leathach Caolais,,,,landform,Other Coastal Landform,98588,887670,1000,50000,98338,887419,98838,887919,HS5,http://data.ordnancesurvey.co.uk/id/postcodedistrict/HS5,,,,,,,Na h-Eileanan an Iar,http://data.ordnancesurvey.co.uk/id/7000000000030022,http://data.ordnancesurvey.co.uk/ontology/admingeo/UnitaryAuthority,Scotland,http://data.ordnancesurvey.co.uk/id/7000000000041429,Scotland,http://data.ordnancesurvey.co.uk/id/country/scotland,,,
osgb4000000074613636,http://data.ordnancesurvey.co.uk/id/4000000074613636,Sgeir Mhurain,,,,landform,Island,96393,884910,2000,800000,96166,884661,96666,885161,HS6,http://data.ordnancesurvey.co.uk/id/postcodedistrict/HS6,,,,,,,Na h-Eileanan an Iar,http://data.ordnancesurvey.co.uk/id/7000000000030022,http://data.ordnancesurvey.co.uk/ontology/admingeo/UnitaryAuthority,Scotland,http://data.ordnancesurvey.co.uk/id/7000000000041429,Scotland,http://data.ordnancesurvey.co.uk/id/country/scotland,,,
osgb4000000074757630,http://data.ordnancesurvey.co.uk/id/4000000074757630,Rubha na Sgarbh,,,,landform,Other Coastal Landform,96683,880184,2000,50000,96428,879934,96928,880434,HS6,http://data.ordnancesurvey.co.uk/id/postcodedistrict/HS6,,,,,,,Na h-Eileanan an Iar,http://data.ordnancesurvey.co.uk/id/7000000000030022,http://data.ordnancesurvey.co.uk/ontology/admingeo/UnitaryAuthority,Scotland,http://data.ordnancesurvey.co.uk/id/7000000000041429,Scotland,http://data.ordnancesurvey.co.uk/id/country/scotland,,,
osgb4000000074788175,http://data.ordnancesurvey.co.uk/id/4000000074788175,Bàgh a' Chaolais,,,,hydrography,Bay,99839,887754,1000,150000,99578,887520,100078,888020,HS5,http://data.ordnancesurvey.co.uk/id/postcodedistrict/HS5,,,,,,,Na h-Eileanan an Iar,http://data.ordnancesurvey.co.uk/id/7000000000030022,http://data.ordnancesurvey.co.uk/ontology/admingeo/UnitaryAuthority,Scotland,http://data.ordnancesurvey.co.uk/id/7000000000041429,Scotland,http://data.ordnancesurvey.co.uk/id/country/scotland,,,
osgb4000000074618364,http://data.ordnancesurvey.co.uk/id/4000000074618364,Ceapabhal,,,,landform,Hill Or Mountain,97221,892443,1000,300000,96971,892193,97471,892693,HS3,http://data.ordnancesurvey.co.uk/id/postcodedistrict/HS3,,,,,,,Na h-Eileanan an Iar,http://data.ordnancesurvey.co.uk/id/7000000000030022,http://data.ordnancesurvey.co.uk/ontology/admingeo/UnitaryAuthority,Scotland,http://data.ordnancesurvey.co.uk/id/7000000000041429,Scotland,http://data.ordnancesurvey.co.uk/id/country/scotland,,,
osgb4000000074789356,http://data.ordnancesurvey.co.uk/id/4000000074789356,Caolas Sgairidh,,,,hydrography,Channel,97859,884770,7000,100000,97351,884317,98415,885224,HS5,http://data.ordnancesurvey.co.uk/id/postcodedistrict/HS5,,,,,,,Na h-Eileanan an Iar,http://data.ordnancesurvey.co.uk/id/7000000000030022,http://data.ordnancesurvey.co.uk/ontology/admingeo/UnitaryAuthority,Scotland,http://data.ordnancesurvey.co.uk/id/7000000000041429,Scotland,http://data.ordnancesurvey.co.uk/id/country/scotland,,,
osgb4000000074747318,http://data.ordnancesurvey.co.uk/id/4000000074747318,Chànais,,,,landform,Other Coastal Landform,98483,883393,2000,50000,98237,883143,98737,883643,HS5,http://data.ordnancesurvey.co.uk/id/postcodedistrict/HS5,,,,,,,Na h-Eileanan an Iar,http://data.ordnancesurvey.co.uk/id/7000000000030022,http://data.ordnancesurvey.co.uk/ontology/admingeo/UnitaryAuthority,Scotland,http://data.ordnancesurvey.co.uk/id/7000000000041429,Scotland,http://data.ordnancesurvey.co.uk/id/country/scotland,,,
osgb4000000074589406,http://data.ordnancesurvey.co.uk/id/4000000074589406,Shillay,eng,Siolaigh,gla,landform,Island,88031,891156,7000,800000,87519,890696,88610,891616,HS6,http://data.ordnancesurvey.co.uk/id/postcodedistrict/HS6,,,,,,,Na h-Eileanan an Iar,http://data.ordnancesurvey.co.uk/id/7000000000030022,http://data.ordnancesurvey.co.uk/ontology/admingeo/UnitaryAuthority,Scotland,http://data.ordnancesurvey.co.uk/id/7000000000041429,Scotland,http://data.ordnancesurvey.co.uk/id/country/scotland,,,
osgb4000000074798708,http://data.ordnancesurvey.co.uk/id/4000000074798708,Sound of Pabbay,,,,hydrography,Sea,90603,885650,29000,12000000,88546,883456,93023,887838,HS6,http://data.ordnancesurvey.co.uk/id/postcodedistrict/HS6,,,,,,,Na h-Eileanan an Iar,http://data.ordnancesurvey.co.uk/id/7000000000030022,http://data.ordnancesurvey.co.uk/ontology/admingeo/UnitaryAuthority,Scotland,http://data.ordnancesurvey.co.uk/id/7000000000041429,Scotland,http://data.ordnancesurvey.co.uk/id/country/scotland,,,
osgb4000000074758058,http://data.ordnancesurvey.co.uk/id/4000000074758058,Bogha Mairi,,,,landform,Other Coastal Landform,84931,882514,1000,50000,84668,882264,85168,882764,HS6,http://data.ordnancesurvey.co.uk/id/postcodedistrict/HS6,,,,,,,Na h-Eileanan an Iar,http://data.ordnancesurvey.co.uk/id/7000000000030022,http://data.ordnancesurvey.co.uk/ontology/admingeo/UnitaryAuthority,Scotland,http://data.ordnancesurvey.co.uk/id/7000000000041429,Scotland,http://data.ordnancesurvey.co.uk/id/country/scotland,,,
osgb4000000074719964,http://data.ordnancesurvey.co.uk/id/4000000074719964,Tràigh na h-Uidhe,,,,landcover,Beach,98499,890376,2000,100000,98249,890070,98749,890570,HS3,http://data.ordnancesurvey.co.uk/id/postcodedistrict/HS3,,,,,,,Na h-Eileanan an Iar,http://data.ordnancesurvey.co.uk/id/7000000000030022,http://data.ordnancesurvey.co.uk/ontology/admingeo/UnitaryAuthority,Scotland,http://data.ordnancesurvey.co.uk/id/7000000000041429,Scotland,http://data.ordnancesurvey.co.uk/id/country/scotland,,,
osgb4000000074809521,http://data.ordnancesurvey.co.uk/id/4000000074809521,Loch Veiligary,,,,hydrography,Inland Water,92052,881938,1000,500000,91803,881698,92303,882198,HS6,http://data.ordnancesurvey.co.uk/id/postcodedistrict/HS6,,,,,,,Na h-Eileanan an Iar,http://data.ordnancesurvey.co.uk/id/7000000000030022,http://data.ordnancesurvey.co.uk/ontology/admingeo/UnitaryAuthority,Scotland,http://data.ordnancesurvey.co.uk/id/7000000000041429,Scotland,http://data.ordnancesurvey.co.uk/id/country/scotland,,,
osgb4000000074747207,http://data.ordnancesurvey.co.uk/id/4000000074747207,Rubha Mhànais,,,,landform,Coastal Headland,92361,880930,1000,750000,92111,880662,92611,881162,HS6,http://data.ordnancesurvey.co.uk/id/postcodedistrict/HS6,,,,,,,Na h-Eileanan an Iar,http://data.ordnancesurvey.co.uk/id/7000000000030022,http://data.ordnancesurvey.co.uk/ontology/admingeo/UnitaryAuthority,Scotland,http://data.ordnancesurvey.co.uk/id/7000000000041429,Scotland,http://data.ordnancesurvey.co.uk/id/country/scotland,,,
osgb4000000074599637,http://data.ordnancesurvey.co.uk/id/4000000074599637,Beinn a' Charnain,,,,landform,Hill Or Mountain,89396,888476,1000,300000,89146,888226,89646,888726,HS6,http://data.ordnancesurvey.co.uk/id/postcodedistrict/HS6,,,,,,,Na h-Eileanan an Iar,http://data.ordnancesurvey.co.uk/id/7000000000030022,http://data.ordnancesurvey.co.uk/ontology/admingeo/UnitaryAuthority,Scotland,http://data.ordnancesurvey.co.uk/id/7000000000041429,Scotland,http://data.ordnancesurvey.co.uk/id/country/scotland,,,
osgb4000000074746730,http://data.ordnancesurvey.co.uk/id/4000000074746730,Geo Phàdraig,,,,landform,Other Coastal Landform,99384,888279,1000,15000,99134,888028,99634,888528,HS5,http://data.ordnancesurvey.co.uk/id/postcodedistrict/HS5,,,,,,,Na h-Eileanan an Iar,http://data.ordnancesurvey.co.uk/id/7000000000030022,http://data.ordnancesurvey.co.uk/ontology/admingeo/UnitaryAuthority,Scotland,http://data.ordnancesurvey.co.uk/id/7000000000041429,Scotland,http://data.ordnancesurvey.co.uk/id/country/scotland,,,
osgb4000000074746668,http://data.ordnancesurvey.co.uk/id/4000000074746668,Sròn Fhuar,,,,landform,Other Coastal Landform,84458,881481,1000,50000,84217,881231,84717,881731,HS6,http://data.ordnancesurvey.co.uk/id/postcodedistrict/HS6,,,,,,,Na h-Eileanan an Iar,http://data.ordnancesurvey.co.uk/id/7000000000030022,http://data.ordnancesurvey.co.uk/ontology/admingeo/UnitaryAuthority,Scotland,http://data.ordnancesurvey.co.uk/id/7000000000041429,Scotland,http://data.ordnancesurvey.co.uk/id/country/scotland,,,
osgb4000000074614054,http://data.ordnancesurvey.co.uk/id/4000000074614054,Sròmaigh,,,,landform,Island,98726,888529,2000,800000,98476,888308,98976,888808,HS3,http://data.ordnancesurvey.co.uk/id/postcodedistrict/HS3,,,,,,,Na h-Eileanan an Iar,http://data.ordnancesurvey.co.uk/id/7000000000030022,http://data.ordnancesurvey.co.uk/ontology/admingeo/UnitaryAuthority,Scotland,http://data.ordnancesurvey.co.uk/id/7000000000041429,Scotland,http://data.ordnancesurvey.co.uk/id/country/scotland,,,
osgb4000000074609148,http://data.ordnancesurvey.co.uk/id/4000000074609148,Siolaigh Bheag,,,,landform,Island,87469,890631,2000,800000,87219,890390,87719,890890,HS6,http://data.ordnancesurvey.co.uk/id/postcodedistrict/HS6,,,,,,,Na h-Eileanan an Iar,http://data.ordnancesurvey.co.uk/id/7000000000030022,http://data.ordnancesurvey.co.uk/ontology/admingeo/UnitaryAuthority,Scotland,http://data.ordnancesurvey.co.uk/id/7000000000041429,Scotland,http://data.ordnancesurvey.co.uk/id/country/scotland,,,
osgb4000000074613230,http://data.ordnancesurvey.co.uk/id/4000000074613230,Saghaigh Beag,,,,landform,Island,99548,886841,3000,800000,99298,886592,99798,887092,HS5,http://data.ordnancesurvey.co.uk/id/postcodedistrict/HS5,,,,,,,Na h-Eileanan an Iar,http://data.ordnancesurvey.co.uk/id/7000000000030022,http://data.ordnancesurvey.co.uk/ontology/admingeo/UnitaryAuthority,Scotland,http://data.ordnancesurvey.co.uk/id/7000000000041429,Scotland,http://data.ordnancesurvey.co.uk/id/country/scotland,,,
osgb4000000074747321,http://data.ordnancesurvey.co.uk/id/4000000074747321,An Corran,,,,landform,Other Coastal Landform,85846,880363,1000,50000,85596,880135,86096,880635,HS6,http://data.ordnancesurvey.co.uk/id/postcodedistrict/HS6,,,,,,,Na h-Eileanan an Iar,http://data.ordnancesurvey.co.uk/id/7000000000030022,http://data.ordnancesurvey.co.uk/ontology/admingeo/UnitaryAuthority,Scotland,http://data.ordnancesurvey.co.uk/id/7000000000041429,Scotland,http://data.ordnancesurvey.co.uk/id/country/scotland,,,
osgb4000000074747206,http://data.ordnancesurvey.co.uk/id/4000000074747206,Cràcanais,,,,landform,Other Coastal Landform,90644,880025,2000,50000,90395,879804,90895,880304,HS6,http://data.ordnancesurvey.co.uk/id/postcodedistrict/HS6,,,,,,,Na h-Eileanan an Iar,http://data.ordnancesurvey.co.uk/id/7000000000030022,http://data.ordnancesurvey.co.uk/ontology/admingeo/UnitaryAuthority,Scotland,http://data.ordnancesurvey.co.uk/id/7000000000041429,Scotland,http://data.ordnancesurvey.co.uk/id/country/scotland,,,
osgb4000000074747096,http://data.ordnancesurvey.co.uk/id/4000000074747096,Sgeir Leomadail,,,,landform,Other Coastal Landform,98489,893904,2000,50000,98170,893654,98670,894154,HS3,http://data.ordnancesurvey.co.uk/id/postcodedistrict/HS3,,,,,,,Na h-Eileanan an Iar,http://data.ordnancesurvey.co.uk/id/7000000000030022,http://data.ordnancesurvey.co.uk/ontology/admingeo/UnitaryAuthority,Scotland,http://data.ordnancesurvey.co.uk/id/7000000000041429,Scotland,http://data.ordnancesurvey.co.uk/id/country/scotland,,,
osgb4000000074809522,http://data.ordnancesurvey.co.uk/id/4000000074809522,Loch Beag Bhuirgh,,,,hydrography,Inland Water,91256,881720,1000,500000,91006,881474,91506,881974,HS6,http://data.ordnancesurvey.co.uk/id/postcodedistrict/HS6,,,,,,,Na h-Eileanan an Iar,http://data.ordnancesurvey.co.uk/id/7000000000030022,http://data.ordnancesurvey.co.uk/ontology/admingeo/UnitaryAuthority,Scotland,http://data.ordnancesurvey.co.uk/id/7000000000041429,Scotland,http://data.ordnancesurvey.co.uk/id/country/scotland,,,
osgb4000000074614053,http://data.ordnancesurvey.co.uk/id/4000000074614053,Spuir,,,,landform,Island,85354,884246,2000,800000,85067,883997,85567,884497,HS6,http://data.ordnancesurvey.co.uk/id/postcodedistrict/HS6,,,,,,,Na h-Eileanan an Iar,http://data.ordnancesurvey.co.uk/id/7000000000030022,http://data.ordnancesurvey.co.uk/ontology/admingeo/UnitaryAuthority,Scotland,http://data.ordnancesurvey.co.uk/id/7000000000041429,Scotland,http://data.ordnancesurvey.co.uk/id/country/scotland,,,
osgb4000000074747495,http://data.ordnancesurvey.co.uk/id/4000000074747495,Rubh' an Tuirc,,,,landform,Other Coastal Landform,97746,884470,1000,50000,97496,884217,97996,884717,HS5,http://data.ordnancesurvey.co.uk/id/postcodedistrict/HS5,,,,,,,Na h-Eileanan an Iar,http://data.ordnancesurvey.co.uk/id/7000000000030022,http://data.ordnancesurvey.co.uk/ontology/admingeo/UnitaryAuthority,Scotland,http://data.ordnancesurvey.co.uk/id/7000000000041429,Scotland,http://data.ordnancesurvey.co.uk/id/country/scotland,,,
osgb4000000074804876,http://data.ordnancesurvey.co.uk/id/4000000074804876,Loch Shaavat,,,,hydrography,Inland Water,99830,899759,1000,500000,99580,899510,100080,900010,HS3,http://data.ordnancesurvey.co.uk/id/postcodedistrict/HS3,,,,,,,Na h-Eileanan an Iar,http://data.ordnancesurvey.co.uk/id/7000000000030022,http://data.ordnancesurvey.co.uk/ontology/admingeo/UnitaryAuthority,Scotland,http://data.ordnancesurvey.co.uk/id/7000000000041429,Scotland,http://data.ordnancesurvey.co.uk/id/country/scotland,,,
osgb4000000074804443,http://data.ordnancesurvey.co.uk/id/4000000074804443,Loch Heddal Beg,,,,hydrography,Inland Water,88440,888049,1000,500000,88190,887799,88690,888299,HS6,http://data.ordnancesurvey.co.uk/id/postcodedistrict/HS6,,,,,,,Na h-Eileanan an Iar,http://data.ordnancesurvey.co.uk/id/7000000000030022,http://data.ordnancesurvey.co.uk/ontology/admingeo/UnitaryAuthority,Scotland,http://data.ordnancesurvey.co.uk/id/7000000000041429,Scotland,http://data.ordnancesurvey.co.uk/id/country/scotland,,,
osgb4000000074757813,http://data.ordnancesurvey.co.uk/id/4000000074757813,Stròmul,,,,landform,Other Coastal Landform,95301,886444,1000,50000,95051,886195,95551,886695,HS6,http://data.ordnancesurvey.co.uk/id/postcodedistrict/HS6,,,,,,,Na h-Eileanan an Iar,http://data.ordnancesurvey.co.uk/id/7000000000030022,http://data.ordnancesurvey.co.uk/ontology/admingeo/UnitaryAuthority,Scotland,http://data.ordnancesurvey.co.uk/id/7000000000041429,Scotland,http://data.ordnancesurvey.co.uk/id/country/scotland,,,
osgb4000000074588222,http://data.ordnancesurvey.co.uk/id/4000000074588222,Geo Eskdale,,,,landform,Other Coastal Landform,98899,899561,1000,15000,98659,899312,99159,899812,HS3,http://data.ordnancesurvey.co.uk/id/postcodedistrict/HS3,,,,,,,Na h-Eileanan an Iar,http://data.ordnancesurvey.co.uk/id/7000000000030022,http://data.ordnancesurvey.co.uk/ontology/admingeo/UnitaryAuthority,Scotland,http://data.ordnancesurvey.co.uk/id/7000000000041429,Scotland,http://data.ordnancesurvey.co.uk/id/country/scotland,,,
osgb4000000074594236,http://data.ordnancesurvey.co.uk/id/4000000074594236,An Corran,,,,landcover,Wetland,89581,886504,2000,200000,89263,886254,89763,886754,HS6,http://data.ordnancesurvey.co.uk/id/postcodedistrict/HS6,,,,,,,Na h-Eileanan an Iar,http://data.ordnancesurvey.co.uk/id/7000000000030022,http://data.ordnancesurvey.co.uk/ontology/admingeo/UnitaryAuthority,Scotland,http://data.ordnancesurvey.co.uk/id/7000000000041429,Scotland,http://data.ordnancesurvey.co.uk/id/country/scotland,,,
osgb4000000074788174,http://data.ordnancesurvey.co.uk/id/4000000074788174,Breivik,,,,hydrography,Bay,85839,881353,1000,150000,85560,881123,86060,881623,HS6,http://data.ordnancesurvey.co.uk/id/postcodedistrict/HS6,,,,,,,Na h-Eileanan an Iar,http://data.ordnancesurvey.co.uk/id/7000000000030022,http://data.ordnancesurvey.co.uk/ontology/admingeo/UnitaryAuthority,Scotland,http://data.ordnancesurvey.co.uk/id/7000000000041429,Scotland,http://data.ordnancesurvey.co.uk/id/country/scotland,,,
osgb4000000074613228,http://data.ordnancesurvey.co.uk/id/4000000074613228,Dubh-Sgeir Easaigh,,,,landform,Island,99410,885566,1000,800000,99160,885330,99660,885830,HS5,http://data.ordnancesurvey.co.uk/id/postcodedistrict/HS5,,,,,,,Na h-Eileanan an Iar,http://data.ordnancesurvey.co.uk/id/7000000000030022,http://data.ordnancesurvey.co.uk/ontology/admingeo/UnitaryAuthority,Scotland,http://data.ordnancesurvey.co.uk/id/7000000000041429,Scotland,http://data.ordnancesurvey.co.uk/id/country/scotland,,,
osgb4000000074588221,http://data.ordnancesurvey.co.uk/id/4000000074588221,Volri Geo,,,,landform,Other Coastal Landform,87308,888362,1000,15000,87058,888066,87558,888566,HS6,http://data.ordnancesurvey.co.uk/id/postcodedistrict/HS6,,,,,,,Na h-Eileanan an Iar,http://data.ordnancesurvey.co.uk/id/7000000000030022,http://data.ordnancesurvey.co.uk/ontology/admingeo/UnitaryAuthority,Scotland,http://data.ordnancesurvey.co.uk/id/7000000000041429,Scotland,http://data.ordnancesurvey.co.uk/id/country/scotland,,,
osgb4000000074613632,http://data.ordnancesurvey.co.uk/id/4000000074613632,Coitem,,,,landform,Island,99495,887102,1000,800000,99245,886841,99745,887341,HS5,http://data.ordnancesurvey.co.uk/id/postcodedistrict/HS5,,,,,,,Na h-Eileanan an Iar,http://data.ordnancesurvey.co.uk/id/7000000000030022,http://data.ordnancesurvey.co.uk/ontology/admingeo/UnitaryAuthority,Scotland,http://data.ordnancesurvey.co.uk/id/7000000000041429,Scotland,http://data.ordnancesurvey.co.uk/id/country/scotland,,,
osgb4000000074746724,http://data.ordnancesurvey.co.uk/id/4000000074746724,Tobhta Reabain,,,,landform,Other Coastal Landform,88062,887074,3000,20000,87879,886824,88379,887324,HS6,http://data.ordnancesurvey.co.uk/id/postcodedistrict/HS6,,,,,,,Na h-Eileanan an Iar,http://data.ordnancesurvey.co.uk/id/7000000000030022,http://data.ordnancesurvey.co.uk/ontology/admingeo/UnitaryAuthority,Scotland,http://data.ordnancesurvey.co.uk/id/7000000000041429,Scotland,http://data.ordnancesurvey.co.uk/id/country/scotland,,,
osgb4000000074768933,http://data.ordnancesurvey.co.uk/id/4000000074768933,Cnoc Gunna,,,,landform,Hill Or Mountain,92570,882530,1000,300000,92320,882280,92820,882780,HS6,http://data.ordnancesurvey.co.uk/id/postcodedistrict/HS6,,,,,,,Na h-Eileanan an Iar,http://data.ordnancesurvey.co.uk/id/7000000000030022,http://data.ordnancesurvey.co.uk/ontology/admingeo/UnitaryAuthority,Scotland,http://data.ordnancesurvey.co.uk/id/7000000000041429,Scotland,http://data.ordnancesurvey.co.uk/id/country/scotland,,,
osgb4000000074588190,http://data.ordnancesurvey.co.uk/id/4000000074588190,Geo Mòr,,,,landform,Other Coastal Landform,96030,894631,1000,15000,95780,894381,96280,894881,HS3,http://data.ordnancesurvey.co.uk/id/postcodedistrict/HS3,,,,,,,Na h-Eileanan an Iar,http://data.ordnancesurvey.co.uk/id/7000000000030022,http://data.ordnancesurvey.co.uk/ontology/admingeo/UnitaryAuthority,Scotland,http://data.ordnancesurvey.co.uk/id/7000000000041429,Scotland,http://data.ordnancesurvey.co.uk/id/country/scotland,,,
osgb4000000074589133,http://data.ordnancesurvey.co.uk/id/4000000074589133,Hachdla-sgeir,,,,landform,Island,98623,880975,3000,800000,98373,880754,98873,881254,HS5,http://data.ordnancesurvey.co.uk/id/postcodedistrict/HS5,,,,,,,Na h-Eileanan an Iar,http://data.ordnancesurvey.co.uk/id/7000000000030022,http://data.ordnancesurvey.co.uk/ontology/admingeo/UnitaryAuthority,Scotland,http://data.ordnancesurvey.co.uk/id/7000000000041429,Scotland,http://data.ordnancesurvey.co.uk/id/country/scotland,,,
osgb4000000074746796,http://data.ordnancesurvey.co.uk/id/4000000074746796,Geo Ghotrom,,,,landform,Other Coastal Landform,98960,888948,1000,15000,98705,888698,99205,889198,HS3,http://data.ordnancesurvey.co.uk/id/postcodedistrict/HS3,,,,,,,Na h-Eileanan an Iar,http://data.ordnancesurvey.co.uk/id/7000000000030022,http://data.ordnancesurvey.co.uk/ontology/admingeo/UnitaryAuthority,Scotland,http://data.ordnancesurvey.co.uk/id/7000000000041429,Scotland,http://data.ordnancesurvey.co.uk/id/country/scotland,,,
osgb4000000074715495,http://data.ordnancesurvey.co.uk/id/4000000074715495,Rubha nan Sgarbh,,,,landform,Other Coastal Landform,98001,887414,1000,20000,97751,887180,98251,887680,HS3,http://data.ordnancesurvey.co.uk/id/postcodedistrict/HS3,,,,,,,Na h-Eileanan an Iar,http://data.ordnancesurvey.co.uk/id/7000000000030022,http://data.ordnancesurvey.co.uk/ontology/admingeo/UnitaryAuthority,Scotland,http://data.ordnancesurvey.co.uk/id/7000000000041429,Scotland,http://data.ordnancesurvey.co.uk/id/country/scotland,,,
osgb4000000074809523,http://data.ordnancesurvey.co.uk/id/4000000074809523,Loch Bhrusda,,,,hydrography,Inland Water,91735,882474,6000,500000,91392,882050,92078,882946,HS6,http://data.ordnancesurvey.co.uk/id/postcodedistrict/HS6,,,,,,,Na h-Eileanan an Iar,http://data.ordnancesurvey.co.uk/id/7000000000030022,http://data.ordnancesurvey.co.uk/ontology/admingeo/UnitaryAuthority,Scotland,http://data.ordnancesurvey.co.uk/id/7000000000041429,Scotland,http://data.ordnancesurvey.co.uk/id/country/scotland,,,
osgb4000000074589409,http://data.ordnancesurvey.co.uk/id/4000000074589409,Boraraigh,gla,Boreray,eng,landform,Island,85185,881306,15000,800000,84347,880031,86022,882407,HS6,http://data.ordnancesurvey.co.uk/id/postcodedistrict/HS6,,,,,,,Na h-Eileanan an Iar,http://data.ordnancesurvey.co.uk/id/7000000000030022,http://data.ordnancesurvey.co.uk/ontology/admingeo/UnitaryAuthority,Scotland,http://data.ordnancesurvey.co.uk/id/7000000000041429,Scotland,http://data.ordnancesurvey.co.uk/id/country/scotland,,,
osgb4000000074747212,http://data.ordnancesurvey.co.uk/id/4000000074747212,Gob an Tobha,gla,Toe Head,eng,landform,Coastal Headland,95720,894481,4000,750000,95448,894196,95993,894793,HS3,http://data.ordnancesurvey.co.uk/id/postcodedistrict/HS3,,,,,,,Na h-Eileanan an Iar,http://data.ordnancesurvey.co.uk/id/7000000000030022,http://data.ordnancesurvey.co.uk/ontology/admingeo/UnitaryAuthority,Scotland,http://data.ordnancesurvey.co.uk/id/7000000000041429,Scotland,http://data.ordnancesurvey.co.uk/id/country/scotland,,,
osgb4000000074795842,http://data.ordnancesurvey.co.uk/id/4000000074795842,Sanduig,,,,hydrography,Bay,99442,898812,2000,150000,99298,898646,99798,899146,HS3,http://data.ordnancesurvey.co.uk/id/postcodedistrict/HS3,,,,,,,Na h-Eileanan an Iar,http://data.ordnancesurvey.co.uk/id/7000000000030022,http://data.ordnancesurvey.co.uk/ontology/admingeo/UnitaryAuthority,Scotland,http://data.ordnancesurvey.co.uk/id/7000000000041429,Scotland,http://data.ordnancesurvey.co.uk/id/country/scotland,,,
osgb4000000074613634,http://data.ordnancesurvey.co.uk/id/4000000074613634,Sgeir Dhubh,,,,landform,Island,95962,885491,2000,800000,95773,885242,96273,885742,HS6,http://data.ordnancesurvey.co.uk/id/postcodedistrict/HS6,,,,,,,Na h-Eileanan an Iar,http://data.ordnancesurvey.co.uk/id/7000000000030022,http://data.ordnancesurvey.co.uk/ontology/admingeo/UnitaryAuthority,Scotland,http://data.ordnancesurvey.co.uk/id/7000000000041429,Scotland,http://data.ordnancesurvey.co.uk/id/country/scotland,,,
osgb4000000074589158,http://data.ordnancesurvey.co.uk/id/4000000074589158,Ceileagraigh,gla,Killegray,eng,landform,Island,97717,883620,15000,800000,96822,882475,99169,884766,HS5,http://data.ordnancesurvey.co.uk/id/postcodedistrict/HS5,,,,,,,Na h-Eileanan an Iar,http://data.ordnancesurvey.co.uk/id/7000000000030022,http://data.ordnancesurvey.co.uk/ontology/admingeo/UnitaryAuthority,Scotland,http://data.ordnancesurvey.co.uk/id/7000000000041429,Scotland,http://data.ordnancesurvey.co.uk/id/country/scotland,,,
osgb4000000074757752,http://data.ordnancesurvey.co.uk/id/4000000074757752,Caolaigh,,,,landform,Island,97682,881766,1000,800000,97432,881516,97932,882016,HS6,http://data.ordnancesurvey.co.uk/id/postcodedistrict/HS6,,,,,,,Na h-Eileanan an Iar,http://data.ordnancesurvey.co.uk/id/7000000000030022,http://data.ordnancesurvey.co.uk/ontology/admingeo/UnitaryAuthority,Scotland,http://data.ordnancesurvey.co.uk/id/7000000000041429,Scotland,http://data.ordnancesurvey.co.uk/id/country/scotland,,,
osgb4000000074788131,http://data.ordnancesurvey.co.uk/id/4000000074788131,Camas nan Tarbh,,,,hydrography,Bay,98731,882662,2000,150000,98474,882412,98974,882912,HS5,http://data.ordnancesurvey.co.uk/id/postcodedistrict/HS5,,,,,,,Na h-Eileanan an Iar,http://data.ordnancesurvey.co.uk/id/7000000000030022,http://data.ordnancesurvey.co.uk/ontology/admingeo/UnitaryAuthority,Scotland,http://data.ordnancesurvey.co.uk/id/7000000000041429,Scotland,http://data.ordnancesurvey.co.uk/id/country/scotland,,,
osgb4000000074747261,http://data.ordnancesurvey.co.uk/id/4000000074747261,Rubha an Aoil,,,,landform,Other Coastal Landform,91818,880602,1000,50000,91568,880311,92068,880811,HS6,http://data.ordnancesurvey.co.uk/id/postcodedistrict/HS6,,,,,,,Na h-Eileanan an Iar,http://data.ordnancesurvey.co.uk/id/7000000000030022,http://data.ordnancesurvey.co.uk/ontology/admingeo/UnitaryAuthority,Scotland,http://data.ordnancesurvey.co.uk/id/7000000000041429,Scotland,http://data.ordnancesurvey.co.uk/id/country/scotland,,,
osgb4000000074746723,http://data.ordnancesurvey.co.uk/id/4000000074746723,Rubha Thaltois,,,,landform,Other Coastal Landform,88718,886366,2000,50000,88452,886116,88952,886616,HS6,http://data.ordnancesurvey.co.uk/id/postcodedistrict/HS6,,,,,,,Na h-Eileanan an Iar,http://data.ordnancesurvey.co.uk/id/7000000000030022,http://data.ordnancesurvey.co.uk/ontology/admingeo/UnitaryAuthority,Scotland,http://data.ordnancesurvey.co.uk/id/7000000000041429,Scotland,http://data.ordnancesurvey.co.uk/id/country/scotland,,,
osgb4000000074720115,http://data.ordnancesurvey.co.uk/id/4000000074720115,Tràigh na Cleavag,,,,landcover,Beach,98072,891067,2000,100000,97750,890817,98250,891317,HS3,http://data.ordnancesurvey.co.uk/id/postcodedistrict/HS3,,,,,,,Na h-Eileanan an Iar,http://data.ordnancesurvey.co.uk/id/7000000000030022,http://data.ordnancesurvey.co.uk/ontology/admingeo/UnitaryAuthority,Scotland,http://data.ordnancesurvey.co.uk/id/7000000000041429,Scotland,http://data.ordnancesurvey.co.uk/id/country/scotland,,,
osgb4000000074757697,http://data.ordnancesurvey.co.uk/id/4000000074757697,Heisteam,,,,landform,Island,98950,882650,3000,800000,98716,882401,99216,882901,HS5,http://data.ordnancesurvey.co.uk/id/postcodedistrict/HS5,,,,,,,Na h-Eileanan an Iar,http://data.ordnancesurvey.co.uk/id/7000000000030022,http://data.ordnancesurvey.co.uk/ontology/admingeo/UnitaryAuthority,Scotland,http://data.ordnancesurvey.co.uk/id/7000000000041429,Scotland,http://data.ordnancesurvey.co.uk/id/country/scotland,,,
osgb4000000074747266,http://data.ordnancesurvey.co.uk/id/4000000074747266,Rubha Rosagaidh,,,,landform,Coastal Headland,87195,888304,1000,750000,86955,888054,87455,888554,HS6,http://data.ordnancesurvey.co.uk/id/postcodedistrict/HS6,,,,,,,Na h-Eileanan an Iar,http://data.ordnancesurvey.co.uk/id/7000000000030022,http://data.ordnancesurvey.co.uk/ontology/admingeo/UnitaryAuthority,Scotland,http://data.ordnancesurvey.co.uk/id/7000000000041429,Scotland,http://data.ordnancesurvey.co.uk/id/country/scotland,,,
osgb4000000074746663,http://data.ordnancesurvey.co.uk/id/4000000074746663,Bodha Dubh Iain Mhic Coinnaich,,,,landform,Other Coastal Landform,99501,880877,2000,50000,99251,880682,99751,881182,HS5,http://data.ordnancesurvey.co.uk/id/postcodedistrict/HS5,,,,,,,Na h-Eileanan an Iar,http://data.ordnancesurvey.co.uk/id/7000000000030022,http://data.ordnancesurvey.co.uk/ontology/admingeo/UnitaryAuthority,Scotland,http://data.ordnancesurvey.co.uk/id/7000000000041429,Scotland,http://data.ordnancesurvey.co.uk/id/country/scotland,,,
osgb4000000074715088,http://data.ordnancesurvey.co.uk/id/4000000074715088,Rubha na Mòine,,,,landform,Other Coastal Landform,99654,898985,1000,20000,99403,898735,99903,899235,HS3,http://data.ordnancesurvey.co.uk/id/postcodedistrict/HS3,,,,,,,Na h-Eileanan an Iar,http://data.ordnancesurvey.co.uk/id/7000000000030022,http://data.ordnancesurvey.co.uk/ontology/admingeo/UnitaryAuthority,Scotland,http://data.ordnancesurvey.co.uk/id/7000000000041429,Scotland,http://data.ordnancesurvey.co.uk/id/country/scotland,,,
osgb4000000074747383,http://data.ordnancesurvey.co.uk/id/4000000074747383,Sloc nan Nigheann,,,,landform,Other Coastal Landform,84806,880477,1000,50000,84557,880217,85057,880717,HS6,http://data.ordnancesurvey.co.uk/id/postcodedistrict/HS6,,,,,,,Na h-Eileanan an Iar,http://data.ordnancesurvey.co.uk/id/7000000000030022,http://data.ordnancesurvey.co.uk/ontology/admingeo/UnitaryAuthority,Scotland,http://data.ordnancesurvey.co.uk/id/7000000000041429,Scotland,http://data.ordnancesurvey.co.uk/id/country/scotland,,,
osgb4000000074747380,http://data.ordnancesurvey.co.uk/id/4000000074747380,Otairnis,,,,landform,Other Coastal Landform,98518,885756,1000,20000,98269,885496,98769,885996,HS5,http://data.ordnancesurvey.co.uk/id/postcodedistrict/HS5,,,,,,,Na h-Eileanan an Iar,http://data.ordnancesurvey.co.uk/id/7000000000030022,http://data.ordnancesurvey.co.uk/ontology/admingeo/UnitaryAuthority,Scotland,http://data.ordnancesurvey.co.uk/id/7000000000041429,Scotland,http://data.ordnancesurvey.co.uk/id/country/scotland,,,
osgb4000000074747036,http://data.ordnancesurvey.co.uk/id/4000000074747036,Àird an Laoigh,,,,landform,Coastal Headland,87870,890991,3000,750000,87620,890704,88120,891204,HS6,http://data.ordnancesurvey.co.uk/id/postcodedistrict/HS6,,,,,,,Na h-Eileanan an Iar,http://data.ordnancesurvey.co.uk/id/7000000000030022,http://data.ordnancesurvey.co.uk/ontology/admingeo/UnitaryAuthority,Scotland,http://data.ordnancesurvey.co.uk/id/7000000000041429,Scotland,http://data.ordnancesurvey.co.uk/id/country/scotland,,,
osgb4000000074746664,http://data.ordnancesurvey.co.uk/id/4000000074746664,Corran Rocks,,,,landform,Other Coastal Landform,95823,881186,4000,50000,95521,880938,96125,881438,HS6,http://data.ordnancesurvey.co.uk/id/postcodedistrict/HS6,,,,,,,Na h-Eileanan an Iar,http://data.ordnancesurvey.co.uk/id/7000000000030022,http://data.ordnancesurvey.co.uk/ontology/admingeo/UnitaryAuthority,Scotland,http://data.ordnancesurvey.co.uk/id/7000000000041429,Scotland,http://data.ordnancesurvey.co.uk/id/country/scotland,,,
osgb4000000074757698,http://data.ordnancesurvey.co.uk/id/4000000074757698,Bodha Breac,,,,landform,Other Coastal Landform,97982,881499,1000,50000,97741,881250,98241,881750,HS6,http://data.ordnancesurvey.co.uk/id/postcodedistrict/HS6,,,,,,,Na h-Eileanan an Iar,http://data.ordnancesurvey.co.uk/id/7000000000030022,http://data.ordnancesurvey.co.uk/ontology/admingeo/UnitaryAuthority,Scotland,http://data.ordnancesurvey.co.uk/id/7000000000041429,Scotland,http://data.ordnancesurvey.co.uk/id/country/scotland,,,
osgb4000000074809519,http://data.ordnancesurvey.co.uk/id/4000000074809519,Loch nan Easgann,,,,hydrography,Inland Water,93092,881841,1000,500000,92842,881593,93342,882093,HS6,http://data.ordnancesurvey.co.uk/id/postcodedistrict/HS6,,,,,,,Na h-Eileanan an Iar,http://data.ordnancesurvey.co.uk/id/7000000000030022,http://data.ordnancesurvey.co.uk/ontology/admingeo/UnitaryAuthority,Scotland,http://data.ordnancesurvey.co.uk/id/7000000000041429,Scotland,http://data.ordnancesurvey.co.uk/id/country/scotland,,,
osgb4000000074609535,http://data.ordnancesurvey.co.uk/id/4000000074609535,Eilean na Ceardaich,,,,landform,Island,99179,881993,4000,800000,98867,881661,99480,882325,HS5,http://data.ordnancesurvey.co.uk/id/postcodedistrict/HS5,,,,,,,Na h-Eileanan an Iar,http://data.ordnancesurvey.co.uk/id/7000000000030022,http://data.ordnancesurvey.co.uk/ontology/admingeo/UnitaryAuthority,Scotland,http://data.ordnancesurvey.co.uk/id/7000000000041429,Scotland,http://data.ordnancesurvey.co.uk/id/country/scotland,,,
osgb4000000074757756,http://data.ordnancesurvey.co.uk/id/4000000074757756,Bodha Tràigh Mhànais,,,,landform,Other Coastal Landform,96841,887152,1000,50000,96584,886902,97084,887402,HS3,http://data.ordnancesurvey.co.uk/id/postcodedistrict/HS3,,,,,,,Na h-Eileanan an Iar,http://data.ordnancesurvey.co.uk/id/7000000000030022,http://data.ordnancesurvey.co.uk/ontology/admingeo/UnitaryAuthority,Scotland,http://data.ordnancesurvey.co.uk/id/7000000000041429,Scotland,http://data.ordnancesurvey.co.uk/id/country/scotland,,,
osgb4000000074794751,http://data.ordnancesurvey.co.uk/id/4000000074794751,Caolas Phabaigh,,,,hydrography,Channel,90997,887734,30000,100000,88552,883173,92990,887736,HS6,http://data.ordnancesurvey.co.uk/id/postcodedistrict/HS6,,,,,,,Na h-Eileanan an Iar,http://data.ordnancesurvey.co.uk/id/7000000000030022,http://data.ordnancesurvey.co.uk/ontology/admingeo/UnitaryAuthority,Scotland,http://data.ordnancesurvey.co.uk/id/7000000000041429,Scotland,http://data.ordnancesurvey.co.uk/id/country/scotland,,,
osgb4000000074609739,http://data.ordnancesurvey.co.uk/id/4000000074609739,Langa Sgeir,,,,landform,Island,98550,881287,3000,800000,98285,881037,98785,881537,HS5,http://data.ordnancesurvey.co.uk/id/postcodedistrict/HS5,,,,,,,Na h-Eileanan an Iar,http://data.ordnancesurvey.co.uk/id/7000000000030022,http://data.ordnancesurvey.co.uk/ontology/admingeo/UnitaryAuthority,Scotland,http://data.ordnancesurvey.co.uk/id/7000000000041429,Scotland,http://data.ordnancesurvey.co.uk/id/country/scotland,,,
osgb4000000074788132,http://data.ordnancesurvey.co.uk/id/4000000074788132,Bàgh Eòghainn,,,,hydrography,Bay,98818,882804,1000,150000,98554,882554,99054,883054,HS5,http://data.ordnancesurvey.co.uk/id/postcodedistrict/HS5,,,,,,,Na h-Eileanan an Iar,http://data.ordnancesurvey.co.uk/id/7000000000030022,http://data.ordnancesurvey.co.uk/ontology/admingeo/UnitaryAuthority,Scotland,http://data.ordnancesurvey.co.uk/id/7000000000041429,Scotland,http://data.ordnancesurvey.co.uk/id/country/scotland,,,
osgb4000000074747382,http://data.ordnancesurvey.co.uk/id/4000000074747382,Geodha nan Calman,,,,landform,Other Coastal Landform,84704,880627,1000,15000,84455,880377,84955,880877,HS6,http://data.ordnancesurvey.co.uk/id/postcodedistrict/HS6,,,,,,,Na h-Eileanan an Iar,http://data.ordnancesurvey.co.uk/id/7000000000030022,http://data.ordnancesurvey.co.uk/ontology/admingeo/UnitaryAuthority,Scotland,http://data.ordnancesurvey.co.uk/id/7000000000041429,Scotland,http://data.ordnancesurvey.co.uk/id/country/scotland,,,
osgb4000000074788038,http://data.ordnancesurvey.co.uk/id/4000000074788038,Laa-gya,,,,hydrography,Tidal Water,98999,899821,1000,150000,98758,899546,99258,900046,HS3,http://data.ordnancesurvey.co.uk/id/postcodedistrict/HS3,,,,,,,Na h-Eileanan an Iar,http://data.ordnancesurvey.co.uk/id/7000000000030022,http://data.ordnancesurvey.co.uk/ontology/admingeo/UnitaryAuthority,Scotland,http://data.ordnancesurvey.co.uk/id/7000000000041429,Scotland,http://data.ordnancesurvey.co.uk/id/country/scotland,,,
osgb4000000074728385,http://data.ordnancesurvey.co.uk/id/4000000074728385,Àird Mhànais,,,,landform,Hill Or Mountain,99852,899890,1000,300000,99602,899640,100102,900140,HS3,http://data.ordnancesurvey.co.uk/id/postcodedistrict/HS3,,,,,,,Na h-Eileanan an Iar,http://data.ordnancesurvey.co.uk/id/7000000000030022,http://data.ordnancesurvey.co.uk/ontology/admingeo/UnitaryAuthority,Scotland,http://data.ordnancesurvey.co.uk/id/7000000000041429,Scotland,http://data.ordnancesurvey.co.uk/id/country/scotland,,,
osgb4000000074790365,http://data.ordnancesurvey.co.uk/id/4000000074790365,Loch a' Bhàigh,,,,hydrography,Bay,92959,881127,11000,150000,92123,880417,93891,881924,HS6,http://data.ordnancesurvey.co.uk/id/postcodedistrict/HS6,,,,,,,Na h-Eileanan an Iar,http://data.ordnancesurvey.co.uk/id/7000000000030022,http://data.ordnancesurvey.co.uk/ontology/admingeo/UnitaryAuthority,Scotland,http://data.ordnancesurvey.co.uk/id/7000000000041429,Scotland,http://data.ordnancesurvey.co.uk/id/country/scotland,,,
osgb4000000074747322,http://data.ordnancesurvey.co.uk/id/4000000074747322,Sgeir an Tairbh,,,,landform,Island,85653,880753,1000,800000,85403,880505,85903,881005,HS6,http://data.ordnancesurvey.co.uk/id/postcodedistrict/HS6,,,,,,,Na h-Eileanan an Iar,http://data.ordnancesurvey.co.uk/id/7000000000030022,http://data.ordnancesurvey.co.uk/ontology/admingeo/UnitaryAuthority,Scotland,http://data.ordnancesurvey.co.uk/id/7000000000041429,Scotland,http://data.ordnancesurvey.co.uk/id/country/scotland,,,
osgb4000000074613229,http://data.ordnancesurvey.co.uk/id/4000000074613229,Saghaigh Mòr,,,,landform,Island,99809,886743,3000,800000,99560,886500,100060,887000,HS5,http://data.ordnancesurvey.co.uk/id/postcodedistrict/HS5,,,,,,,Na h-Eileanan an Iar,http://data.ordnancesurvey.co.uk/id/7000000000030022,http://data.ordnancesurvey.co.uk/ontology/admingeo/UnitaryAuthority,Scotland,http://data.ordnancesurvey.co.uk/id/7000000000041429,Scotland,http://data.ordnancesurvey.co.uk/id/country/scotland,,,
osgb4000000074790377,http://data.ordnancesurvey.co.uk/id/4000000074790377,Poll an Oir,,,,hydrography,Tidal Water,91929,880645,3000,150000,91708,880407,92208,880907,HS6,http://data.ordnancesurvey.co.uk/id/postcodedistrict/HS6,,,,,,,Na h-Eileanan an Iar,http://data.ordnancesurvey.co.uk/id/7000000000030022,http://data.ordnancesurvey.co.uk/ontology/admingeo/UnitaryAuthority,Scotland,http://data.ordnancesurvey.co.uk/id/7000000000041429,Scotland,http://data.ordnancesurvey.co.uk/id/country/scotland,,,
osgb4000000074809520,http://data.ordnancesurvey.co.uk/id/4000000074809520,Loch Bhataraidh,gla,Loch Watersee,eng,hydrography,Inland Water,92899,881714,1000,500000,92630,881465,93130,881965,HS6,http://data.ordnancesurvey.co.uk/id/postcodedistrict/HS6,,,,,,,Na h-Eileanan an Iar,http://data.ordnancesurvey.co.uk/id/7000000000030022,http://data.ordnancesurvey.co.uk/ontology/admingeo/UnitaryAuthority,Scotland,http://data.ordnancesurvey.co.uk/id/7000000000041429,Scotland,http://data.ordnancesurvey.co.uk/id/country/scotland,,,
osgb4000000074618365,http://data.ordnancesurvey.co.uk/id/4000000074618365,Màs a' Chnuic,,,,landform,Hill Or Mountain,96951,894164,1000,300000,96701,893914,97201,894414,HS3,http://data.ordnancesurvey.co.uk/id/postcodedistrict/HS3,,,,,,,Na h-Eileanan an Iar,http://data.ordnancesurvey.co.uk/id/7000000000030022,http://data.ordnancesurvey.co.uk/ontology/admingeo/UnitaryAuthority,Scotland,http://data.ordnancesurvey.co.uk/id/7000000000041429,Scotland,http://data.ordnancesurvey.co.uk/id/country/scotland,,,
osgb4000000074613638,http://data.ordnancesurvey.co.uk/id/4000000074613638,Sgeir Mholainis,,,,landform,Island,99330,887647,1000,800000,99080,887398,99580,887898,HS5,http://data.ordnancesurvey.co.uk/id/postcodedistrict/HS5,,,,,,,Na h-Eileanan an Iar,http://data.ordnancesurvey.co.uk/id/7000000000030022,http://data.ordnancesurvey.co.uk/ontology/admingeo/UnitaryAuthority,Scotland,http://data.ordnancesurvey.co.uk/id/7000000000041429,Scotland,http://data.ordnancesurvey.co.uk/id/country/scotland,,,
osgb4000000074746665,http://data.ordnancesurvey.co.uk/id/4000000074746665,Vaitam,,,,landform,Other Coastal Landform,93902,880410,4000,50000,93652,879966,94152,880598,HS6,http://data.ordnancesurvey.co.uk/id/postcodedistrict/HS6,,,,,,,Na h-Eileanan an Iar,http://data.ordnancesurvey.co.uk/id/7000000000030022,http://data.ordnancesurvey.co.uk/ontology/admingeo/UnitaryAuthority,Scotland,http://data.ordnancesurvey.co.uk/id/7000000000041429,Scotland,http://data.ordnancesurvey.co.uk/id/country/scotland,,,
osgb4000000074599868,http://data.ordnancesurvey.co.uk/id/4000000074599868,Callaigeodha,,,,landcover,Wetland,86000,881705,1000,200000,85749,881455,86249,881955,HS6,http://data.ordnancesurvey.co.uk/id/postcodedistrict/HS6,,,,,,,Na h-Eileanan an Iar,http://data.ordnancesurvey.co.uk/id/7000000000030022,http://data.ordnancesurvey.co.uk/ontology/admingeo/UnitaryAuthority,Scotland,http://data.ordnancesurvey.co.uk/id/7000000000041429,Scotland,http://data.ordnancesurvey.co.uk/id/country/scotland,,,
osgb4000000074589402,http://data.ordnancesurvey.co.uk/id/4000000074589402,Pabbay,eng,Pabaigh,gla,landform,Island,88947,887857,27000,800000,86891,886383,91041,889330,HS6,http://data.ordnancesurvey.co.uk/id/postcodedistrict/HS6,,,,,,,Na h-Eileanan an Iar,http://data.ordnancesurvey.co.uk/id/7000000000030022,http://data.ordnancesurvey.co.uk/ontology/admingeo/UnitaryAuthority,Scotland,http://data.ordnancesurvey.co.uk/id/7000000000041429,Scotland,http://data.ordnancesurvey.co.uk/id/country/scotland,,,
osgb4000000074757753,http://data.ordnancesurvey.co.uk/id/4000000074757753,Na-Grunnan,,,,landform,Other Coastal Landform,98893,886638,1000,50000,98644,886377,99144,886877,HS5,http://data.ordnancesurvey.co.uk/id/postcodedistrict/HS5,,,,,,,Na h-Eileanan an Iar,http://data.ordnancesurvey.co.uk/id/7000000000030022,http://data.ordnancesurvey.co.uk/ontology/admingeo/UnitaryAuthority,Scotland,http://data.ordnancesurvey.co.uk/id/7000000000041429,Scotland,http://data.ordnancesurvey.co.uk/id/country/scotland,,,
osgb4000000074787923,http://data.ordnancesurvey.co.uk/id/4000000074787923,Mol Mòr,,,,hydrography,Tidal Water,84610,881124,1000,150000,84378,880879,84878,881379,HS6,http://data.ordnancesurvey.co.uk/id/postcodedistrict/HS6,,,,,,,Na h-Eileanan an Iar,http://data.ordnancesurvey.co.uk/id/7000000000030022,http://data.ordnancesurvey.co.uk/ontology/admingeo/UnitaryAuthority,Scotland,http://data.ordnancesurvey.co.uk/id/7000000000041429,Scotland,http://data.ordnancesurvey.co.uk/id/country/scotland,,,
osgb4000000074588276,http://data.ordnancesurvey.co.uk/id/4000000074588276,Geo Phoebe,,,,landform,Other Coastal Landform,98979,899226,1000,15000,98727,898976,99227,899476,HS3,http://data.ordnancesurvey.co.uk/id/postcodedistrict/HS3,,,,,,,Na h-Eileanan an Iar,http://data.ordnancesurvey.co.uk/id/7000000000030022,http://data.ordnancesurvey.co.uk/ontology/admingeo/UnitaryAuthority,Scotland,http://data.ordnancesurvey.co.uk/id/7000000000041429,Scotland,http://data.ordnancesurvey.co.uk/id/country/scotland,,,
osgb4000000074746797,http://data.ordnancesurvey.co.uk/id/4000000074746797,Bràigh Taisgeir,,,,landform,Island,95681,893255,1000,800000,95431,893010,95931,893510,HS3,http://data.ordnancesurvey.co.uk/id/postcodedistrict/HS3,,,,,,,Na h-Eileanan an Iar,http://data.ordnancesurvey.co.uk/id/7000000000030022,http://data.ordnancesurvey.co.uk/ontology/admingeo/UnitaryAuthority,Scotland,http://data.ordnancesurvey.co.uk/id/7000000000041429,Scotland,http://data.ordnancesurvey.co.uk/id/country/scotland,,,
osgb4000000074787926,http://data.ordnancesurvey.co.uk/id/4000000074787926,Toll a' Phuinnsein,,,,hydrography,Tidal Water,98547,893700,1000,150000,98271,893468,98771,893968,HS3,http://data.ordnancesurvey.co.uk/id/postcodedistrict/HS3,,,,,,,Na h-Eileanan an Iar,http://data.ordnancesurvey.co.uk/id/7000000000030022,http://data.ordnancesurvey.co.uk/ontology/admingeo/UnitaryAuthority,Scotland,http://data.ordnancesurvey.co.uk/id/7000000000041429,Scotland,http://data.ordnancesurvey.co.uk/id/country/scotland,,,
osgb4000000074759443,http://data.ordnancesurvey.co.uk/id/4000000074759443,Geirisgeodha,,,,landform,Other Coastal Landform,84745,882173,1000,15000,84506,881923,85006,882423,HS6,http://data.ordnancesurvey.co.uk/id/postcodedistrict/HS6,,,,,,,Na h-Eileanan an Iar,http://data.ordnancesurvey.co.uk/id/7000000000030022,http://data.ordnancesurvey.co.uk/ontology/admingeo/UnitaryAuthority,Scotland,http://data.ordnancesurvey.co.uk/id/7000000000041429,Scotland,http://data.ordnancesurvey.co.uk/id/country/scotland,,,
osgb4000000074747167,http://data.ordnancesurvey.co.uk/id/4000000074747167,Rubha Màs a' Chnuic,,,,landform,Coastal Headland,96984,894797,6000,750000,96590,894547,97495,895047,HS3,http://data.ordnancesurvey.co.uk/id/postcodedistrict/HS3,,,,,,,Na h-Eileanan an Iar,http://data.ordnancesurvey.co.uk/id/7000000000030022,http://data.ordnancesurvey.co.uk/ontology/admingeo/UnitaryAuthority,Scotland,http://data.ordnancesurvey.co.uk/id/7000000000041429,Scotland,http://data.ordnancesurvey.co.uk/id/country/scotland,,,
osgb4000000074769001,http://data.ordnancesurvey.co.uk/id/4000000074769001,Cnoc nan Claigeann,,,,landform,Hill Or Mountain,89417,880446,1000,300000,89167,880196,89667,880696,HS6,http://data.ordnancesurvey.co.uk/id/postcodedistrict/HS6,,,,,,,Na h-Eileanan an Iar,http://data.ordnancesurvey.co.uk/id/7000000000030022,http://data.ordnancesurvey.co.uk/ontology/admingeo/UnitaryAuthority,Scotland,http://data.ordnancesurvey.co.uk/id/7000000000041429,Scotland,http://data.ordnancesurvey.co.uk/id/country/scotland,,,
osgb4000000074747497,http://data.ordnancesurvey.co.uk/id/4000000074747497,Rubha Mhaide,,,,landform,Coastal Headland,84590,880968,2000,750000,84340,880686,84840,881186,HS6,http://data.ordnancesurvey.co.uk/id/postcodedistrict/HS6,,,,,,,Na h-Eileanan an Iar,http://data.ordnancesurvey.co.uk/id/7000000000030022,http://data.ordnancesurvey.co.uk/ontology/admingeo/UnitaryAuthority,Scotland,http://data.ordnancesurvey.co.uk/id/7000000000041429,Scotland,http://data.ordnancesurvey.co.uk/id/country/scotland,,,
osgb4000000074747211,http://data.ordnancesurvey.co.uk/id/4000000074747211,Rubha Sgeirigin,,,,landform,Coastal Headland,99169,898739,2000,750000,98923,898489,99423,898989,HS3,http://data.ordnancesurvey.co.uk/id/postcodedistrict/HS3,,,,,,,Na h-Eileanan an Iar,http://data.ordnancesurvey.co.uk/id/7000000000030022,http://data.ordnancesurvey.co.uk/ontology/admingeo/UnitaryAuthority,Scotland,http://data.ordnancesurvey.co.uk/id/7000000000041429,Scotland,http://data.ordnancesurvey.co.uk/id/country/scotland,,,
osgb4000000074746598,http://data.ordnancesurvey.co.uk/id/4000000074746598,Hunndabhaig,,,,landform,Other Coastal Landform,97911,885288,1000,50000,97645,885039,98145,885539,HS5,http://data.ordnancesurvey.co.uk/id/postcodedistrict/HS5,,,,,,,Na h-Eileanan an Iar,http://data.ordnancesurvey.co.uk/id/7000000000030022,http://data.ordnancesurvey.co.uk/ontology/admingeo/UnitaryAuthority,Scotland,http://data.ordnancesurvey.co.uk/id/7000000000041429,Scotland,http://data.ordnancesurvey.co.uk/id/country/scotland,,,
osgb4000000074798526,http://data.ordnancesurvey.co.uk/id/4000000074798526,Port Ludaig,,,,hydrography,Bay,93403,881266,3000,150000,92944,881013,93444,881513,HS6,http://data.ordnancesurvey.co.uk/id/postcodedistrict/HS6,,,,,,,Na h-Eileanan an Iar,http://data.ordnancesurvey.co.uk/id/7000000000030022,http://data.ordnancesurvey.co.uk/ontology/admingeo/UnitaryAuthority,Scotland,http://data.ordnancesurvey.co.uk/id/7000000000041429,Scotland,http://data.ordnancesurvey.co.uk/id/country/scotland,,,
osgb4000000074809518,http://data.ordnancesurvey.co.uk/id/4000000074809518,Loch a' Mhachaire,,,,hydrography,Inland Water,97098,883932,1000,500000,96846,883682,97346,884182,HS6,http://data.ordnancesurvey.co.uk/id/postcodedistrict/HS6,,,,,,,Na h-Eileanan an Iar,http://data.ordnancesurvey.co.uk/id/7000000000030022,http://data.ordnancesurvey.co.uk/ontology/admingeo/UnitaryAuthority,Scotland,http://data.ordnancesurvey.co.uk/id/7000000000041429,Scotland,http://data.ordnancesurvey.co.uk/id/country/scotland,,,
osgb4000000074788133,http://data.ordnancesurvey.co.uk/id/4000000074788133,Bàgh Easaigh,,,,hydrography,Bay,98422,885196,1000,150000,98113,884950,98613,885450,HS5,http://data.ordnancesurvey.co.uk/id/postcodedistrict/HS5,,,,,,,Na h-Eileanan an Iar,http://data.ordnancesurvey.co.uk/id/7000000000030022,http://data.ordnancesurvey.co.uk/ontology/admingeo/UnitaryAuthority,Scotland,http://data.ordnancesurvey.co.uk/id/7000000000041429,Scotland,http://data.ordnancesurvey.co.uk/id/country/scotland,,,
osgb4000000074746729,http://data.ordnancesurvey.co.uk/id/4000000074746729,Rubha Charnain,,,,landform,Coastal Headland,99739,887815,2000,750000,99483,887565,99983,888065,HS5,http://data.ordnancesurvey.co.uk/id/postcodedistrict/HS5,,,,,,,Na h-Eileanan an Iar,http://data.ordnancesurvey.co.uk/id/7000000000030022,http://data.ordnancesurvey.co.uk/ontology/admingeo/UnitaryAuthority,Scotland,http://data.ordnancesurvey.co.uk/id/7000000000041429,Scotland,http://data.ordnancesurvey.co.uk/id/country/scotland,,,
osgb4000000074758059,http://data.ordnancesurvey.co.uk/id/4000000074758059,Irishman's Rock,,,,landform,Other Coastal Landform,98318,888949,1000,50000,98068,888698,98568,889198,HS3,http://data.ordnancesurvey.co.uk/id/postcodedistrict/HS3,,,,,,,Na h-Eileanan an Iar,http://data.ordnancesurvey.co.uk/id/7000000000030022,http://data.ordnancesurvey.co.uk/ontology/admingeo/UnitaryAuthority,Scotland,http://data.ordnancesurvey.co.uk/id/7000000000041429,Scotland,http://data.ordnancesurvey.co.uk/id/country/scotland,,,
osgb4000000074768961,http://data.ordnancesurvey.co.uk/id/4000000074768961,Cnoc a' Chaisteil,,,,landform,Hill Or Mountain,98033,886775,1000,300000,97783,886525,98283,887025,HS5,http://data.ordnancesurvey.co.uk/id/postcodedistrict/HS5,,,,,,,Na h-Eileanan an Iar,http://data.ordnancesurvey.co.uk/id/7000000000030022,http://data.ordnancesurvey.co.uk/ontology/admingeo/UnitaryAuthority,Scotland,http://data.ordnancesurvey.co.uk/id/7000000000041429,Scotland,http://data.ordnancesurvey.co.uk/id/country/scotland,,,
osgb4000000074613226,http://data.ordnancesurvey.co.uk/id/4000000074613226,Sleicham,,,,landform,Island,99432,884947,2000,800000,99182,884708,99682,885208,HS5,http://data.ordnancesurvey.co.uk/id/postcodedistrict/HS5,,,,,,,Na h-Eileanan an Iar,http://data.ordnancesurvey.co.uk/id/7000000000030022,http://data.ordnancesurvey.co.uk/ontology/admingeo/UnitaryAuthority,Scotland,http://data.ordnancesurvey.co.uk/id/7000000000041429,Scotland,http://data.ordnancesurvey.co.uk/id/country/scotland,,,
osgb4000000074614050,http://data.ordnancesurvey.co.uk/id/4000000074614050,Cuidhnis,,,,landform,Island,87962,886318,3000,800000,87695,886068,88195,886568,HS6,http://data.ordnancesurvey.co.uk/id/postcodedistrict/HS6,,,,,,,Na h-Eileanan an Iar,http://data.ordnancesurvey.co.uk/id/7000000000030022,http://data.ordnancesurvey.co.uk/ontology/admingeo/UnitaryAuthority,Scotland,http://data.ordnancesurvey.co.uk/id/7000000000041429,Scotland,http://data.ordnancesurvey.co.uk/id/country/scotland,,,
osgb4000000074746731,http://data.ordnancesurvey.co.uk/id/4000000074746731,Rubha Òs,,,,landform,Other Coastal Landform,87067,887363,1000,50000,86817,887112,87317,887612,HS6,http://data.ordnancesurvey.co.uk/id/postcodedistrict/HS6,,,,,,,Na h-Eileanan an Iar,http://data.ordnancesurvey.co.uk/id/7000000000030022,http://data.ordnancesurvey.co.uk/ontology/admingeo/UnitaryAuthority,Scotland,http://data.ordnancesurvey.co.uk/id/7000000000041429,Scotland,http://data.ordnancesurvey.co.uk/id/country/scotland,,,
osgb4000000074746597,http://data.ordnancesurvey.co.uk/id/4000000074746597,Rubha Bhorasdail,,,,landform,Island,98418,886462,1000,800000,98169,886213,98669,886713,HS5,http://data.ordnancesurvey.co.uk/id/postcodedistrict/HS5,,,,,,,Na h-Eileanan an Iar,http://data.ordnancesurvey.co.uk/id/7000000000030022,http://data.ordnancesurvey.co.uk/ontology/admingeo/UnitaryAuthority,Scotland,http://data.ordnancesurvey.co.uk/id/7000000000041429,Scotland,http://data.ordnancesurvey.co.uk/id/country/scotland,,,
osgb4000000074613640,http://data.ordnancesurvey.co.uk/id/4000000074613640,Maiden's Rock,,,,landform,Island,98704,888683,1000,800000,98454,888433,98954,888933,HS3,http://data.ordnancesurvey.co.uk/id/postcodedistrict/HS3,,,,,,,Na h-Eileanan an Iar,http://data.ordnancesurvey.co.uk/id/7000000000030022,http://data.ordnancesurvey.co.uk/ontology/admingeo/UnitaryAuthority,Scotland,http://data.ordnancesurvey.co.uk/id/7000000000041429,Scotland,http://data.ordnancesurvey.co.uk/id/country/scotland,,,
osgb4000000074614471,http://data.ordnancesurvey.co.uk/id/4000000074614471,Eilean Hobri,,,,landform,Island,96037,894798,1000,800000,95726,894548,96226,895048,HS3,http://data.ordnancesurvey.co.uk/id/postcodedistrict/HS3,,,,,,,Na h-Eileanan an Iar,http://data.ordnancesurvey.co.uk/id/7000000000030022,http://data.ordnancesurvey.co.uk/ontology/admingeo/UnitaryAuthority,Scotland,http://data.ordnancesurvey.co.uk/id/7000000000041429,Scotland,http://data.ordnancesurvey.co.uk/id/country/scotland,,,
osgb4000000074613633,http://data.ordnancesurvey.co.uk/id/4000000074613633,Sgeir na Sollaig,,,,landform,Island,96380,885238,1000,800000,96131,884957,96631,885457,HS6,http://data.ordnancesurvey.co.uk/id/postcodedistrict/HS6,,,,,,,Na h-Eileanan an Iar,http://data.ordnancesurvey.co.uk/id/7000000000030022,http://data.ordnancesurvey.co.uk/ontology/admingeo/UnitaryAuthority,Scotland,http://data.ordnancesurvey.co.uk/id/7000000000041429,Scotland,http://data.ordnancesurvey.co.uk/id/country/scotland,,,
osgb4000000074616359,http://data.ordnancesurvey.co.uk/id/4000000074616359,Cnoc Bhuirgh,,,,landform,Hill Or Mountain,91685,881401,1000,300000,91435,881151,91935,881651,HS6,http://data.ordnancesurvey.co.uk/id/postcodedistrict/HS6,,,,,,,Na h-Eileanan an Iar,http://data.ordnancesurvey.co.uk/id/7000000000030022,http://data.ordnancesurvey.co.uk/ontology/admingeo/UnitaryAuthority,Scotland,http://data.ordnancesurvey.co.uk/id/7000000000041429,Scotland,http://data.ordnancesurvey.co.uk/id/country/scotland,,,
osgb4000000074616361,http://data.ordnancesurvey.co.uk/id/4000000074616361,Cnoc a' Chaisteil,,,,landform,Hill Or Mountain,85433,880587,1000,300000,85183,880337,85683,880837,HS6,http://data.ordnancesurvey.co.uk/id/postcodedistrict/HS6,,,,,,,Na h-Eileanan an Iar,http://data.ordnancesurvey.co.uk/id/7000000000030022,http://data.ordnancesurvey.co.uk/ontology/admingeo/UnitaryAuthority,Scotland,http://data.ordnancesurvey.co.uk/id/7000000000041429,Scotland,http://data.ordnancesurvey.co.uk/id/country/scotland,,,
osgb4000000074747320,http://data.ordnancesurvey.co.uk/id/4000000074747320,Crò-Dubhaig,,,,landform,Other Coastal Landform,85677,880103,1000,50000,85434,879853,85934,880353,HS6,http://data.ordnancesurvey.co.uk/id/postcodedistrict/HS6,,,,,,,Na h-Eileanan an Iar,http://data.ordnancesurvey.co.uk/id/7000000000030022,http://data.ordnancesurvey.co.uk/ontology/admingeo/UnitaryAuthority,Scotland,http://data.ordnancesurvey.co.uk/id/7000000000041429,Scotland,http://data.ordnancesurvey.co.uk/id/country/scotland,,,
osgb4000000074613639,http://data.ordnancesurvey.co.uk/id/4000000074613639,Creag Ruadh,,,,landform,Island,98464,888378,1000,800000,98214,888128,98714,888628,HS3,http://data.ordnancesurvey.co.uk/id/postcodedistrict/HS3,,,,,,,Na h-Eileanan an Iar,http://data.ordnancesurvey.co.uk/id/7000000000030022,http://data.ordnancesurvey.co.uk/ontology/admingeo/UnitaryAuthority,Scotland,http://data.ordnancesurvey.co.uk/id/7000000000041429,Scotland,http://data.ordnancesurvey.co.uk/id/country/scotland,,,
osgb4000000074746669,http://data.ordnancesurvey.co.uk/id/4000000074746669,Cul na Muice,,,,landform,Other Coastal Landform,84408,881634,1000,50000,84159,881393,84659,881893,HS6,http://data.ordnancesurvey.co.uk/id/postcodedistrict/HS6,,,,,,,Na h-Eileanan an Iar,http://data.ordnancesurvey.co.uk/id/7000000000030022,http://data.ordnancesurvey.co.uk/ontology/admingeo/UnitaryAuthority,Scotland,http://data.ordnancesurvey.co.uk/id/7000000000041429,Scotland,http://data.ordnancesurvey.co.uk/id/country/scotland,,,
osgb4000000074747319,http://data.ordnancesurvey.co.uk/id/4000000074747319,Rubha Bhoisnis,,,,landform,Coastal Headland,88826,880457,2000,750000,88624,880207,89124,880707,HS6,http://data.ordnancesurvey.co.uk/id/postcodedistrict/HS6,,,,,,,Na h-Eileanan an Iar,http://data.ordnancesurvey.co.uk/id/7000000000030022,http://data.ordnancesurvey.co.uk/ontology/admingeo/UnitaryAuthority,Scotland,http://data.ordnancesurvey.co.uk/id/7000000000041429,Scotland,http://data.ordnancesurvey.co.uk/id/country/scotland,,,
osgb4000000074613227,http://data.ordnancesurvey.co.uk/id/4000000074613227,Suam,,,,landform,Island,99946,885801,2000,800000,99696,885564,100196,886064,HS5,http://data.ordnancesurvey.co.uk/id/postcodedistrict/HS5,,,,,,,Na h-Eileanan an Iar,http://data.ordnancesurvey.co.uk/id/7000000000030022,http://data.ordnancesurvey.co.uk/ontology/admingeo/UnitaryAuthority,Scotland,http://data.ordnancesurvey.co.uk/id/7000000000041429,Scotland,http://data.ordnancesurvey.co.uk/id/country/scotland,,,
osgb4000000074613641,http://data.ordnancesurvey.co.uk/id/4000000074613641,Sgeir Einis,,,,landform,Island,98092,887918,1000,800000,97843,887668,98343,888168,HS3,http://data.ordnancesurvey.co.uk/id/postcodedistrict/HS3,,,,,,,Na h-Eileanan an Iar,http://data.ordnancesurvey.co.uk/id/7000000000030022,http://data.ordnancesurvey.co.uk/ontology/admingeo/UnitaryAuthority,Scotland,http://data.ordnancesurvey.co.uk/id/7000000000041429,Scotland,http://data.ordnancesurvey.co.uk/id/country/scotland,,,
osgb4000000074804444,http://data.ordnancesurvey.co.uk/id/4000000074804444,Loch Heddal More,,,,hydrography,Inland Water,88326,888281,2000,500000,88093,888032,88593,888532,HS6,http://data.ordnancesurvey.co.uk/id/postcodedistrict/HS6,,,,,,,Na h-Eileanan an Iar,http://data.ordnancesurvey.co.uk/id/7000000000030022,http://data.ordnancesurvey.co.uk/ontology/admingeo/UnitaryAuthority,Scotland,http://data.ordnancesurvey.co.uk/id/7000000000041429,Scotland,http://data.ordnancesurvey.co.uk/id/country/scotland,,,
osgb4000000074758134,http://data.ordnancesurvey.co.uk/id/4000000074758134,Tràigh an Teampuill,,,,landcover,Beach,97215,891364,2000,100000,96961,891115,97461,891615,HS3,http://data.ordnancesurvey.co.uk/id/postcodedistrict/HS3,,,,,,,Na h-Eileanan an Iar,http://data.ordnancesurvey.co.uk/id/7000000000030022,http://data.ordnancesurvey.co.uk/ontology/admingeo/UnitaryAuthority,Scotland,http://data.ordnancesurvey.co.uk/id/7000000000041429,Scotland,http://data.ordnancesurvey.co.uk/id/country/scotland,,,
osgb4000000074804439,http://data.ordnancesurvey.co.uk/id/4000000074804439,Loch Mòr,,,,hydrography,Inland Water,85011,881145,5000,500000,84593,880853,85341,881438,HS6,http://data.ordnancesurvey.co.uk/id/postcodedistrict/HS6,,,,,,,Na h-Eileanan an Iar,http://data.ordnancesurvey.co.uk/id/7000000000030022,http://data.ordnancesurvey.co.uk/ontology/admingeo/UnitaryAuthority,Scotland,http://data.ordnancesurvey.co.uk/id/7000000000041429,Scotland,http://data.ordnancesurvey.co.uk/id/country/scotland,,,
osgb4000000074720116,http://data.ordnancesurvey.co.uk/id/4000000074720116,Tràigh an Taoibh Thuath,,,,landcover,Beach,99105,891814,16000,100000,98351,890673,99859,893111,HS3,http://data.ordnancesurvey.co.uk/id/postcodedistrict/HS3,,,,,,,Na h-Eileanan an Iar,http://data.ordnancesurvey.co.uk/id/7000000000030022,http://data.ordnancesurvey.co.uk/ontology/admingeo/UnitaryAuthority,Scotland,http://data.ordnancesurvey.co.uk/id/7000000000041429,Scotland,http://data.ordnancesurvey.co.uk/id/country/scotland,,,
osgb4000000074747447,http://data.ordnancesurvey.co.uk/id/4000000074747447,Rubha nan Cudaigean,,,,landform,Other Coastal Landform,85843,881939,1000,50000,85592,881690,86092,882190,HS6,http://data.ordnancesurvey.co.uk/id/postcodedistrict/HS6,,,,,,,Na h-Eileanan an Iar,http://data.ordnancesurvey.co.uk/id/7000000000030022,http://data.ordnancesurvey.co.uk/ontology/admingeo/UnitaryAuthority,Scotland,http://data.ordnancesurvey.co.uk/id/7000000000041429,Scotland,http://data.ordnancesurvey.co.uk/id/country/scotland,,,
osgb4000000074612822,http://data.ordnancesurvey.co.uk/id/4000000074612822,Eilean Bhacam,,,,landform,Island,99237,882281,2000,800000,98987,882031,99487,882531,HS5,http://data.ordnancesurvey.co.uk/id/postcodedistrict/HS5,,,,,,,Na h-Eileanan an Iar,http://data.ordnancesurvey.co.uk/id/7000000000030022,http://data.ordnancesurvey.co.uk/ontology/admingeo/UnitaryAuthority,Scotland,http://data.ordnancesurvey.co.uk/id/7000000000041429,Scotland,http://data.ordnancesurvey.co.uk/id/country/scotland,,,
osgb4000000074613635,http://data.ordnancesurvey.co.uk/id/4000000074613635,Easaigh,gla,Ensay,eng,landform,Island,97731,886312,18000,800000,96874,884808,98588,887532,HS5,http://data.ordnancesurvey.co.uk/id/postcodedistrict/HS5,,,,,,,Na h-Eileanan an Iar,http://data.ordnancesurvey.co.uk/id/7000000000030022,http://data.ordnancesurvey.co.uk/ontology/admingeo/UnitaryAuthority,Scotland,http://data.ordnancesurvey.co.uk/id/7000000000041429,Scotland,http://data.ordnancesurvey.co.uk/id/country/scotland,,,
osgb4000000074588189,http://data.ordnancesurvey.co.uk/id/4000000074588189,Geo na Gainmhich,,,,landform,Other Coastal Landform,96567,894676,2000,15000,96318,894382,96818,894882,HS3,http://data.ordnancesurvey.co.uk/id/postcodedistrict/HS3,,,,,,,Na h-Eileanan an Iar,http://data.ordnancesurvey.co.uk/id/7000000000030022,http://data.ordnancesurvey.co.uk/ontology/admingeo/UnitaryAuthority,Scotland,http://data.ordnancesurvey.co.uk/id/7000000000041429,Scotland,http://data.ordnancesurvey.co.uk/id/country/scotland,,,
osgb4000000074804442,http://data.ordnancesurvey.co.uk/id/4000000074804442,Loch Ìosal Vassary,,,,hydrography,Inland Water,99863,888895,3000,500000,99614,888604,100114,889104,HS3,http://data.ordnancesurvey.co.uk/id/postcodedistrict/HS3,,,,,,,Na h-Eileanan an Iar,http://data.ordnancesurvey.co.uk/id/7000000000030022,http://data.ordnancesurvey.co.uk/ontology/admingeo/UnitaryAuthority,Scotland,http://data.ordnancesurvey.co.uk/id/7000000000041429,Scotland,http://data.ordnancesurvey.co.uk/id/country/scotland,,,
osgb4000000074588161,http://data.ordnancesurvey.co.uk/id/4000000074588161,Geodha a' Phuinnsein,,,,landform,Other Coastal Landform,97705,894454,1000,15000,97455,894217,97955,894717,HS3,http://data.ordnancesurvey.co.uk/id/postcodedistrict/HS3,,,,,,,Na h-Eileanan an Iar,http://data.ordnancesurvey.co.uk/id/7000000000030022,http://data.ordnancesurvey.co.uk/ontology/admingeo/UnitaryAuthority,Scotland,http://data.ordnancesurvey.co.uk/id/7000000000041429,Scotland,http://data.ordnancesurvey.co.uk/id/country/scotland,,,
osgb4000000074719960,http://data.ordnancesurvey.co.uk/id/4000000074719960,Tràigh Mhànais,,,,landcover,Beach,97607,886982,4000,100000,97157,886732,97821,887232,HS5,http://data.ordnancesurvey.co.uk/id/postcodedistrict/HS5,,,,,,,Na h-Eileanan an Iar,http://data.ordnancesurvey.co.uk/id/7000000000030022,http://data.ordnancesurvey.co.uk/ontology/admingeo/UnitaryAuthority,Scotland,http://data.ordnancesurvey.co.uk/id/7000000000041429,Scotland,http://data.ordnancesurvey.co.uk/id/country/scotland,,,
osgb4000000074589427,http://data.ordnancesurvey.co.uk/id/4000000074589427,Berneray,eng,Beàrnaraigh,gla,landform,Island,91617,881892,43000,800000,88510,879835,95050,883949,HS6,http://data.ordnancesurvey.co.uk/id/postcodedistrict/HS6,,,,,,,Na h-Eileanan an Iar,http://data.ordnancesurvey.co.uk/id/7000000000030022,http://data.ordnancesurvey.co.uk/ontology/admingeo/UnitaryAuthority,Scotland,http://data.ordnancesurvey.co.uk/id/7000000000041429,Scotland,http://data.ordnancesurvey.co.uk/id/country/scotland,,,
osgb4000000074747381,http://data.ordnancesurvey.co.uk/id/4000000074747381,Rubh' an t-Soithich,,,,landform,Other Coastal Landform,96849,884247,1000,50000,96599,884005,97099,884505,HS6,http://data.ordnancesurvey.co.uk/id/postcodedistrict/HS6,,,,,,,Na h-Eileanan an Iar,http://data.ordnancesurvey.co.uk/id/7000000000030022,http://data.ordnancesurvey.co.uk/ontology/admingeo/UnitaryAuthority,Scotland,http://data.ordnancesurvey.co.uk/id/7000000000041429,Scotland,http://data.ordnancesurvey.co.uk/id/country/scotland,,,
osgb4000000074612824,http://data.ordnancesurvey.co.uk/id/4000000074612824,Sgeir Dhomhnaill Chaim,,,,landform,Island,99428,884227,1000,800000,99179,883978,99679,884478,HS5,http://data.ordnancesurvey.co.uk/id/postcodedistrict/HS5,,,,,,,Na h-Eileanan an Iar,http://data.ordnancesurvey.co.uk/id/7000000000030022,http://data.ordnancesurvey.co.uk/ontology/admingeo/UnitaryAuthority,Scotland,http://data.ordnancesurvey.co.uk/id/7000000000041429,Scotland,http://data.ordnancesurvey.co.uk/id/country/scotland,,,
osgb4000000074747448,http://data.ordnancesurvey.co.uk/id/4000000074747448,Barradh-Greine,,,,landcover,Wetland,85742,881259,1000,200000,85498,881010,85998,881510,HS6,http://data.ordnancesurvey.co.uk/id/postcodedistrict/HS6,,,,,,,Na h-Eileanan an Iar,http://data.ordnancesurvey.co.uk/id/7000000000030022,http://data.ordnancesurvey.co.uk/ontology/admingeo/UnitaryAuthority,Scotland,http://data.ordnancesurvey.co.uk/id/7000000000041429,Scotland,http://data.ordnancesurvey.co.uk/id/country/scotland,,,
osgb4000000074815770,http://data.ordnancesurvey.co.uk/id/4000000074815770,Beinn a' Chlaidh,,,,landform,Hill Or Mountain,91320,880680,1000,300000,91070,880430,91570,880930,HS6,http://data.ordnancesurvey.co.uk/id/postcodedistrict/HS6,,,,,,,Na h-Eileanan an Iar,http://data.ordnancesurvey.co.uk/id/7000000000030022,http://data.ordnancesurvey.co.uk/ontology/admingeo/UnitaryAuthority,Scotland,http://data.ordnancesurvey.co.uk/id/7000000000041429,Scotland,http://data.ordnancesurvey.co.uk/id/country/scotland,,,
osgb4000000074789364,http://data.ordnancesurvey.co.uk/id/4000000074789364,Caolas Spuir,,,,hydrography,Channel,86968,885617,25000,100000,84892,883836,88788,887400,HS6,http://data.ordnancesurvey.co.uk/id/postcodedistrict/HS6,,,,,,,Na h-Eileanan an Iar,http://data.ordnancesurvey.co.uk/id/7000000000030022,http://data.ordnancesurvey.co.uk/ontology/admingeo/UnitaryAuthority,Scotland,http://data.ordnancesurvey.co.uk/id/7000000000041429,Scotland,http://data.ordnancesurvey.co.uk/id/country/scotland,,,
osgb4000000074720647,http://data.ordnancesurvey.co.uk/id/4000000074720647,Tràigh an t-Seana-chaisteil,,,,landcover,Beach,89877,886715,5000,100000,89521,886433,90365,886997,HS6,http://data.ordnancesurvey.co.uk/id/postcodedistrict/HS6,,,,,,,Na h-Eileanan an Iar,http://data.ordnancesurvey.co.uk/id/7000000000030022,http://data.ordnancesurvey.co.uk/ontology/admingeo/UnitaryAuthority,Scotland,http://data.ordnancesurvey.co.uk/id/7000000000041429,Scotland,http://data.ordnancesurvey.co.uk/id/country/scotland,,,
osgb4000000074788036,http://data.ordnancesurvey.co.uk/id/4000000074788036,Bàgh Alairip,,,,hydrography,Bay,88596,889081,2000,150000,88214,888744,88714,889244,HS6,http://data.ordnancesurvey.co.uk/id/postcodedistrict/HS6,,,,,,,Na h-Eileanan an Iar,http://data.ordnancesurvey.co.uk/id/7000000000030022,http://data.ordnancesurvey.co.uk/ontology/admingeo/UnitaryAuthority,Scotland,http://data.ordnancesurvey.co.uk/id/7000000000041429,Scotland,http://data.ordnancesurvey.co.uk/id/country/scotland,,,
osgb4000000074746905,http://data.ordnancesurvey.co.uk/id/4000000074746905,Cisinis,,,,landform,Other Coastal Landform,87496,888881,1000,50000,87322,888631,87822,889131,HS6,http://data.ordnancesurvey.co.uk/id/postcodedistrict/HS6,,,,,,,Na h-Eileanan an Iar,http://data.ordnancesurvey.co.uk/id/7000000000030022,http://data.ordnancesurvey.co.uk/ontology/admingeo/UnitaryAuthority,Scotland,http://data.ordnancesurvey.co.uk/id/7000000000041429,Scotland,http://data.ordnancesurvey.co.uk/id/country/scotland,,,
osgb4000000074788985,http://data.ordnancesurvey.co.uk/id/4000000074788985,Faodhail an Taobh Tuath,,,,hydrography,Tidal Water,98551,892470,7000,150000,98292,892093,98792,893165,HS3,http://data.ordnancesurvey.co.uk/id/postcodedistrict/HS3,,,,,,,Na h-Eileanan an Iar,http://data.ordnancesurvey.co.uk/id/7000000000030022,http://data.ordnancesurvey.co.uk/ontology/admingeo/UnitaryAuthority,Scotland,http://data.ordnancesurvey.co.uk/id/7000000000041429,Scotland,http://data.ordnancesurvey.co.uk/id/country/scotland,,,
osgb4000000074787921,http://data.ordnancesurvey.co.uk/id/4000000074787921,Bàgh a' Chotain,,,,hydrography,Bay,98399,886101,4000,150000,98115,885812,98615,886352,HS5,http://data.ordnancesurvey.co.uk/id/postcodedistrict/HS5,,,,,,,Na h-Eileanan an Iar,http://data.ordnancesurvey.co.uk/id/7000000000030022,http://data.ordnancesurvey.co.uk/ontology/admingeo/UnitaryAuthority,Scotland,http://data.ordnancesurvey.co.uk/id/7000000000041429,Scotland,http://data.ordnancesurvey.co.uk/id/country/scotland,,,
osgb4000000074616746,http://data.ordnancesurvey.co.uk/id/4000000074616746,Greanan,,,,landform,Hill Or Mountain,88626,888611,1000,300000,88376,888361,88876,888861,HS6,http://data.ordnancesurvey.co.uk/id/postcodedistrict/HS6,,,,,,,Na h-Eileanan an Iar,http://data.ordnancesurvey.co.uk/id/7000000000030022,http://data.ordnancesurvey.co.uk/ontology/admingeo/UnitaryAuthority,Scotland,http://data.ordnancesurvey.co.uk/id/7000000000041429,Scotland,http://data.ordnancesurvey.co.uk/id/country/scotland,,,
osgb4000000074758133,http://data.ordnancesurvey.co.uk/id/4000000074758133,Hunter's Rock,,,,landform,Other Coastal Landform,98612,889295,1000,50000,98363,889045,98863,889545,HS3,http://data.ordnancesurvey.co.uk/id/postcodedistrict/HS3,,,,,,,Na h-Eileanan an Iar,http://data.ordnancesurvey.co.uk/id/7000000000030022,http://data.ordnancesurvey.co.uk/ontology/admingeo/UnitaryAuthority,Scotland,http://data.ordnancesurvey.co.uk/id/7000000000041429,Scotland,http://data.ordnancesurvey.co.uk/id/country/scotland,,,
osgb4000000074612823,http://data.ordnancesurvey.co.uk/id/4000000074612823,Sgeir Fhadabhig,,,,landform,Island,98117,882405,2000,800000,97891,882155,98391,882655,HS5,http://data.ordnancesurvey.co.uk/id/postcodedistrict/HS5,,,,,,,Na h-Eileanan an Iar,http://data.ordnancesurvey.co.uk/id/7000000000030022,http://data.ordnancesurvey.co.uk/ontology/admingeo/UnitaryAuthority,Scotland,http://data.ordnancesurvey.co.uk/id/7000000000041429,Scotland,http://data.ordnancesurvey.co.uk/id/country/scotland,,,
osgb4000000074746906,http://data.ordnancesurvey.co.uk/id/4000000074746906,Brenish Point,,,,landform,Coastal Headland,90100,889203,1000,750000,89848,888953,90348,889453,HS6,http://data.ordnancesurvey.co.uk/id/postcodedistrict/HS6,,,,,,,Na h-Eileanan an Iar,http://data.ordnancesurvey.co.uk/id/7000000000030022,http://data.ordnancesurvey.co.uk/ontology/admingeo/UnitaryAuthority,Scotland,http://data.ordnancesurvey.co.uk/id/7000000000041429,Scotland,http://data.ordnancesurvey.co.uk/id/country/scotland,,,
osgb4000000074746721,http://data.ordnancesurvey.co.uk/id/4000000074746721,Rubha a' Chorrain,,,,landcover,Wetland,90636,883538,2000,200000,90402,883288,90902,883788,HS6,http://data.ordnancesurvey.co.uk/id/postcodedistrict/HS6,,,,,,,Na h-Eileanan an Iar,http://data.ordnancesurvey.co.uk/id/7000000000030022,http://data.ordnancesurvey.co.uk/ontology/admingeo/UnitaryAuthority,Scotland,http://data.ordnancesurvey.co.uk/id/7000000000041429,Scotland,http://data.ordnancesurvey.co.uk/id/country/scotland,,,
osgb4000000074616747,http://data.ordnancesurvey.co.uk/id/4000000074616747,Bualabhal,,,,landform,Hill Or Mountain,99456,899528,1000,300000,99206,899278,99706,899778,HS3,http://data.ordnancesurvey.co.uk/id/postcodedistrict/HS3,,,,,,,Na h-Eileanan an Iar,http://data.ordnancesurvey.co.uk/id/7000000000030022,http://data.ordnancesurvey.co.uk/ontology/admingeo/UnitaryAuthority,Scotland,http://data.ordnancesurvey.co.uk/id/7000000000041429,Scotland,http://data.ordnancesurvey.co.uk/id/country/scotland,,,
HS65BG,http://data.ordnancesurvey.co.uk/id/postcodeunit/HS65BG,HS6 5BG,,,,other,Postcode,92708,881935,3500,18000,,,,,,,Ruisgarry / Ruisigearraidh,http://data.ordnancesurvey.co.uk/id/4000000074543325,http://www.ordnancesurvey.co.uk/xml/codelists/localtype.xml#village,,,,Na h-Eileanan an Iar,http://data.ordnancesurvey.co.uk/id/7000000000030022,http://data.ordnancesurvey.co.uk/ontology/admingeo/UnitaryAuthority,Scotland,http://data.ordnancesurvey.co.uk/id/7000000000041429,Scotland,http://data.ordnancesurvey.co.uk/id/country/scotland,,,
osgb4000000074588162,http://data.ordnancesurvey.co.uk/id/4000000074588162,Geodha Leinis,,,,landform,Other Coastal Landform,97513,894603,1000,15000,97275,894353,97775,894853,HS3,http://data.ordnancesurvey.co.uk/id/postcodedistrict/HS3,,,,,,,Na h-Eileanan an Iar,http://data.ordnancesurvey.co.uk/id/7000000000030022,http://data.ordnancesurvey.co.uk/ontology/admingeo/UnitaryAuthority,Scotland,http://data.ordnancesurvey.co.uk/id/7000000000041429,Scotland,http://data.ordnancesurvey.co.uk/id/country/scotland,,,
osgb4000000074613629,http://data.ordnancesurvey.co.uk/id/4000000074613629,Sgeir an Tarbh,,,,landform,Island,98823,882473,1000,800000,98626,882223,99126,882723,HS5,http://data.ordnancesurvey.co.uk/id/postcodedistrict/HS5,,,,,,,Na h-Eileanan an Iar,http://data.ordnancesurvey.co.uk/id/7000000000030022,http://data.ordnancesurvey.co.uk/ontology/admingeo/UnitaryAuthority,Scotland,http://data.ordnancesurvey.co.uk/id/7000000000041429,Scotland,http://data.ordnancesurvey.co.uk/id/country/scotland,,,
osgb4000000074746666,http://data.ordnancesurvey.co.uk/id/4000000074746666,Lag a' Chomanachaidh,,,,landform,Other Coastal Landform,91751,881743,1000,20000,91542,881494,92042,881994,HS6,http://data.ordnancesurvey.co.uk/id/postcodedistrict/HS6,,,,,,,Na h-Eileanan an Iar,http://data.ordnancesurvey.co.uk/id/7000000000030022,http://data.ordnancesurvey.co.uk/ontology/admingeo/UnitaryAuthority,Scotland,http://data.ordnancesurvey.co.uk/id/7000000000041429,Scotland,http://data.ordnancesurvey.co.uk/id/country/scotland,,,
osgb4000000074715087,http://data.ordnancesurvey.co.uk/id/4000000074715087,Rubha an Teampaill,,,,landform,Other Coastal Landform,97012,891311,1000,20000,96757,891061,97257,891561,HS3,http://data.ordnancesurvey.co.uk/id/postcodedistrict/HS3,,,,,,,Na h-Eileanan an Iar,http://data.ordnancesurvey.co.uk/id/7000000000030022,http://data.ordnancesurvey.co.uk/ontology/admingeo/UnitaryAuthority,Scotland,http://data.ordnancesurvey.co.uk/id/7000000000041429,Scotland,http://data.ordnancesurvey.co.uk/id/country/scotland,,,
HS65BL,http://data.ordnancesurvey.co.uk/id/postcodeunit/HS65BL,HS6 5BL,,,,other,Postcode,91890,880926,3500,18000,,,,,,,Borve / Borgh,http://data.ordnancesurvey.co.uk/id/4000000074564812,http://www.ordnancesurvey.co.uk/xml/codelists/localtype.xml#village,,,,Na h-Eileanan an Iar,http://data.ordnancesurvey.co.uk/id/7000000000030022,http://data.ordnancesurvey.co.uk/ontology/admingeo/UnitaryAuthority,Scotland,http://data.ordnancesurvey.co.uk/id/7000000000041429,Scotland,http://data.ordnancesurvey.co.uk/id/country/scotland,,,
