osgb4000000074337443,http://data.ordnancesurvey.co.uk/id/4000000074337443,Bhatairsteinn,gla,Waterstein,eng,populatedPlace,Hamlet,114056,848446,5000,25000,113779,848035,114352,848930,IV55,http://data.ordnancesurvey.co.uk/id/postcodedistrict/IV55,,,,,,,Highland,http://data.ordnancesurvey.co.uk/id/7000000000029638,http://data.ordnancesurvey.co.uk/ontology/admingeo/UnitaryAuthority,Scotland,http://data.ordnancesurvey.co.uk/id/7000000000041429,Scotland,http://data.ordnancesurvey.co.uk/id/country/scotland,,,
osgb4000000074543167,http://data.ordnancesurvey.co.uk/id/4000000074543167,A' Glas Pheighinn,gla,Glasphein,eng,populatedPlace,Suburban Area,118024,850126,3000,25000,117802,849843,118302,850343,IV55,http://data.ordnancesurvey.co.uk/id/postcodedistrict/IV55,,,,,,,Highland,http://data.ordnancesurvey.co.uk/id/7000000000029638,http://data.ordnancesurvey.co.uk/ontology/admingeo/UnitaryAuthority,Scotland,http://data.ordnancesurvey.co.uk/id/7000000000041429,Scotland,http://data.ordnancesurvey.co.uk/id/country/scotland,,,
osgb4000000074543267,http://data.ordnancesurvey.co.uk/id/4000000074543267,Galtraigeall,gla,Galtrigill,eng,populatedPlace,Hamlet,118388,854418,5000,25000,118096,854133,118596,854633,IV55,http://data.ordnancesurvey.co.uk/id/postcodedistrict/IV55,,,,,,,Highland,http://data.ordnancesurvey.co.uk/id/7000000000029638,http://data.ordnancesurvey.co.uk/ontology/admingeo/UnitaryAuthority,Scotland,http://data.ordnancesurvey.co.uk/id/7000000000041429,Scotland,http://data.ordnancesurvey.co.uk/id/country/scotland,,http://dbpedia.org/resource/Galltrigill,http://sws.geonames.org/2648905
osgb4000000074570634,http://data.ordnancesurvey.co.uk/id/4000000074570634,Totaig,,,,populatedPlace,Hamlet,119972,850605,5000,25000,119650,850180,120188,851120,IV55,http://data.ordnancesurvey.co.uk/id/postcodedistrict/IV55,,,,,,,Highland,http://data.ordnancesurvey.co.uk/id/7000000000029638,http://data.ordnancesurvey.co.uk/ontology/admingeo/UnitaryAuthority,Scotland,http://data.ordnancesurvey.co.uk/id/7000000000041429,Scotland,http://data.ordnancesurvey.co.uk/id/country/scotland,,http://dbpedia.org/resource/Totaig,
osgb4000000074570626,http://data.ordnancesurvey.co.uk/id/4000000074570626,Holmisdale,eng,Holmasdal,gla,populatedPlace,Suburban Area,118377,848462,11000,25000,117846,847613,118530,849246,IV55,http://data.ordnancesurvey.co.uk/id/postcodedistrict/IV55,,,,,,,Highland,http://data.ordnancesurvey.co.uk/id/7000000000029638,http://data.ordnancesurvey.co.uk/ontology/admingeo/UnitaryAuthority,Scotland,http://data.ordnancesurvey.co.uk/id/7000000000041429,Scotland,http://data.ordnancesurvey.co.uk/id/country/scotland,,,
osgb4000000074540851,http://data.ordnancesurvey.co.uk/id/4000000074540851,Gleann Dail,gla,Glen Dale,eng,populatedPlace,Village,117676,849588,20000,250000,116463,847613,119109,850670,IV55,http://data.ordnancesurvey.co.uk/id/postcodedistrict/IV55,,,,,,,Highland,http://data.ordnancesurvey.co.uk/id/7000000000029638,http://data.ordnancesurvey.co.uk/ontology/admingeo/UnitaryAuthority,Scotland,http://data.ordnancesurvey.co.uk/id/7000000000041429,Scotland,http://data.ordnancesurvey.co.uk/id/country/scotland,,"http://dbpedia.org/resource/Glendale,_Skye",
osgb4000000074570625,http://data.ordnancesurvey.co.uk/id/4000000074570625,Ramasaig,,,,populatedPlace,Other Settlement,116370,844333,15000,25000,116222,844010,116722,844628,IV55,http://data.ordnancesurvey.co.uk/id/postcodedistrict/IV55,,,,,,,Highland,http://data.ordnancesurvey.co.uk/id/7000000000029638,http://data.ordnancesurvey.co.uk/ontology/admingeo/UnitaryAuthority,Scotland,http://data.ordnancesurvey.co.uk/id/7000000000041429,Scotland,http://data.ordnancesurvey.co.uk/id/country/scotland,,http://dbpedia.org/resource/Ramasaig,http://sws.geonames.org/2639679
osgb4000000074337444,http://data.ordnancesurvey.co.uk/id/4000000074337444,Mìolabhaig,gla,Milovaig,eng,populatedPlace,Village,115572,849346,11000,250000,114408,849005,116076,850665,IV55,http://data.ordnancesurvey.co.uk/id/postcodedistrict/IV55,,,,,,,Highland,http://data.ordnancesurvey.co.uk/id/7000000000029638,http://data.ordnancesurvey.co.uk/ontology/admingeo/UnitaryAuthority,Scotland,http://data.ordnancesurvey.co.uk/id/7000000000041429,Scotland,http://data.ordnancesurvey.co.uk/id/country/scotland,,http://dbpedia.org/resource/Milovaig,http://sws.geonames.org/2642481
osgb4000000074570636,http://data.ordnancesurvey.co.uk/id/4000000074570636,Boraraig,gla,Borreraig,eng,populatedPlace,Hamlet,118757,853583,5000,25000,118444,853076,119193,853986,IV55,http://data.ordnancesurvey.co.uk/id/postcodedistrict/IV55,,,,,,,Highland,http://data.ordnancesurvey.co.uk/id/7000000000029638,http://data.ordnancesurvey.co.uk/ontology/admingeo/UnitaryAuthority,Scotland,http://data.ordnancesurvey.co.uk/id/7000000000041429,Scotland,http://data.ordnancesurvey.co.uk/id/country/scotland,,http://dbpedia.org/resource/Borreraig,http://sws.geonames.org/2655183
osgb4000000074337336,http://data.ordnancesurvey.co.uk/id/4000000074337336,Fearann MhicGuaire,gla,Feriniquarrie,eng,populatedPlace,Suburban Area,117215,850304,5000,25000,117053,849976,117897,850670,IV55,http://data.ordnancesurvey.co.uk/id/postcodedistrict/IV55,,,,,,,Highland,http://data.ordnancesurvey.co.uk/id/7000000000029638,http://data.ordnancesurvey.co.uk/ontology/admingeo/UnitaryAuthority,Scotland,http://data.ordnancesurvey.co.uk/id/7000000000041429,Scotland,http://data.ordnancesurvey.co.uk/id/country/scotland,,,
osgb4000000074543102,http://data.ordnancesurvey.co.uk/id/4000000074543102,An Leth-Pheighinn,eng,Lephin,gla,populatedPlace,Suburban Area,117713,849519,4000,25000,117439,849163,117992,849663,IV55,http://data.ordnancesurvey.co.uk/id/postcodedistrict/IV55,,,,,,,Highland,http://data.ordnancesurvey.co.uk/id/7000000000029638,http://data.ordnancesurvey.co.uk/ontology/admingeo/UnitaryAuthority,Scotland,http://data.ordnancesurvey.co.uk/id/7000000000041429,Scotland,http://data.ordnancesurvey.co.uk/id/country/scotland,,,
osgb4000000074337448,http://data.ordnancesurvey.co.uk/id/4000000074337448,Fasach,,,,populatedPlace,Suburban Area,118879,849136,14000,25000,118239,847912,119109,849993,IV55,http://data.ordnancesurvey.co.uk/id/postcodedistrict/IV55,,,,,,,Highland,http://data.ordnancesurvey.co.uk/id/7000000000029638,http://data.ordnancesurvey.co.uk/ontology/admingeo/UnitaryAuthority,Scotland,http://data.ordnancesurvey.co.uk/id/7000000000041429,Scotland,http://data.ordnancesurvey.co.uk/id/country/scotland,,http://dbpedia.org/resource/Fasach,
osgb4000000074550520,http://data.ordnancesurvey.co.uk/id/4000000074550520,Husabost,,,,populatedPlace,Other Settlement,119956,851500,15000,25000,119376,851305,120442,851805,IV55,http://data.ordnancesurvey.co.uk/id/postcodedistrict/IV55,,,,,,,Highland,http://data.ordnancesurvey.co.uk/id/7000000000029638,http://data.ordnancesurvey.co.uk/ontology/admingeo/UnitaryAuthority,Scotland,http://data.ordnancesurvey.co.uk/id/7000000000041429,Scotland,http://data.ordnancesurvey.co.uk/id/country/scotland,,,http://sws.geonames.org/2646350
osgb4000000074570628,http://data.ordnancesurvey.co.uk/id/4000000074570628,Hamaramore,,,,populatedPlace,Suburban Area,117181,849591,3000,25000,116821,849287,117321,849787,IV55,http://data.ordnancesurvey.co.uk/id/postcodedistrict/IV55,,,,,,,Highland,http://data.ordnancesurvey.co.uk/id/7000000000029638,http://data.ordnancesurvey.co.uk/ontology/admingeo/UnitaryAuthority,Scotland,http://data.ordnancesurvey.co.uk/id/7000000000041429,Scotland,http://data.ordnancesurvey.co.uk/id/country/scotland,,,
osgb4000000074570635,http://data.ordnancesurvey.co.uk/id/4000000074570635,Uig,,,,populatedPlace,Other Settlement,119335,852546,15000,25000,119107,852025,119776,852970,IV55,http://data.ordnancesurvey.co.uk/id/postcodedistrict/IV55,,,,,,,Highland,http://data.ordnancesurvey.co.uk/id/7000000000029638,http://data.ordnancesurvey.co.uk/ontology/admingeo/UnitaryAuthority,Scotland,http://data.ordnancesurvey.co.uk/id/7000000000041429,Scotland,http://data.ordnancesurvey.co.uk/id/country/scotland,,,http://sws.geonames.org/2635220
IV558ZZ,http://data.ordnancesurvey.co.uk/id/postcodeunit/IV558ZZ,IV55 8ZZ,,,,other,Postcode,118435,854365,3500,18000,,,,,,,Galtraigeall / Galtrigill,http://data.ordnancesurvey.co.uk/id/4000000074543267,http://www.ordnancesurvey.co.uk/xml/codelists/localtype.xml#hamlet,,,,Highland,http://data.ordnancesurvey.co.uk/id/7000000000029638,http://data.ordnancesurvey.co.uk/ontology/admingeo/UnitaryAuthority,Scotland,http://data.ordnancesurvey.co.uk/id/7000000000041429,Scotland,http://data.ordnancesurvey.co.uk/id/country/scotland,,,
IV558ZY,http://data.ordnancesurvey.co.uk/id/postcodeunit/IV558ZY,IV55 8ZY,,,,other,Postcode,118740,853350,3500,18000,,,,,,,Boraraig / Borreraig,http://data.ordnancesurvey.co.uk/id/4000000074570636,http://www.ordnancesurvey.co.uk/xml/codelists/localtype.xml#hamlet,,,,Highland,http://data.ordnancesurvey.co.uk/id/7000000000029638,http://data.ordnancesurvey.co.uk/ontology/admingeo/UnitaryAuthority,Scotland,http://data.ordnancesurvey.co.uk/id/7000000000041429,Scotland,http://data.ordnancesurvey.co.uk/id/country/scotland,,,
IV558WU,http://data.ordnancesurvey.co.uk/id/postcodeunit/IV558WU,IV55 8WU,,,,other,Postcode,112666,847133,3500,18000,,,,,,,,,,,,,Highland,http://data.ordnancesurvey.co.uk/id/7000000000029638,http://data.ordnancesurvey.co.uk/ontology/admingeo/UnitaryAuthority,Scotland,http://data.ordnancesurvey.co.uk/id/7000000000041429,Scotland,http://data.ordnancesurvey.co.uk/id/country/scotland,,,
IV558WX,http://data.ordnancesurvey.co.uk/id/postcodeunit/IV558WX,IV55 8WX,,,,other,Postcode,116396,844375,3500,18000,,,,,,,Ramasaig,http://data.ordnancesurvey.co.uk/id/4000000074570625,http://www.ordnancesurvey.co.uk/xml/codelists/localtype.xml#otherSettlement,,,,Highland,http://data.ordnancesurvey.co.uk/id/7000000000029638,http://data.ordnancesurvey.co.uk/ontology/admingeo/UnitaryAuthority,Scotland,http://data.ordnancesurvey.co.uk/id/7000000000041429,Scotland,http://data.ordnancesurvey.co.uk/id/country/scotland,,,
IV558WS,http://data.ordnancesurvey.co.uk/id/postcodeunit/IV558WS,IV55 8WS,,,,other,Postcode,118348,848601,3500,18000,,,,,,,Gleann Dail / Glen Dale,http://data.ordnancesurvey.co.uk/id/4000000074540851,http://www.ordnancesurvey.co.uk/xml/codelists/localtype.xml#village,,,,Highland,http://data.ordnancesurvey.co.uk/id/7000000000029638,http://data.ordnancesurvey.co.uk/ontology/admingeo/UnitaryAuthority,Scotland,http://data.ordnancesurvey.co.uk/id/7000000000041429,Scotland,http://data.ordnancesurvey.co.uk/id/country/scotland,,,
IV558WR,http://data.ordnancesurvey.co.uk/id/postcodeunit/IV558WR,IV55 8WR,,,,other,Postcode,114941,850262,3500,18000,,,,,,,Mìolabhaig / Milovaig,http://data.ordnancesurvey.co.uk/id/4000000074337444,http://www.ordnancesurvey.co.uk/xml/codelists/localtype.xml#village,,,,Highland,http://data.ordnancesurvey.co.uk/id/7000000000029638,http://data.ordnancesurvey.co.uk/ontology/admingeo/UnitaryAuthority,Scotland,http://data.ordnancesurvey.co.uk/id/7000000000041429,Scotland,http://data.ordnancesurvey.co.uk/id/country/scotland,,,
IV558WT,http://data.ordnancesurvey.co.uk/id/postcodeunit/IV558WT,IV55 8WT,,,,other,Postcode,114085,848515,3500,18000,,,,,,,Bhatairsteinn / Waterstein,http://data.ordnancesurvey.co.uk/id/4000000074337443,http://www.ordnancesurvey.co.uk/xml/codelists/localtype.xml#hamlet,,,,Highland,http://data.ordnancesurvey.co.uk/id/7000000000029638,http://data.ordnancesurvey.co.uk/ontology/admingeo/UnitaryAuthority,Scotland,http://data.ordnancesurvey.co.uk/id/7000000000041429,Scotland,http://data.ordnancesurvey.co.uk/id/country/scotland,,,
IV558ZX,http://data.ordnancesurvey.co.uk/id/postcodeunit/IV558ZX,IV55 8ZX,,,,other,Postcode,118721,852700,3500,18000,,,,,,,,,,,,,Highland,http://data.ordnancesurvey.co.uk/id/7000000000029638,http://data.ordnancesurvey.co.uk/ontology/admingeo/UnitaryAuthority,Scotland,http://data.ordnancesurvey.co.uk/id/7000000000041429,Scotland,http://data.ordnancesurvey.co.uk/id/country/scotland,,,
IV558WL,http://data.ordnancesurvey.co.uk/id/postcodeunit/IV558WL,IV55 8WL,,,,other,Postcode,116774,849273,3500,18000,,,,,,,,,,,,,Highland,http://data.ordnancesurvey.co.uk/id/7000000000029638,http://data.ordnancesurvey.co.uk/ontology/admingeo/UnitaryAuthority,Scotland,http://data.ordnancesurvey.co.uk/id/7000000000041429,Scotland,http://data.ordnancesurvey.co.uk/id/country/scotland,,,
IV558ZU,http://data.ordnancesurvey.co.uk/id/postcodeunit/IV558ZU,IV55 8ZU,,,,other,Postcode,119741,851056,3500,18000,,,,,,,Totaig,http://data.ordnancesurvey.co.uk/id/4000000074570634,http://www.ordnancesurvey.co.uk/xml/codelists/localtype.xml#hamlet,,,,Highland,http://data.ordnancesurvey.co.uk/id/7000000000029638,http://data.ordnancesurvey.co.uk/ontology/admingeo/UnitaryAuthority,Scotland,http://data.ordnancesurvey.co.uk/id/7000000000041429,Scotland,http://data.ordnancesurvey.co.uk/id/country/scotland,,,
IV558WN,http://data.ordnancesurvey.co.uk/id/postcodeunit/IV558WN,IV55 8WN,,,,other,Postcode,117380,850196,3500,18000,,,,,,,Gleann Dail / Glen Dale,http://data.ordnancesurvey.co.uk/id/4000000074540851,http://www.ordnancesurvey.co.uk/xml/codelists/localtype.xml#village,,,,Highland,http://data.ordnancesurvey.co.uk/id/7000000000029638,http://data.ordnancesurvey.co.uk/ontology/admingeo/UnitaryAuthority,Scotland,http://data.ordnancesurvey.co.uk/id/7000000000041429,Scotland,http://data.ordnancesurvey.co.uk/id/country/scotland,,,
IV558WW,http://data.ordnancesurvey.co.uk/id/postcodeunit/IV558WW,IV55 8WW,,,,other,Postcode,118032,850103,3500,18000,,,,,,,Gleann Dail / Glen Dale,http://data.ordnancesurvey.co.uk/id/4000000074540851,http://www.ordnancesurvey.co.uk/xml/codelists/localtype.xml#village,,,,Highland,http://data.ordnancesurvey.co.uk/id/7000000000029638,http://data.ordnancesurvey.co.uk/ontology/admingeo/UnitaryAuthority,Scotland,http://data.ordnancesurvey.co.uk/id/7000000000041429,Scotland,http://data.ordnancesurvey.co.uk/id/country/scotland,,,
IV558WG,http://data.ordnancesurvey.co.uk/id/postcodeunit/IV558WG,IV55 8WG,,,,other,Postcode,117710,849592,3500,18000,,,,,,,Gleann Dail / Glen Dale,http://data.ordnancesurvey.co.uk/id/4000000074540851,http://www.ordnancesurvey.co.uk/xml/codelists/localtype.xml#village,,,,Highland,http://data.ordnancesurvey.co.uk/id/7000000000029638,http://data.ordnancesurvey.co.uk/ontology/admingeo/UnitaryAuthority,Scotland,http://data.ordnancesurvey.co.uk/id/7000000000041429,Scotland,http://data.ordnancesurvey.co.uk/id/country/scotland,,,
IV558WY,http://data.ordnancesurvey.co.uk/id/postcodeunit/IV558WY,IV55 8WY,,,,other,Postcode,115748,849494,3500,18000,,,,,,,Mìolabhaig / Milovaig,http://data.ordnancesurvey.co.uk/id/4000000074337444,http://www.ordnancesurvey.co.uk/xml/codelists/localtype.xml#village,,,,Highland,http://data.ordnancesurvey.co.uk/id/7000000000029638,http://data.ordnancesurvey.co.uk/ontology/admingeo/UnitaryAuthority,Scotland,http://data.ordnancesurvey.co.uk/id/7000000000041429,Scotland,http://data.ordnancesurvey.co.uk/id/country/scotland,,,
osgb4000000074807403,http://data.ordnancesurvey.co.uk/id/4000000074807403,Loch Glen Ionadal,,,,hydrography,Inland Water,119302,841294,3000,500000,118978,841044,119501,841544,IV55,http://data.ordnancesurvey.co.uk/id/postcodedistrict/IV55,,,,,,,Highland,http://data.ordnancesurvey.co.uk/id/7000000000029638,http://data.ordnancesurvey.co.uk/ontology/admingeo/UnitaryAuthority,Scotland,http://data.ordnancesurvey.co.uk/id/7000000000041429,Scotland,http://data.ordnancesurvey.co.uk/id/country/scotland,,,
osgb4000000074617181,http://data.ordnancesurvey.co.uk/id/4000000074617181,Ben Forsan,,,,landform,Hill Or Mountain,115547,848606,1000,300000,115297,848356,115797,848856,IV55,http://data.ordnancesurvey.co.uk/id/postcodedistrict/IV55,,,,,,,Highland,http://data.ordnancesurvey.co.uk/id/7000000000029638,http://data.ordnancesurvey.co.uk/ontology/admingeo/UnitaryAuthority,Scotland,http://data.ordnancesurvey.co.uk/id/7000000000041429,Scotland,http://data.ordnancesurvey.co.uk/id/country/scotland,,,
osgb4000000074757550,http://data.ordnancesurvey.co.uk/id/4000000074757550,Meanish,,,,landform,Other Coastal Landform,115419,850621,1000,50000,115169,850385,115669,850885,IV55,http://data.ordnancesurvey.co.uk/id/postcodedistrict/IV55,,,,,,,Highland,http://data.ordnancesurvey.co.uk/id/7000000000029638,http://data.ordnancesurvey.co.uk/ontology/admingeo/UnitaryAuthority,Scotland,http://data.ordnancesurvey.co.uk/id/7000000000041429,Scotland,http://data.ordnancesurvey.co.uk/id/country/scotland,,,
osgb4000000074616785,http://data.ordnancesurvey.co.uk/id/4000000074616785,Ben Corkeval,,,,landform,Hill Or Mountain,118512,844872,1000,300000,118262,844622,118762,845122,IV55,http://data.ordnancesurvey.co.uk/id/postcodedistrict/IV55,,,,,,,Highland,http://data.ordnancesurvey.co.uk/id/7000000000029638,http://data.ordnancesurvey.co.uk/ontology/admingeo/UnitaryAuthority,Scotland,http://data.ordnancesurvey.co.uk/id/7000000000041429,Scotland,http://data.ordnancesurvey.co.uk/id/country/scotland,,,
osgb4000000074609327,http://data.ordnancesurvey.co.uk/id/4000000074609327,Sgeir Mhòr,,,,landform,Island,115586,850406,1000,800000,115336,850155,115836,850655,IV55,http://data.ordnancesurvey.co.uk/id/postcodedistrict/IV55,,,,,,,Highland,http://data.ordnancesurvey.co.uk/id/7000000000029638,http://data.ordnancesurvey.co.uk/ontology/admingeo/UnitaryAuthority,Scotland,http://data.ordnancesurvey.co.uk/id/7000000000041429,Scotland,http://data.ordnancesurvey.co.uk/id/country/scotland,,,
osgb4000000074619140,http://data.ordnancesurvey.co.uk/id/4000000074619140,Ben Skriaig,,,,landform,Hill Or Mountain,116465,853540,1000,300000,116215,853290,116715,853790,IV55,http://data.ordnancesurvey.co.uk/id/postcodedistrict/IV55,,,,,,,Highland,http://data.ordnancesurvey.co.uk/id/7000000000029638,http://data.ordnancesurvey.co.uk/ontology/admingeo/UnitaryAuthority,Scotland,http://data.ordnancesurvey.co.uk/id/7000000000041429,Scotland,http://data.ordnancesurvey.co.uk/id/country/scotland,,,
osgb4000000074757554,http://data.ordnancesurvey.co.uk/id/4000000074757554,Cadha Ramasgeir,,,,landform,Cliff Or Slope,113705,850957,2000,40000,113535,850707,114035,851207,IV55,http://data.ordnancesurvey.co.uk/id/postcodedistrict/IV55,,,,,,,Highland,http://data.ordnancesurvey.co.uk/id/7000000000029638,http://data.ordnancesurvey.co.uk/ontology/admingeo/UnitaryAuthority,Scotland,http://data.ordnancesurvey.co.uk/id/7000000000041429,Scotland,http://data.ordnancesurvey.co.uk/id/country/scotland,,,
osgb4000000074789102,http://data.ordnancesurvey.co.uk/id/4000000074789102,Camas Bàn,,,,hydrography,Bay,113033,847002,1000,150000,112711,846649,113211,847149,IV55,http://data.ordnancesurvey.co.uk/id/postcodedistrict/IV55,,,,,,,Highland,http://data.ordnancesurvey.co.uk/id/7000000000029638,http://data.ordnancesurvey.co.uk/ontology/admingeo/UnitaryAuthority,Scotland,http://data.ordnancesurvey.co.uk/id/7000000000041429,Scotland,http://data.ordnancesurvey.co.uk/id/country/scotland,,,
osgb4000000074726837,http://data.ordnancesurvey.co.uk/id/4000000074726837,Glen Dale,eng,Gleann Dail,gla,landform,Valley,118372,848594,15000,800000,117526,847493,119217,849756,IV55,http://data.ordnancesurvey.co.uk/id/postcodedistrict/IV55,,,,,,,Highland,http://data.ordnancesurvey.co.uk/id/7000000000029638,http://data.ordnancesurvey.co.uk/ontology/admingeo/UnitaryAuthority,Scotland,http://data.ordnancesurvey.co.uk/id/7000000000041429,Scotland,http://data.ordnancesurvey.co.uk/id/country/scotland,,,
osgb4000000074732904,http://data.ordnancesurvey.co.uk/id/4000000074732904,The Parks,,,,landcover,Other Landcover,118858,852817,4000,800000,118563,852491,119153,853152,IV55,http://data.ordnancesurvey.co.uk/id/postcodedistrict/IV55,,,,,,,Highland,http://data.ordnancesurvey.co.uk/id/7000000000029638,http://data.ordnancesurvey.co.uk/ontology/admingeo/UnitaryAuthority,Scotland,http://data.ordnancesurvey.co.uk/id/7000000000041429,Scotland,http://data.ordnancesurvey.co.uk/id/country/scotland,,,
osgb4000000074616782,http://data.ordnancesurvey.co.uk/id/4000000074616782,The Hoe,,,,landform,Hill Or Mountain,116442,841895,1000,300000,116192,841645,116692,842145,IV55,http://data.ordnancesurvey.co.uk/id/postcodedistrict/IV55,,,,,,,Highland,http://data.ordnancesurvey.co.uk/id/7000000000029638,http://data.ordnancesurvey.co.uk/ontology/admingeo/UnitaryAuthority,Scotland,http://data.ordnancesurvey.co.uk/id/7000000000041429,Scotland,http://data.ordnancesurvey.co.uk/id/country/scotland,,,
osgb4000000074757556,http://data.ordnancesurvey.co.uk/id/4000000074757556,Geodh' an Tairbh,,,,landform,Other Coastal Landform,116248,855881,2000,15000,115999,855659,116499,856159,IV55,http://data.ordnancesurvey.co.uk/id/postcodedistrict/IV55,,,,,,,Highland,http://data.ordnancesurvey.co.uk/id/7000000000029638,http://data.ordnancesurvey.co.uk/ontology/admingeo/UnitaryAuthority,Scotland,http://data.ordnancesurvey.co.uk/id/7000000000041429,Scotland,http://data.ordnancesurvey.co.uk/id/country/scotland,,,
osgb4000000074747293,http://data.ordnancesurvey.co.uk/id/4000000074747293,Biod Boidheach,,,,landform,Cliff Or Slope,117618,840708,2000,40000,117368,840456,117868,840956,IV55,http://data.ordnancesurvey.co.uk/id/postcodedistrict/IV55,,,,,,,Highland,http://data.ordnancesurvey.co.uk/id/7000000000029638,http://data.ordnancesurvey.co.uk/ontology/admingeo/UnitaryAuthority,Scotland,http://data.ordnancesurvey.co.uk/id/7000000000041429,Scotland,http://data.ordnancesurvey.co.uk/id/country/scotland,,,
osgb4000000074594512,http://data.ordnancesurvey.co.uk/id/4000000074594512,Am Famhair,,,,landform,Other Coastal Landform,118232,855871,1000,20000,117983,855621,118483,856121,IV55,http://data.ordnancesurvey.co.uk/id/postcodedistrict/IV55,,,,,,,Highland,http://data.ordnancesurvey.co.uk/id/7000000000029638,http://data.ordnancesurvey.co.uk/ontology/admingeo/UnitaryAuthority,Scotland,http://data.ordnancesurvey.co.uk/id/7000000000041429,Scotland,http://data.ordnancesurvey.co.uk/id/country/scotland,,,
osgb4000000074742632,http://data.ordnancesurvey.co.uk/id/4000000074742632,Gearraidh Mòr,,,,landcover,Other Landcover,118714,846007,18000,1300000,117729,844770,119699,847481,IV55,http://data.ordnancesurvey.co.uk/id/postcodedistrict/IV55,,,,,,,Highland,http://data.ordnancesurvey.co.uk/id/7000000000029638,http://data.ordnancesurvey.co.uk/ontology/admingeo/UnitaryAuthority,Scotland,http://data.ordnancesurvey.co.uk/id/7000000000041429,Scotland,http://data.ordnancesurvey.co.uk/id/country/scotland,,,
osgb4000000074788606,http://data.ordnancesurvey.co.uk/id/4000000074788606,Camas nan Sìdhean,,,,hydrography,Bay,114011,847405,4000,150000,113762,847008,114262,847666,IV55,http://data.ordnancesurvey.co.uk/id/postcodedistrict/IV55,,,,,,,Highland,http://data.ordnancesurvey.co.uk/id/7000000000029638,http://data.ordnancesurvey.co.uk/ontology/admingeo/UnitaryAuthority,Scotland,http://data.ordnancesurvey.co.uk/id/7000000000041429,Scotland,http://data.ordnancesurvey.co.uk/id/country/scotland,,,
osgb4000000074757555,http://data.ordnancesurvey.co.uk/id/4000000074757555,Geodha na Gliongraich,,,,landform,Other Coastal Landform,115650,854544,1000,20000,115401,854298,115901,854798,IV55,http://data.ordnancesurvey.co.uk/id/postcodedistrict/IV55,,,,,,,Highland,http://data.ordnancesurvey.co.uk/id/7000000000029638,http://data.ordnancesurvey.co.uk/ontology/admingeo/UnitaryAuthority,Scotland,http://data.ordnancesurvey.co.uk/id/7000000000041429,Scotland,http://data.ordnancesurvey.co.uk/id/country/scotland,,,
osgb4000000074746943,http://data.ordnancesurvey.co.uk/id/4000000074746943,Rubha na h-Eist,gla,Neist Point,eng,landform,Coastal Headland,112775,846998,3000,750000,112525,846757,113025,847257,IV55,http://data.ordnancesurvey.co.uk/id/postcodedistrict/IV55,,,,,,,Highland,http://data.ordnancesurvey.co.uk/id/7000000000029638,http://data.ordnancesurvey.co.uk/ontology/admingeo/UnitaryAuthority,Scotland,http://data.ordnancesurvey.co.uk/id/7000000000041429,Scotland,http://data.ordnancesurvey.co.uk/id/country/scotland,,,
osgb4000000074616781,http://data.ordnancesurvey.co.uk/id/4000000074616781,Cnoc Fuar,,,,landform,Hill Or Mountain,117957,840948,1000,300000,117707,840698,118207,841198,IV55,http://data.ordnancesurvey.co.uk/id/postcodedistrict/IV55,,,,,,,Highland,http://data.ordnancesurvey.co.uk/id/7000000000029638,http://data.ordnancesurvey.co.uk/ontology/admingeo/UnitaryAuthority,Scotland,http://data.ordnancesurvey.co.uk/id/7000000000041429,Scotland,http://data.ordnancesurvey.co.uk/id/country/scotland,,,
osgb4000000074747349,http://data.ordnancesurvey.co.uk/id/4000000074747349,Hoe Point,,,,landform,Other Coastal Landform,116564,840954,2000,50000,116314,840747,116814,841247,IV55,http://data.ordnancesurvey.co.uk/id/postcodedistrict/IV55,,,,,,,Highland,http://data.ordnancesurvey.co.uk/id/7000000000029638,http://data.ordnancesurvey.co.uk/ontology/admingeo/UnitaryAuthority,Scotland,http://data.ordnancesurvey.co.uk/id/7000000000041429,Scotland,http://data.ordnancesurvey.co.uk/id/country/scotland,,,
osgb4000000074716654,http://data.ordnancesurvey.co.uk/id/4000000074716654,Beinn Bhuidhe,,,,landform,Hill Or Mountain,117321,844354,1000,300000,117071,844104,117571,844604,IV55,http://data.ordnancesurvey.co.uk/id/postcodedistrict/IV55,,,,,,,Highland,http://data.ordnancesurvey.co.uk/id/7000000000029638,http://data.ordnancesurvey.co.uk/ontology/admingeo/UnitaryAuthority,Scotland,http://data.ordnancesurvey.co.uk/id/7000000000041429,Scotland,http://data.ordnancesurvey.co.uk/id/country/scotland,,,
osgb4000000074788607,http://data.ordnancesurvey.co.uk/id/4000000074788607,Camas na h-Annait,,,,hydrography,Bay,113284,847395,2000,150000,112955,847117,113455,847617,IV55,http://data.ordnancesurvey.co.uk/id/postcodedistrict/IV55,,,,,,,Highland,http://data.ordnancesurvey.co.uk/id/7000000000029638,http://data.ordnancesurvey.co.uk/ontology/admingeo/UnitaryAuthority,Scotland,http://data.ordnancesurvey.co.uk/id/7000000000041429,Scotland,http://data.ordnancesurvey.co.uk/id/country/scotland,,,
osgb4000000074617178,http://data.ordnancesurvey.co.uk/id/4000000074617178,Cnoc na Beinne,,,,landform,Hill Or Mountain,117586,847987,1000,300000,117336,847737,117836,848237,IV55,http://data.ordnancesurvey.co.uk/id/postcodedistrict/IV55,,,,,,,Highland,http://data.ordnancesurvey.co.uk/id/7000000000029638,http://data.ordnancesurvey.co.uk/ontology/admingeo/UnitaryAuthority,Scotland,http://data.ordnancesurvey.co.uk/id/7000000000041429,Scotland,http://data.ordnancesurvey.co.uk/id/country/scotland,,,
osgb4000000074619136,http://data.ordnancesurvey.co.uk/id/4000000074619136,Beinn Bheag,,,,landform,Hill Or Mountain,119154,850704,1000,300000,118904,850454,119404,850954,IV55,http://data.ordnancesurvey.co.uk/id/postcodedistrict/IV55,,,,,,,Highland,http://data.ordnancesurvey.co.uk/id/7000000000029638,http://data.ordnancesurvey.co.uk/ontology/admingeo/UnitaryAuthority,Scotland,http://data.ordnancesurvey.co.uk/id/7000000000041429,Scotland,http://data.ordnancesurvey.co.uk/id/country/scotland,,,
osgb4000000074617182,http://data.ordnancesurvey.co.uk/id/4000000074617182,Druim nan Sgarbh,,,,landform,Hill Or Mountain,114078,849557,1000,300000,113828,849307,114328,849807,IV55,http://data.ordnancesurvey.co.uk/id/postcodedistrict/IV55,,,,,,,Highland,http://data.ordnancesurvey.co.uk/id/7000000000029638,http://data.ordnancesurvey.co.uk/ontology/admingeo/UnitaryAuthority,Scotland,http://data.ordnancesurvey.co.uk/id/7000000000041429,Scotland,http://data.ordnancesurvey.co.uk/id/country/scotland,,,
osgb4000000074609326,http://data.ordnancesurvey.co.uk/id/4000000074609326,Sgeir Bheag,,,,landform,Island,115593,850270,1000,800000,115343,850020,115843,850520,IV55,http://data.ordnancesurvey.co.uk/id/postcodedistrict/IV55,,,,,,,Highland,http://data.ordnancesurvey.co.uk/id/7000000000029638,http://data.ordnancesurvey.co.uk/ontology/admingeo/UnitaryAuthority,Scotland,http://data.ordnancesurvey.co.uk/id/7000000000041429,Scotland,http://data.ordnancesurvey.co.uk/id/country/scotland,,,
osgb4000000074788559,http://data.ordnancesurvey.co.uk/id/4000000074788559,Lorgill Bay,,,,hydrography,Bay,117233,840833,2000,150000,117149,840641,117649,841141,IV55,http://data.ordnancesurvey.co.uk/id/postcodedistrict/IV55,,,,,,,Highland,http://data.ordnancesurvey.co.uk/id/7000000000029638,http://data.ordnancesurvey.co.uk/ontology/admingeo/UnitaryAuthority,Scotland,http://data.ordnancesurvey.co.uk/id/7000000000041429,Scotland,http://data.ordnancesurvey.co.uk/id/country/scotland,,,
osgb4000000074807851,http://data.ordnancesurvey.co.uk/id/4000000074807851,Loch Druim a' Chaoil,,,,hydrography,Inland Water,117144,845757,1000,500000,116894,845501,117394,846001,IV55,http://data.ordnancesurvey.co.uk/id/postcodedistrict/IV55,,,,,,,Highland,http://data.ordnancesurvey.co.uk/id/7000000000029638,http://data.ordnancesurvey.co.uk/ontology/admingeo/UnitaryAuthority,Scotland,http://data.ordnancesurvey.co.uk/id/7000000000041429,Scotland,http://data.ordnancesurvey.co.uk/id/country/scotland,,,
osgb4000000074616399,http://data.ordnancesurvey.co.uk/id/4000000074616399,Ben Connan,,,,landform,Hill Or Mountain,119831,840353,1000,300000,119581,840103,120081,840603,IV55,http://data.ordnancesurvey.co.uk/id/postcodedistrict/IV55,,,,,,,Highland,http://data.ordnancesurvey.co.uk/id/7000000000029638,http://data.ordnancesurvey.co.uk/ontology/admingeo/UnitaryAuthority,Scotland,http://data.ordnancesurvey.co.uk/id/7000000000041429,Scotland,http://data.ordnancesurvey.co.uk/id/country/scotland,,,
osgb4000000074612648,http://data.ordnancesurvey.co.uk/id/4000000074612648,An Stac,,,,landform,Island,114318,846794,1000,800000,114066,846544,114566,847044,IV55,http://data.ordnancesurvey.co.uk/id/postcodedistrict/IV55,,,,,,,Highland,http://data.ordnancesurvey.co.uk/id/7000000000029638,http://data.ordnancesurvey.co.uk/ontology/admingeo/UnitaryAuthority,Scotland,http://data.ordnancesurvey.co.uk/id/7000000000041429,Scotland,http://data.ordnancesurvey.co.uk/id/country/scotland,,,
osgb4000000074768686,http://data.ordnancesurvey.co.uk/id/4000000074768686,Cnoc na Cille,,,,landform,Hill Or Mountain,119817,851639,1000,300000,119567,851389,120067,851889,IV55,http://data.ordnancesurvey.co.uk/id/postcodedistrict/IV55,,,,,,,Highland,http://data.ordnancesurvey.co.uk/id/7000000000029638,http://data.ordnancesurvey.co.uk/ontology/admingeo/UnitaryAuthority,Scotland,http://data.ordnancesurvey.co.uk/id/7000000000041429,Scotland,http://data.ordnancesurvey.co.uk/id/country/scotland,,,
osgb4000000074757552,http://data.ordnancesurvey.co.uk/id/4000000074757552,Biod Bàn,,,,landform,Cliff Or Slope,113374,850061,5000,40000,113125,849581,113625,850313,IV55,http://data.ordnancesurvey.co.uk/id/postcodedistrict/IV55,,,,,,,Highland,http://data.ordnancesurvey.co.uk/id/7000000000029638,http://data.ordnancesurvey.co.uk/ontology/admingeo/UnitaryAuthority,Scotland,http://data.ordnancesurvey.co.uk/id/7000000000041429,Scotland,http://data.ordnancesurvey.co.uk/id/country/scotland,,,
osgb4000000074747416,http://data.ordnancesurvey.co.uk/id/4000000074747416,Hoe Rape,,,,landform,Coastal Headland,115481,843196,2000,750000,115231,842938,115731,843438,IV55,http://data.ordnancesurvey.co.uk/id/postcodedistrict/IV55,,,,,,,Highland,http://data.ordnancesurvey.co.uk/id/7000000000029638,http://data.ordnancesurvey.co.uk/ontology/admingeo/UnitaryAuthority,Scotland,http://data.ordnancesurvey.co.uk/id/7000000000041429,Scotland,http://data.ordnancesurvey.co.uk/id/country/scotland,,,
osgb4000000074797914,http://data.ordnancesurvey.co.uk/id/4000000074797914,Eas Aboist,,,,hydrography,Waterfall,115700,851822,1000,15000,115441,851572,115941,852072,IV55,http://data.ordnancesurvey.co.uk/id/postcodedistrict/IV55,,,,,,,Highland,http://data.ordnancesurvey.co.uk/id/7000000000029638,http://data.ordnancesurvey.co.uk/ontology/admingeo/UnitaryAuthority,Scotland,http://data.ordnancesurvey.co.uk/id/7000000000041429,Scotland,http://data.ordnancesurvey.co.uk/id/country/scotland,,,
osgb4000000074747004,http://data.ordnancesurvey.co.uk/id/4000000074747004,Neist Fhiadhaich,,,,landform,Other Coastal Landform,112950,847584,2000,50000,112700,847393,113200,847893,IV55,http://data.ordnancesurvey.co.uk/id/postcodedistrict/IV55,,,,,,,Highland,http://data.ordnancesurvey.co.uk/id/7000000000029638,http://data.ordnancesurvey.co.uk/ontology/admingeo/UnitaryAuthority,Scotland,http://data.ordnancesurvey.co.uk/id/7000000000041429,Scotland,http://data.ordnancesurvey.co.uk/id/country/scotland,,,
osgb4000000074750869,http://data.ordnancesurvey.co.uk/id/4000000074750869,Scornandaoine,,,,landform,Other Coastal Landform,116614,850970,1000,20000,116364,850775,116864,851275,IV55,http://data.ordnancesurvey.co.uk/id/postcodedistrict/IV55,,,,,,,Highland,http://data.ordnancesurvey.co.uk/id/7000000000029638,http://data.ordnancesurvey.co.uk/ontology/admingeo/UnitaryAuthority,Scotland,http://data.ordnancesurvey.co.uk/id/7000000000041429,Scotland,http://data.ordnancesurvey.co.uk/id/country/scotland,,,
osgb4000000074807853,http://data.ordnancesurvey.co.uk/id/4000000074807853,Loch Mòr,,,,hydrography,Inland Water,114459,848493,5000,500000,114209,848037,114709,848779,IV55,http://data.ordnancesurvey.co.uk/id/postcodedistrict/IV55,,,,,,,Highland,http://data.ordnancesurvey.co.uk/id/7000000000029638,http://data.ordnancesurvey.co.uk/ontology/admingeo/UnitaryAuthority,Scotland,http://data.ordnancesurvey.co.uk/id/7000000000041429,Scotland,http://data.ordnancesurvey.co.uk/id/country/scotland,,,
osgb4000000074768467,http://data.ordnancesurvey.co.uk/id/4000000074768467,Cnoc an t-Sìthean,,,,landform,Hill Or Mountain,119933,849763,1000,300000,119683,849513,120183,850013,IV55,http://data.ordnancesurvey.co.uk/id/postcodedistrict/IV55,,,,,,,Highland,http://data.ordnancesurvey.co.uk/id/7000000000029638,http://data.ordnancesurvey.co.uk/ontology/admingeo/UnitaryAuthority,Scotland,http://data.ordnancesurvey.co.uk/id/7000000000041429,Scotland,http://data.ordnancesurvey.co.uk/id/country/scotland,,,
osgb4000000074715092,http://data.ordnancesurvey.co.uk/id/4000000074715092,Gob na Hoe,,,,landform,Cliff Or Slope,118998,854067,2000,40000,118860,853817,119360,854317,IV55,http://data.ordnancesurvey.co.uk/id/postcodedistrict/IV55,,,,,,,Highland,http://data.ordnancesurvey.co.uk/id/7000000000029638,http://data.ordnancesurvey.co.uk/ontology/admingeo/UnitaryAuthority,Scotland,http://data.ordnancesurvey.co.uk/id/7000000000041429,Scotland,http://data.ordnancesurvey.co.uk/id/country/scotland,,,
osgb4000000074787069,http://data.ordnancesurvey.co.uk/id/4000000074787069,Tràigh Bhàn,,,,hydrography,Bay,115759,850181,3000,150000,115468,849908,115968,850408,IV55,http://data.ordnancesurvey.co.uk/id/postcodedistrict/IV55,,,,,,,Highland,http://data.ordnancesurvey.co.uk/id/7000000000029638,http://data.ordnancesurvey.co.uk/ontology/admingeo/UnitaryAuthority,Scotland,http://data.ordnancesurvey.co.uk/id/7000000000041429,Scotland,http://data.ordnancesurvey.co.uk/id/country/scotland,,,
osgb4000000074807850,http://data.ordnancesurvey.co.uk/id/4000000074807850,Loch a' Bhealaich,,,,hydrography,Inland Water,118031,841026,1000,500000,117781,840771,118281,841271,IV55,http://data.ordnancesurvey.co.uk/id/postcodedistrict/IV55,,,,,,,Highland,http://data.ordnancesurvey.co.uk/id/7000000000029638,http://data.ordnancesurvey.co.uk/ontology/admingeo/UnitaryAuthority,Scotland,http://data.ordnancesurvey.co.uk/id/7000000000041429,Scotland,http://data.ordnancesurvey.co.uk/id/country/scotland,,,
osgb4000000074789302,http://data.ordnancesurvey.co.uk/id/4000000074789302,Oisgill Bay,,,,hydrography,Bay,113128,849641,9000,150000,112831,848981,113469,850328,IV55,http://data.ordnancesurvey.co.uk/id/postcodedistrict/IV55,,,,,,,Highland,http://data.ordnancesurvey.co.uk/id/7000000000029638,http://data.ordnancesurvey.co.uk/ontology/admingeo/UnitaryAuthority,Scotland,http://data.ordnancesurvey.co.uk/id/7000000000041429,Scotland,http://data.ordnancesurvey.co.uk/id/country/scotland,,,
osgb4000000074807849,http://data.ordnancesurvey.co.uk/id/4000000074807849,An Dubh Loch,,,,hydrography,Inland Water,118922,842969,2000,500000,118672,842713,119172,843213,IV55,http://data.ordnancesurvey.co.uk/id/postcodedistrict/IV55,,,,,,,Highland,http://data.ordnancesurvey.co.uk/id/7000000000029638,http://data.ordnancesurvey.co.uk/ontology/admingeo/UnitaryAuthority,Scotland,http://data.ordnancesurvey.co.uk/id/7000000000041429,Scotland,http://data.ordnancesurvey.co.uk/id/country/scotland,,,
osgb4000000074757551,http://data.ordnancesurvey.co.uk/id/4000000074757551,Rubha Bàn,,,,landform,Other Coastal Landform,113334,850294,2000,20000,113084,850019,113584,850519,IV55,http://data.ordnancesurvey.co.uk/id/postcodedistrict/IV55,,,,,,,Highland,http://data.ordnancesurvey.co.uk/id/7000000000029638,http://data.ordnancesurvey.co.uk/ontology/admingeo/UnitaryAuthority,Scotland,http://data.ordnancesurvey.co.uk/id/7000000000041429,Scotland,http://data.ordnancesurvey.co.uk/id/country/scotland,,,
osgb4000000074599469,http://data.ordnancesurvey.co.uk/id/4000000074599469,Beinn an Uisge,,,,landform,Hill Or Mountain,119684,844182,1000,300000,119434,843932,119934,844432,IV55,http://data.ordnancesurvey.co.uk/id/postcodedistrict/IV55,,,,,,,Highland,http://data.ordnancesurvey.co.uk/id/7000000000029638,http://data.ordnancesurvey.co.uk/ontology/admingeo/UnitaryAuthority,Scotland,http://data.ordnancesurvey.co.uk/id/7000000000041429,Scotland,http://data.ordnancesurvey.co.uk/id/country/scotland,,,
osgb4000000074599504,http://data.ordnancesurvey.co.uk/id/4000000074599504,Beinn nan Corrafidheag,,,,landform,Hill Or Mountain,117065,846751,1000,300000,116815,846501,117315,847001,IV55,http://data.ordnancesurvey.co.uk/id/postcodedistrict/IV55,,,,,,,Highland,http://data.ordnancesurvey.co.uk/id/7000000000029638,http://data.ordnancesurvey.co.uk/ontology/admingeo/UnitaryAuthority,Scotland,http://data.ordnancesurvey.co.uk/id/7000000000041429,Scotland,http://data.ordnancesurvey.co.uk/id/country/scotland,,,
osgb4000000074726641,http://data.ordnancesurvey.co.uk/id/4000000074726641,Gleann a' Phuill,,,,landform,Valley,118594,843629,11000,800000,118107,842668,119081,844374,IV55,http://data.ordnancesurvey.co.uk/id/postcodedistrict/IV55,,,,,,,Highland,http://data.ordnancesurvey.co.uk/id/7000000000029638,http://data.ordnancesurvey.co.uk/ontology/admingeo/UnitaryAuthority,Scotland,http://data.ordnancesurvey.co.uk/id/7000000000041429,Scotland,http://data.ordnancesurvey.co.uk/id/country/scotland,,,
osgb4000000074798626,http://data.ordnancesurvey.co.uk/id/4000000074798626,Loch Pooltiel,,,,hydrography,Tidal Water,115647,850883,17000,150000,114349,849776,116969,851830,IV55,http://data.ordnancesurvey.co.uk/id/postcodedistrict/IV55,,,,,,,Highland,http://data.ordnancesurvey.co.uk/id/7000000000029638,http://data.ordnancesurvey.co.uk/ontology/admingeo/UnitaryAuthority,Scotland,http://data.ordnancesurvey.co.uk/id/7000000000041429,Scotland,http://data.ordnancesurvey.co.uk/id/country/scotland,,,
osgb4000000074617179,http://data.ordnancesurvey.co.uk/id/4000000074617179,Beinn Chàrnach,,,,landform,Hill Or Mountain,115173,847137,1000,300000,114923,846887,115423,847387,IV55,http://data.ordnancesurvey.co.uk/id/postcodedistrict/IV55,,,,,,,Highland,http://data.ordnancesurvey.co.uk/id/7000000000029638,http://data.ordnancesurvey.co.uk/ontology/admingeo/UnitaryAuthority,Scotland,http://data.ordnancesurvey.co.uk/id/7000000000041429,Scotland,http://data.ordnancesurvey.co.uk/id/country/scotland,,,
osgb4000000074789303,http://data.ordnancesurvey.co.uk/id/4000000074789303,Moonen Bay,,,,hydrography,Bay,114084,846305,19000,150000,112700,844992,115671,847663,IV55,http://data.ordnancesurvey.co.uk/id/postcodedistrict/IV55,,,,,,,Highland,http://data.ordnancesurvey.co.uk/id/7000000000029638,http://data.ordnancesurvey.co.uk/ontology/admingeo/UnitaryAuthority,Scotland,http://data.ordnancesurvey.co.uk/id/7000000000041429,Scotland,http://data.ordnancesurvey.co.uk/id/country/scotland,,,
osgb4000000074757685,http://data.ordnancesurvey.co.uk/id/4000000074757685,Dunvegan Head,,,,landform,Coastal Headland,117708,856723,3000,750000,117464,856473,117964,856973,IV55,http://data.ordnancesurvey.co.uk/id/postcodedistrict/IV55,,,,,,,Highland,http://data.ordnancesurvey.co.uk/id/7000000000029638,http://data.ordnancesurvey.co.uk/ontology/admingeo/UnitaryAuthority,Scotland,http://data.ordnancesurvey.co.uk/id/7000000000041429,Scotland,http://data.ordnancesurvey.co.uk/id/country/scotland,,,
osgb4000000074619533,http://data.ordnancesurvey.co.uk/id/4000000074619533,Biod an Athair,,,,landform,Hill Or Mountain,115828,854948,1000,300000,115578,854698,116078,855198,IV55,http://data.ordnancesurvey.co.uk/id/postcodedistrict/IV55,,,,,,,Highland,http://data.ordnancesurvey.co.uk/id/7000000000029638,http://data.ordnancesurvey.co.uk/ontology/admingeo/UnitaryAuthority,Scotland,http://data.ordnancesurvey.co.uk/id/7000000000041429,Scotland,http://data.ordnancesurvey.co.uk/id/country/scotland,,,
osgb4000000074757499,http://data.ordnancesurvey.co.uk/id/4000000074757499,Guala Mhòr,,,,landform,Cliff Or Slope,115535,852917,2000,40000,115285,852668,115785,853168,IV55,http://data.ordnancesurvey.co.uk/id/postcodedistrict/IV55,,,,,,,Highland,http://data.ordnancesurvey.co.uk/id/7000000000029638,http://data.ordnancesurvey.co.uk/ontology/admingeo/UnitaryAuthority,Scotland,http://data.ordnancesurvey.co.uk/id/7000000000041429,Scotland,http://data.ordnancesurvey.co.uk/id/country/scotland,,,
osgb4000000074757553,http://data.ordnancesurvey.co.uk/id/4000000074757553,An Ceannaich,,,,landform,Cliff Or Slope,113294,850752,2000,40000,113036,850502,113536,851002,IV55,http://data.ordnancesurvey.co.uk/id/postcodedistrict/IV55,,,,,,,Highland,http://data.ordnancesurvey.co.uk/id/7000000000029638,http://data.ordnancesurvey.co.uk/ontology/admingeo/UnitaryAuthority,Scotland,http://data.ordnancesurvey.co.uk/id/7000000000041429,Scotland,http://data.ordnancesurvey.co.uk/id/country/scotland,,,
osgb4000000074616783,http://data.ordnancesurvey.co.uk/id/4000000074616783,Ben Allarnish,,,,landform,Hill Or Mountain,118123,843758,1000,300000,117873,843508,118373,844008,IV55,http://data.ordnancesurvey.co.uk/id/postcodedistrict/IV55,,,,,,,Highland,http://data.ordnancesurvey.co.uk/id/7000000000029638,http://data.ordnancesurvey.co.uk/ontology/admingeo/UnitaryAuthority,Scotland,http://data.ordnancesurvey.co.uk/id/7000000000041429,Scotland,http://data.ordnancesurvey.co.uk/id/country/scotland,,,
osgb4000000074768404,http://data.ordnancesurvey.co.uk/id/4000000074768404,Sròn Alaich,,,,landform,Other Landform,117263,848699,3000,15000,117013,848412,117513,848938,IV55,http://data.ordnancesurvey.co.uk/id/postcodedistrict/IV55,,,,,,,Highland,http://data.ordnancesurvey.co.uk/id/7000000000029638,http://data.ordnancesurvey.co.uk/ontology/admingeo/UnitaryAuthority,Scotland,http://data.ordnancesurvey.co.uk/id/7000000000041429,Scotland,http://data.ordnancesurvey.co.uk/id/country/scotland,,,
osgb4000000074619138,http://data.ordnancesurvey.co.uk/id/4000000074619138,Scoval,,,,landform,Hill Or Mountain,118155,851419,1000,300000,117905,851169,118405,851669,IV55,http://data.ordnancesurvey.co.uk/id/postcodedistrict/IV55,,,,,,,Highland,http://data.ordnancesurvey.co.uk/id/7000000000029638,http://data.ordnancesurvey.co.uk/ontology/admingeo/UnitaryAuthority,Scotland,http://data.ordnancesurvey.co.uk/id/7000000000041429,Scotland,http://data.ordnancesurvey.co.uk/id/country/scotland,,,
osgb4000000074617177,http://data.ordnancesurvey.co.uk/id/4000000074617177,Ben Vratabreck,,,,landform,Hill Or Mountain,116770,845778,1000,300000,116520,845528,117020,846028,IV55,http://data.ordnancesurvey.co.uk/id/postcodedistrict/IV55,,,,,,,Highland,http://data.ordnancesurvey.co.uk/id/7000000000029638,http://data.ordnancesurvey.co.uk/ontology/admingeo/UnitaryAuthority,Scotland,http://data.ordnancesurvey.co.uk/id/7000000000041429,Scotland,http://data.ordnancesurvey.co.uk/id/country/scotland,,,
osgb4000000074613057,http://data.ordnancesurvey.co.uk/id/4000000074613057,Sgeir nan Sìdhean,,,,landform,Island,114179,847050,1000,800000,113929,846800,114429,847300,IV55,http://data.ordnancesurvey.co.uk/id/postcodedistrict/IV55,,,,,,,Highland,http://data.ordnancesurvey.co.uk/id/7000000000029638,http://data.ordnancesurvey.co.uk/ontology/admingeo/UnitaryAuthority,Scotland,http://data.ordnancesurvey.co.uk/id/7000000000041429,Scotland,http://data.ordnancesurvey.co.uk/id/country/scotland,,,
osgb4000000074807852,http://data.ordnancesurvey.co.uk/id/4000000074807852,Loch Eishort,,,,hydrography,Inland Water,116122,845823,2000,500000,115873,845572,116373,846072,IV55,http://data.ordnancesurvey.co.uk/id/postcodedistrict/IV55,,,,,,,Highland,http://data.ordnancesurvey.co.uk/id/7000000000029638,http://data.ordnancesurvey.co.uk/ontology/admingeo/UnitaryAuthority,Scotland,http://data.ordnancesurvey.co.uk/id/7000000000041429,Scotland,http://data.ordnancesurvey.co.uk/id/country/scotland,,,
osgb4000000074757497,http://data.ordnancesurvey.co.uk/id/4000000074757497,Geodh' a' Ghamhna,,,,landform,Cliff Or Slope,115873,851335,1000,40000,115624,851061,116124,851561,IV55,http://data.ordnancesurvey.co.uk/id/postcodedistrict/IV55,,,,,,,Highland,http://data.ordnancesurvey.co.uk/id/7000000000029638,http://data.ordnancesurvey.co.uk/ontology/admingeo/UnitaryAuthority,Scotland,http://data.ordnancesurvey.co.uk/id/7000000000041429,Scotland,http://data.ordnancesurvey.co.uk/id/country/scotland,,,
osgb4000000074768366,http://data.ordnancesurvey.co.uk/id/4000000074768366,Cnoc Satran,,,,landform,Hill Or Mountain,116629,848477,1000,300000,116379,848227,116879,848727,IV55,http://data.ordnancesurvey.co.uk/id/postcodedistrict/IV55,,,,,,,Highland,http://data.ordnancesurvey.co.uk/id/7000000000029638,http://data.ordnancesurvey.co.uk/ontology/admingeo/UnitaryAuthority,Scotland,http://data.ordnancesurvey.co.uk/id/7000000000041429,Scotland,http://data.ordnancesurvey.co.uk/id/country/scotland,,,
osgb4000000074788942,http://data.ordnancesurvey.co.uk/id/4000000074788942,Uig Bay,,,,hydrography,Bay,119762,852445,2000,150000,119497,852212,119997,852712,IV55,http://data.ordnancesurvey.co.uk/id/postcodedistrict/IV55,,,,,,,Highland,http://data.ordnancesurvey.co.uk/id/7000000000029638,http://data.ordnancesurvey.co.uk/ontology/admingeo/UnitaryAuthority,Scotland,http://data.ordnancesurvey.co.uk/id/7000000000041429,Scotland,http://data.ordnancesurvey.co.uk/id/country/scotland,,,
osgb4000000074757498,http://data.ordnancesurvey.co.uk/id/4000000074757498,Biod Dubh,,,,landform,Cliff Or Slope,115600,852053,2000,40000,115350,851803,115850,852303,IV55,http://data.ordnancesurvey.co.uk/id/postcodedistrict/IV55,,,,,,,Highland,http://data.ordnancesurvey.co.uk/id/7000000000029638,http://data.ordnancesurvey.co.uk/ontology/admingeo/UnitaryAuthority,Scotland,http://data.ordnancesurvey.co.uk/id/7000000000041429,Scotland,http://data.ordnancesurvey.co.uk/id/country/scotland,,,
osgb4000000074593731,http://data.ordnancesurvey.co.uk/id/4000000074593731,Glen Ionadal,,,,landform,Valley,119862,842858,13000,800000,119301,841656,120423,843696,IV55,http://data.ordnancesurvey.co.uk/id/postcodedistrict/IV55,,,,,,,Highland,http://data.ordnancesurvey.co.uk/id/7000000000029638,http://data.ordnancesurvey.co.uk/ontology/admingeo/UnitaryAuthority,Scotland,http://data.ordnancesurvey.co.uk/id/7000000000041429,Scotland,http://data.ordnancesurvey.co.uk/id/country/scotland,,,
osgb4000000074810185,http://data.ordnancesurvey.co.uk/id/4000000074810185,Beinn na Còinnich,,,,landform,Hill Or Mountain,115736,846594,1000,300000,115486,846344,115986,846844,IV55,http://data.ordnancesurvey.co.uk/id/postcodedistrict/IV55,,,,,,,Highland,http://data.ordnancesurvey.co.uk/id/7000000000029638,http://data.ordnancesurvey.co.uk/ontology/admingeo/UnitaryAuthority,Scotland,http://data.ordnancesurvey.co.uk/id/7000000000041429,Scotland,http://data.ordnancesurvey.co.uk/id/country/scotland,,,
osgb4000000074746942,http://data.ordnancesurvey.co.uk/id/4000000074746942,Ramasaig Cliff,,,,landform,Cliff Or Slope,115711,844824,4000,40000,115461,844551,115961,845094,IV55,http://data.ordnancesurvey.co.uk/id/postcodedistrict/IV55,,,,,,,Highland,http://data.ordnancesurvey.co.uk/id/7000000000029638,http://data.ordnancesurvey.co.uk/ontology/admingeo/UnitaryAuthority,Scotland,http://data.ordnancesurvey.co.uk/id/7000000000041429,Scotland,http://data.ordnancesurvey.co.uk/id/country/scotland,,,
osgb4000000074788560,http://data.ordnancesurvey.co.uk/id/4000000074788560,Ramasaig Bay,,,,hydrography,Bay,115874,843808,3000,150000,115631,843443,116131,843958,IV55,http://data.ordnancesurvey.co.uk/id/postcodedistrict/IV55,,,,,,,Highland,http://data.ordnancesurvey.co.uk/id/7000000000029638,http://data.ordnancesurvey.co.uk/ontology/admingeo/UnitaryAuthority,Scotland,http://data.ordnancesurvey.co.uk/id/7000000000041429,Scotland,http://data.ordnancesurvey.co.uk/id/country/scotland,,,
osgb4000000074599473,http://data.ordnancesurvey.co.uk/id/4000000074599473,Beinn Tobhtaig,,,,landform,Hill Or Mountain,119369,850206,1000,300000,119119,849956,119619,850456,IV55,http://data.ordnancesurvey.co.uk/id/postcodedistrict/IV55,,,,,,,Highland,http://data.ordnancesurvey.co.uk/id/7000000000029638,http://data.ordnancesurvey.co.uk/ontology/admingeo/UnitaryAuthority,Scotland,http://data.ordnancesurvey.co.uk/id/7000000000041429,Scotland,http://data.ordnancesurvey.co.uk/id/country/scotland,,,
osgb4000000074732594,http://data.ordnancesurvey.co.uk/id/4000000074732594,Neist,,,,landcover,Other Landcover,112853,847097,4000,1300000,112603,846790,113103,847430,IV55,http://data.ordnancesurvey.co.uk/id/postcodedistrict/IV55,,,,,,,Highland,http://data.ordnancesurvey.co.uk/id/7000000000029638,http://data.ordnancesurvey.co.uk/ontology/admingeo/UnitaryAuthority,Scotland,http://data.ordnancesurvey.co.uk/id/7000000000041429,Scotland,http://data.ordnancesurvey.co.uk/id/country/scotland,,,
osgb4000000074617180,http://data.ordnancesurvey.co.uk/id/4000000074617180,Waterstein Head,,,,landform,Hill Or Mountain,114586,847085,1000,300000,114336,846835,114836,847335,IV55,http://data.ordnancesurvey.co.uk/id/postcodedistrict/IV55,,,,,,,Highland,http://data.ordnancesurvey.co.uk/id/7000000000029638,http://data.ordnancesurvey.co.uk/ontology/admingeo/UnitaryAuthority,Scotland,http://data.ordnancesurvey.co.uk/id/7000000000041429,Scotland,http://data.ordnancesurvey.co.uk/id/country/scotland,,,
osgb4000000074746944,http://data.ordnancesurvey.co.uk/id/4000000074746944,An t-Aigeach,,,,landform,Other Coastal Landform,112962,847428,1000,20000,112712,847176,113212,847676,IV55,http://data.ordnancesurvey.co.uk/id/postcodedistrict/IV55,,,,,,,Highland,http://data.ordnancesurvey.co.uk/id/7000000000029638,http://data.ordnancesurvey.co.uk/ontology/admingeo/UnitaryAuthority,Scotland,http://data.ordnancesurvey.co.uk/id/7000000000041429,Scotland,http://data.ordnancesurvey.co.uk/id/country/scotland,,,
osgb4000000074715090,http://data.ordnancesurvey.co.uk/id/4000000074715090,Gob na Hoe,,,,landform,Other Coastal Landform,115798,842346,1000,20000,115548,842083,116048,842583,IV55,http://data.ordnancesurvey.co.uk/id/postcodedistrict/IV55,,,,,,,Highland,http://data.ordnancesurvey.co.uk/id/7000000000029638,http://data.ordnancesurvey.co.uk/ontology/admingeo/UnitaryAuthority,Scotland,http://data.ordnancesurvey.co.uk/id/7000000000041429,Scotland,http://data.ordnancesurvey.co.uk/id/country/scotland,,,
IV558WJ,http://data.ordnancesurvey.co.uk/id/postcodeunit/IV558WJ,IV55 8WJ,,,,other,Postcode,117748,849431,3500,18000,,,,,,,Gleann Dail / Glen Dale,http://data.ordnancesurvey.co.uk/id/4000000074540851,http://www.ordnancesurvey.co.uk/xml/codelists/localtype.xml#village,,,,Highland,http://data.ordnancesurvey.co.uk/id/7000000000029638,http://data.ordnancesurvey.co.uk/ontology/admingeo/UnitaryAuthority,Scotland,http://data.ordnancesurvey.co.uk/id/7000000000041429,Scotland,http://data.ordnancesurvey.co.uk/id/country/scotland,,,
osgb4000000074768685,http://data.ordnancesurvey.co.uk/id/4000000074768685,Cnoc Fuar,,,,landform,Hill Or Mountain,119364,852996,1000,300000,119114,852746,119614,853246,IV55,http://data.ordnancesurvey.co.uk/id/postcodedistrict/IV55,,,,,,,Highland,http://data.ordnancesurvey.co.uk/id/7000000000029638,http://data.ordnancesurvey.co.uk/ontology/admingeo/UnitaryAuthority,Scotland,http://data.ordnancesurvey.co.uk/id/7000000000041429,Scotland,http://data.ordnancesurvey.co.uk/id/country/scotland,,,
osgb4000000074619139,http://data.ordnancesurvey.co.uk/id/4000000074619139,Ben Ettow,,,,landform,Hill Or Mountain,117420,852656,1000,300000,117170,852406,117670,852906,IV55,http://data.ordnancesurvey.co.uk/id/postcodedistrict/IV55,,,,,,,Highland,http://data.ordnancesurvey.co.uk/id/7000000000029638,http://data.ordnancesurvey.co.uk/ontology/admingeo/UnitaryAuthority,Scotland,http://data.ordnancesurvey.co.uk/id/7000000000041429,Scotland,http://data.ordnancesurvey.co.uk/id/country/scotland,,,
IV558WP,http://data.ordnancesurvey.co.uk/id/postcodeunit/IV558WP,IV55 8WP,,,,other,Postcode,118810,849087,3500,18000,,,,,,,Gleann Dail / Glen Dale,http://data.ordnancesurvey.co.uk/id/4000000074540851,http://www.ordnancesurvey.co.uk/xml/codelists/localtype.xml#village,,,,Highland,http://data.ordnancesurvey.co.uk/id/7000000000029638,http://data.ordnancesurvey.co.uk/ontology/admingeo/UnitaryAuthority,Scotland,http://data.ordnancesurvey.co.uk/id/7000000000041429,Scotland,http://data.ordnancesurvey.co.uk/id/country/scotland,,,
osgb4000000074570627,http://data.ordnancesurvey.co.uk/id/4000000074570627,Hamaraverin,,,,populatedPlace,Suburban Area,116818,849404,5000,25000,116463,848724,117041,849538,IV55,http://data.ordnancesurvey.co.uk/id/postcodedistrict/IV55,,,,,,,Highland,http://data.ordnancesurvey.co.uk/id/7000000000029638,http://data.ordnancesurvey.co.uk/ontology/admingeo/UnitaryAuthority,Scotland,http://data.ordnancesurvey.co.uk/id/7000000000041429,Scotland,http://data.ordnancesurvey.co.uk/id/country/scotland,,,
