osgb4000000074335154,http://data.ordnancesurvey.co.uk/id/4000000074335154,Uidh,,,,populatedPlace,Hamlet,64925,796196,5000,25000,64571,795775,65839,796275,HS9,http://data.ordnancesurvey.co.uk/id/postcodedistrict/HS9,,,,,,,Na h-Eileanan an Iar,http://data.ordnancesurvey.co.uk/id/7000000000030022,http://data.ordnancesurvey.co.uk/ontology/admingeo/UnitaryAuthority,Scotland,http://data.ordnancesurvey.co.uk/id/7000000000041429,Scotland,http://data.ordnancesurvey.co.uk/id/country/scotland,,,
osgb4000000074579796,http://data.ordnancesurvey.co.uk/id/4000000074579796,Caolas,gla,Caolis,eng,populatedPlace,Other Settlement,63043,797262,15000,25000,62820,796853,63873,797553,HS9,http://data.ordnancesurvey.co.uk/id/postcodedistrict/HS9,,,,,,,Na h-Eileanan an Iar,http://data.ordnancesurvey.co.uk/id/7000000000030022,http://data.ordnancesurvey.co.uk/ontology/admingeo/UnitaryAuthority,Scotland,http://data.ordnancesurvey.co.uk/id/7000000000041429,Scotland,http://data.ordnancesurvey.co.uk/id/country/scotland,,,
osgb4000000074570638,http://data.ordnancesurvey.co.uk/id/4000000074570638,Nasg,gla,Nask,eng,populatedPlace,Hamlet,65397,798495,5000,25000,65047,798069,65547,798782,HS9,http://data.ordnancesurvey.co.uk/id/postcodedistrict/HS9,,,,,,,Na h-Eileanan an Iar,http://data.ordnancesurvey.co.uk/id/7000000000030022,http://data.ordnancesurvey.co.uk/ontology/admingeo/UnitaryAuthority,Scotland,http://data.ordnancesurvey.co.uk/id/7000000000041429,Scotland,http://data.ordnancesurvey.co.uk/id/country/scotland,,,
osgb4000000074335152,http://data.ordnancesurvey.co.uk/id/4000000074335152,Bàgh a'Chaisteil,gla,Castlebay,eng,populatedPlace,Village,66945,798085,13000,250000,65647,797793,67723,798761,HS9,http://data.ordnancesurvey.co.uk/id/postcodedistrict/HS9,,,,,,,Na h-Eileanan an Iar,http://data.ordnancesurvey.co.uk/id/7000000000030022,http://data.ordnancesurvey.co.uk/ontology/admingeo/UnitaryAuthority,Scotland,http://data.ordnancesurvey.co.uk/id/7000000000041429,Scotland,http://data.ordnancesurvey.co.uk/id/country/scotland,,http://dbpedia.org/resource/Castlebay,http://sws.geonames.org/2653609
osgb4000000074542604,http://data.ordnancesurvey.co.uk/id/4000000074542604,Brèibhig,gla,Brevig,eng,populatedPlace,Village,69205,798575,10000,250000,68623,798382,70131,799734,HS9,http://data.ordnancesurvey.co.uk/id/postcodedistrict/HS9,,,,,,,Na h-Eileanan an Iar,http://data.ordnancesurvey.co.uk/id/7000000000030022,http://data.ordnancesurvey.co.uk/ontology/admingeo/UnitaryAuthority,Scotland,http://data.ordnancesurvey.co.uk/id/7000000000041429,Scotland,http://data.ordnancesurvey.co.uk/id/country/scotland,,http://dbpedia.org/resource/Brevig,
osgb4000000074542681,http://data.ordnancesurvey.co.uk/id/4000000074542681,Ceann Tangabhal,gla,Kentangaval,eng,populatedPlace,Hamlet,65529,798817,5000,25000,65278,798586,65778,799267,HS9,http://data.ordnancesurvey.co.uk/id/postcodedistrict/HS9,,,,,,,Na h-Eileanan an Iar,http://data.ordnancesurvey.co.uk/id/7000000000030022,http://data.ordnancesurvey.co.uk/ontology/admingeo/UnitaryAuthority,Scotland,http://data.ordnancesurvey.co.uk/id/7000000000041429,Scotland,http://data.ordnancesurvey.co.uk/id/country/scotland,,,
osgb4000000074542669,http://data.ordnancesurvey.co.uk/id/4000000074542669,Vatersay,eng,Bhatarsaigh,gla,populatedPlace,Hamlet,63196,794494,5000,25000,62987,794226,63487,794726,HS9,http://data.ordnancesurvey.co.uk/id/postcodedistrict/HS9,,,,,,,Na h-Eileanan an Iar,http://data.ordnancesurvey.co.uk/id/7000000000030022,http://data.ordnancesurvey.co.uk/ontology/admingeo/UnitaryAuthority,Scotland,http://data.ordnancesurvey.co.uk/id/7000000000041429,Scotland,http://data.ordnancesurvey.co.uk/id/country/scotland,,,
HS95XP,http://data.ordnancesurvey.co.uk/id/postcodeunit/HS95XP,HS9 5XP,,,,other,Postcode,65854,798156,3500,18000,,,,,,,Bàgh a'Chaisteil / Castlebay,http://data.ordnancesurvey.co.uk/id/4000000074335152,http://www.ordnancesurvey.co.uk/xml/codelists/localtype.xml#village,,,,Na h-Eileanan an Iar,http://data.ordnancesurvey.co.uk/id/7000000000030022,http://data.ordnancesurvey.co.uk/ontology/admingeo/UnitaryAuthority,Scotland,http://data.ordnancesurvey.co.uk/id/7000000000041429,Scotland,http://data.ordnancesurvey.co.uk/id/country/scotland,,,
HS95UW,http://data.ordnancesurvey.co.uk/id/postcodeunit/HS95UW,HS9 5UW,,,,other,Postcode,69940,799101,3500,18000,,,,,,,Brèibhig / Brevig,http://data.ordnancesurvey.co.uk/id/4000000074542604,http://www.ordnancesurvey.co.uk/xml/codelists/localtype.xml#village,,,,Na h-Eileanan an Iar,http://data.ordnancesurvey.co.uk/id/7000000000030022,http://data.ordnancesurvey.co.uk/ontology/admingeo/UnitaryAuthority,Scotland,http://data.ordnancesurvey.co.uk/id/7000000000041429,Scotland,http://data.ordnancesurvey.co.uk/id/country/scotland,,,
HS95YL,http://data.ordnancesurvey.co.uk/id/postcodeunit/HS95YL,HS9 5YL,,,,other,Postcode,63280,797381,3500,18000,,,,,,,Caolas / Caolis,http://data.ordnancesurvey.co.uk/id/4000000074579796,http://www.ordnancesurvey.co.uk/xml/codelists/localtype.xml#otherSettlement,,,,Na h-Eileanan an Iar,http://data.ordnancesurvey.co.uk/id/7000000000030022,http://data.ordnancesurvey.co.uk/ontology/admingeo/UnitaryAuthority,Scotland,http://data.ordnancesurvey.co.uk/id/7000000000041429,Scotland,http://data.ordnancesurvey.co.uk/id/country/scotland,,,
HS95XG,http://data.ordnancesurvey.co.uk/id/postcodeunit/HS95XG,HS9 5XG,,,,other,Postcode,66123,798332,3500,18000,,,,,,,Bàgh a'Chaisteil / Castlebay,http://data.ordnancesurvey.co.uk/id/4000000074335152,http://www.ordnancesurvey.co.uk/xml/codelists/localtype.xml#village,,,,Na h-Eileanan an Iar,http://data.ordnancesurvey.co.uk/id/7000000000030022,http://data.ordnancesurvey.co.uk/ontology/admingeo/UnitaryAuthority,Scotland,http://data.ordnancesurvey.co.uk/id/7000000000041429,Scotland,http://data.ordnancesurvey.co.uk/id/country/scotland,,,
HS95UR,http://data.ordnancesurvey.co.uk/id/postcodeunit/HS95UR,HS9 5UR,,,,other,Postcode,70482,799822,3500,18000,,,,,,,Earsairidh / Earsary,http://data.ordnancesurvey.co.uk/id/4000000074570637,http://www.ordnancesurvey.co.uk/xml/codelists/localtype.xml#hamlet,,,,Na h-Eileanan an Iar,http://data.ordnancesurvey.co.uk/id/7000000000030022,http://data.ordnancesurvey.co.uk/ontology/admingeo/UnitaryAuthority,Scotland,http://data.ordnancesurvey.co.uk/id/7000000000041429,Scotland,http://data.ordnancesurvey.co.uk/id/country/scotland,,,
HS95UZ,http://data.ordnancesurvey.co.uk/id/postcodeunit/HS95UZ,HS9 5UZ,,,,other,Postcode,66509,797962,3500,18000,,,,,,,,,,,,,Na h-Eileanan an Iar,http://data.ordnancesurvey.co.uk/id/7000000000030022,http://data.ordnancesurvey.co.uk/ontology/admingeo/UnitaryAuthority,Scotland,http://data.ordnancesurvey.co.uk/id/7000000000041429,Scotland,http://data.ordnancesurvey.co.uk/id/country/scotland,,,
HS95UA,http://data.ordnancesurvey.co.uk/id/postcodeunit/HS95UA,HS9 5UA,,,,other,Postcode,69412,798939,3500,18000,,,,,,,Brèibhig / Brevig,http://data.ordnancesurvey.co.uk/id/4000000074542604,http://www.ordnancesurvey.co.uk/xml/codelists/localtype.xml#village,,,,Na h-Eileanan an Iar,http://data.ordnancesurvey.co.uk/id/7000000000030022,http://data.ordnancesurvey.co.uk/ontology/admingeo/UnitaryAuthority,Scotland,http://data.ordnancesurvey.co.uk/id/7000000000041429,Scotland,http://data.ordnancesurvey.co.uk/id/country/scotland,,,
HS95UB,http://data.ordnancesurvey.co.uk/id/postcodeunit/HS95UB,HS9 5UB,,,,other,Postcode,69893,799303,3500,18000,,,,,,,Brèibhig / Brevig,http://data.ordnancesurvey.co.uk/id/4000000074542604,http://www.ordnancesurvey.co.uk/xml/codelists/localtype.xml#village,,,,Na h-Eileanan an Iar,http://data.ordnancesurvey.co.uk/id/7000000000030022,http://data.ordnancesurvey.co.uk/ontology/admingeo/UnitaryAuthority,Scotland,http://data.ordnancesurvey.co.uk/id/7000000000041429,Scotland,http://data.ordnancesurvey.co.uk/id/country/scotland,,,
HS95UJ,http://data.ordnancesurvey.co.uk/id/postcodeunit/HS95UJ,HS9 5UJ,,,,other,Postcode,66882,798120,3500,18000,,,,,,,Bàgh a'Chaisteil / Castlebay,http://data.ordnancesurvey.co.uk/id/4000000074335152,http://www.ordnancesurvey.co.uk/xml/codelists/localtype.xml#village,,,,Na h-Eileanan an Iar,http://data.ordnancesurvey.co.uk/id/7000000000030022,http://data.ordnancesurvey.co.uk/ontology/admingeo/UnitaryAuthority,Scotland,http://data.ordnancesurvey.co.uk/id/7000000000041429,Scotland,http://data.ordnancesurvey.co.uk/id/country/scotland,,,
HS95UP,http://data.ordnancesurvey.co.uk/id/postcodeunit/HS95UP,HS9 5UP,,,,other,Postcode,69823,799444,3500,18000,,,,,,,Brèibhig / Brevig,http://data.ordnancesurvey.co.uk/id/4000000074542604,http://www.ordnancesurvey.co.uk/xml/codelists/localtype.xml#village,,,,Na h-Eileanan an Iar,http://data.ordnancesurvey.co.uk/id/7000000000030022,http://data.ordnancesurvey.co.uk/ontology/admingeo/UnitaryAuthority,Scotland,http://data.ordnancesurvey.co.uk/id/7000000000041429,Scotland,http://data.ordnancesurvey.co.uk/id/country/scotland,,,
HS95YU,http://data.ordnancesurvey.co.uk/id/postcodeunit/HS95YU,HS9 5YU,,,,other,Postcode,63222,794554,3500,18000,,,,,,,Vatersay / Bhatarsaigh,http://data.ordnancesurvey.co.uk/id/4000000074542669,http://www.ordnancesurvey.co.uk/xml/codelists/localtype.xml#hamlet,,,,Na h-Eileanan an Iar,http://data.ordnancesurvey.co.uk/id/7000000000030022,http://data.ordnancesurvey.co.uk/ontology/admingeo/UnitaryAuthority,Scotland,http://data.ordnancesurvey.co.uk/id/7000000000041429,Scotland,http://data.ordnancesurvey.co.uk/id/country/scotland,,,
HS95YN,http://data.ordnancesurvey.co.uk/id/postcodeunit/HS95YN,HS9 5YN,,,,other,Postcode,65331,796062,3500,18000,,,,,,,Uidh,http://data.ordnancesurvey.co.uk/id/4000000074335154,http://www.ordnancesurvey.co.uk/xml/codelists/localtype.xml#hamlet,,,,Na h-Eileanan an Iar,http://data.ordnancesurvey.co.uk/id/7000000000030022,http://data.ordnancesurvey.co.uk/ontology/admingeo/UnitaryAuthority,Scotland,http://data.ordnancesurvey.co.uk/id/7000000000041429,Scotland,http://data.ordnancesurvey.co.uk/id/country/scotland,,,
HS95XF,http://data.ordnancesurvey.co.uk/id/postcodeunit/HS95XF,HS9 5XF,,,,other,Postcode,65830,798375,3500,18000,,,,,,,Bàgh a'Chaisteil / Castlebay,http://data.ordnancesurvey.co.uk/id/4000000074335152,http://www.ordnancesurvey.co.uk/xml/codelists/localtype.xml#village,,,,Na h-Eileanan an Iar,http://data.ordnancesurvey.co.uk/id/7000000000030022,http://data.ordnancesurvey.co.uk/ontology/admingeo/UnitaryAuthority,Scotland,http://data.ordnancesurvey.co.uk/id/7000000000041429,Scotland,http://data.ordnancesurvey.co.uk/id/country/scotland,,,
HS95ZE,http://data.ordnancesurvey.co.uk/id/postcodeunit/HS95ZE,HS9 5ZE,,,,other,Postcode,65957,798229,3500,18000,,,,,,,Bàgh a'Chaisteil / Castlebay,http://data.ordnancesurvey.co.uk/id/4000000074335152,http://www.ordnancesurvey.co.uk/xml/codelists/localtype.xml#village,,,,Na h-Eileanan an Iar,http://data.ordnancesurvey.co.uk/id/7000000000030022,http://data.ordnancesurvey.co.uk/ontology/admingeo/UnitaryAuthority,Scotland,http://data.ordnancesurvey.co.uk/id/7000000000041429,Scotland,http://data.ordnancesurvey.co.uk/id/country/scotland,,,
HS95XD,http://data.ordnancesurvey.co.uk/id/postcodeunit/HS95XD,HS9 5XD,,,,other,Postcode,66531,798341,3500,18000,,,,,,,Bàgh a'Chaisteil / Castlebay,http://data.ordnancesurvey.co.uk/id/4000000074335152,http://www.ordnancesurvey.co.uk/xml/codelists/localtype.xml#village,,,,Na h-Eileanan an Iar,http://data.ordnancesurvey.co.uk/id/7000000000030022,http://data.ordnancesurvey.co.uk/ontology/admingeo/UnitaryAuthority,Scotland,http://data.ordnancesurvey.co.uk/id/7000000000041429,Scotland,http://data.ordnancesurvey.co.uk/id/country/scotland,,,
HS95UL,http://data.ordnancesurvey.co.uk/id/postcodeunit/HS95UL,HS9 5UL,,,,other,Postcode,66886,797968,3500,18000,,,,,,,Bàgh a'Chaisteil / Castlebay,http://data.ordnancesurvey.co.uk/id/4000000074335152,http://www.ordnancesurvey.co.uk/xml/codelists/localtype.xml#village,,,,Na h-Eileanan an Iar,http://data.ordnancesurvey.co.uk/id/7000000000030022,http://data.ordnancesurvey.co.uk/ontology/admingeo/UnitaryAuthority,Scotland,http://data.ordnancesurvey.co.uk/id/7000000000041429,Scotland,http://data.ordnancesurvey.co.uk/id/country/scotland,,,
HS95UN,http://data.ordnancesurvey.co.uk/id/postcodeunit/HS95UN,HS9 5UN,,,,other,Postcode,69107,798862,3500,18000,,,,,,,Brèibhig / Brevig,http://data.ordnancesurvey.co.uk/id/4000000074542604,http://www.ordnancesurvey.co.uk/xml/codelists/localtype.xml#village,,,,Na h-Eileanan an Iar,http://data.ordnancesurvey.co.uk/id/7000000000030022,http://data.ordnancesurvey.co.uk/ontology/admingeo/UnitaryAuthority,Scotland,http://data.ordnancesurvey.co.uk/id/7000000000041429,Scotland,http://data.ordnancesurvey.co.uk/id/country/scotland,,,
HS95UQ,http://data.ordnancesurvey.co.uk/id/postcodeunit/HS95UQ,HS9 5UQ,,,,other,Postcode,66968,798302,3500,18000,,,,,,,Bàgh a'Chaisteil / Castlebay,http://data.ordnancesurvey.co.uk/id/4000000074335152,http://www.ordnancesurvey.co.uk/xml/codelists/localtype.xml#village,,,,Na h-Eileanan an Iar,http://data.ordnancesurvey.co.uk/id/7000000000030022,http://data.ordnancesurvey.co.uk/ontology/admingeo/UnitaryAuthority,Scotland,http://data.ordnancesurvey.co.uk/id/7000000000041429,Scotland,http://data.ordnancesurvey.co.uk/id/country/scotland,,,
HS95XL,http://data.ordnancesurvey.co.uk/id/postcodeunit/HS95XL,HS9 5XL,,,,other,Postcode,65660,798699,3500,18000,,,,,,,Ceann Tangabhal / Kentangaval,http://data.ordnancesurvey.co.uk/id/4000000074542681,http://www.ordnancesurvey.co.uk/xml/codelists/localtype.xml#hamlet,,,,Na h-Eileanan an Iar,http://data.ordnancesurvey.co.uk/id/7000000000030022,http://data.ordnancesurvey.co.uk/ontology/admingeo/UnitaryAuthority,Scotland,http://data.ordnancesurvey.co.uk/id/7000000000041429,Scotland,http://data.ordnancesurvey.co.uk/id/country/scotland,,,
HS95XN,http://data.ordnancesurvey.co.uk/id/postcodeunit/HS95XN,HS9 5XN,,,,other,Postcode,65375,798437,3500,18000,,,,,,,Nasg / Nask,http://data.ordnancesurvey.co.uk/id/4000000074570638,http://www.ordnancesurvey.co.uk/xml/codelists/localtype.xml#hamlet,,,,Na h-Eileanan an Iar,http://data.ordnancesurvey.co.uk/id/7000000000030022,http://data.ordnancesurvey.co.uk/ontology/admingeo/UnitaryAuthority,Scotland,http://data.ordnancesurvey.co.uk/id/7000000000041429,Scotland,http://data.ordnancesurvey.co.uk/id/country/scotland,,,
HS95YP,http://data.ordnancesurvey.co.uk/id/postcodeunit/HS95YP,HS9 5YP,,,,other,Postcode,63814,797169,3500,18000,,,,,,,Caolas / Caolis,http://data.ordnancesurvey.co.uk/id/4000000074579796,http://www.ordnancesurvey.co.uk/xml/codelists/localtype.xml#otherSettlement,,,,Na h-Eileanan an Iar,http://data.ordnancesurvey.co.uk/id/7000000000030022,http://data.ordnancesurvey.co.uk/ontology/admingeo/UnitaryAuthority,Scotland,http://data.ordnancesurvey.co.uk/id/7000000000041429,Scotland,http://data.ordnancesurvey.co.uk/id/country/scotland,,,
HS95XH,http://data.ordnancesurvey.co.uk/id/postcodeunit/HS95XH,HS9 5XH,,,,other,Postcode,65820,798142,3500,18000,,,,,,,Bàgh a'Chaisteil / Castlebay,http://data.ordnancesurvey.co.uk/id/4000000074335152,http://www.ordnancesurvey.co.uk/xml/codelists/localtype.xml#village,,,,Na h-Eileanan an Iar,http://data.ordnancesurvey.co.uk/id/7000000000030022,http://data.ordnancesurvey.co.uk/ontology/admingeo/UnitaryAuthority,Scotland,http://data.ordnancesurvey.co.uk/id/7000000000041429,Scotland,http://data.ordnancesurvey.co.uk/id/country/scotland,,,
HS95UH,http://data.ordnancesurvey.co.uk/id/postcodeunit/HS95UH,HS9 5UH,,,,other,Postcode,67682,798487,3500,18000,,,,,,,Bàgh a'Chaisteil / Castlebay,http://data.ordnancesurvey.co.uk/id/4000000074335152,http://www.ordnancesurvey.co.uk/xml/codelists/localtype.xml#village,,,,Na h-Eileanan an Iar,http://data.ordnancesurvey.co.uk/id/7000000000030022,http://data.ordnancesurvey.co.uk/ontology/admingeo/UnitaryAuthority,Scotland,http://data.ordnancesurvey.co.uk/id/7000000000041429,Scotland,http://data.ordnancesurvey.co.uk/id/country/scotland,,,
HS95YW,http://data.ordnancesurvey.co.uk/id/postcodeunit/HS95YW,HS9 5YW,,,,other,Postcode,63310,794554,3500,18000,,,,,,,Vatersay / Bhatarsaigh,http://data.ordnancesurvey.co.uk/id/4000000074542669,http://www.ordnancesurvey.co.uk/xml/codelists/localtype.xml#hamlet,,,,Na h-Eileanan an Iar,http://data.ordnancesurvey.co.uk/id/7000000000030022,http://data.ordnancesurvey.co.uk/ontology/admingeo/UnitaryAuthority,Scotland,http://data.ordnancesurvey.co.uk/id/7000000000041429,Scotland,http://data.ordnancesurvey.co.uk/id/country/scotland,,,
HS95XB,http://data.ordnancesurvey.co.uk/id/postcodeunit/HS95XB,HS9 5XB,,,,other,Postcode,66150,798412,3500,18000,,,,,,,Bàgh a'Chaisteil / Castlebay,http://data.ordnancesurvey.co.uk/id/4000000074335152,http://www.ordnancesurvey.co.uk/xml/codelists/localtype.xml#village,,,,Na h-Eileanan an Iar,http://data.ordnancesurvey.co.uk/id/7000000000030022,http://data.ordnancesurvey.co.uk/ontology/admingeo/UnitaryAuthority,Scotland,http://data.ordnancesurvey.co.uk/id/7000000000041429,Scotland,http://data.ordnancesurvey.co.uk/id/country/scotland,,,
osgb5000005116948026,http://data.ordnancesurvey.co.uk/id/5000005116948026,Maol Domhnaich,,,,transportNetwork,Named Road,65869,798148,1000,20000,65854,798130,65881,798174,HS9,http://data.ordnancesurvey.co.uk/id/postcodedistrict/HS9,Bàgh a'Chaisteil / Castlebay,http://data.ordnancesurvey.co.uk/id/4000000074335152,http://www.ordnancesurvey.co.uk/xml/codelists/localtype.xml#village,,,,Na h-Eileanan an Iar,http://data.ordnancesurvey.co.uk/id/7000000000030022,http://data.ordnancesurvey.co.uk/ontology/admingeo/UnitaryAuthority,Scotland,http://data.ordnancesurvey.co.uk/id/7000000000041429,Scotland,http://data.ordnancesurvey.co.uk/id/country/scotland,,,
osgb4000000004218904,http://data.ordnancesurvey.co.uk/id/4000000004218904,St Brendan Road,,,,transportNetwork,Named Road,65829,798267,1000,20000,65744,798215,65830,798362,HS9,http://data.ordnancesurvey.co.uk/id/postcodedistrict/HS9,Bàgh a'Chaisteil / Castlebay,http://data.ordnancesurvey.co.uk/id/4000000074335152,http://www.ordnancesurvey.co.uk/xml/codelists/localtype.xml#village,,,,Na h-Eileanan an Iar,http://data.ordnancesurvey.co.uk/id/7000000000030022,http://data.ordnancesurvey.co.uk/ontology/admingeo/UnitaryAuthority,Scotland,http://data.ordnancesurvey.co.uk/id/7000000000041429,Scotland,http://data.ordnancesurvey.co.uk/id/country/scotland,,,
osgb4000000004218901,http://data.ordnancesurvey.co.uk/id/4000000004218901,Rathad Na Horgh,,,,transportNetwork,Named Road,66026,798246,2000,20000,65895,798105,66190,798386,HS9,http://data.ordnancesurvey.co.uk/id/postcodedistrict/HS9,Bàgh a'Chaisteil / Castlebay,http://data.ordnancesurvey.co.uk/id/4000000074335152,http://www.ordnancesurvey.co.uk/xml/codelists/localtype.xml#village,,,,Na h-Eileanan an Iar,http://data.ordnancesurvey.co.uk/id/7000000000030022,http://data.ordnancesurvey.co.uk/ontology/admingeo/UnitaryAuthority,Scotland,http://data.ordnancesurvey.co.uk/id/7000000000041429,Scotland,http://data.ordnancesurvey.co.uk/id/country/scotland,,,
osgb4000000004218902,http://data.ordnancesurvey.co.uk/id/4000000004218902,Rathad Naomh Bhrianan,gla,St Brendan Road,eng,transportNetwork,Named Road,65747,798288,3000,20000,65702,798105,65895,798512,HS9,http://data.ordnancesurvey.co.uk/id/postcodedistrict/HS9,Bàgh a'Chaisteil / Castlebay,http://data.ordnancesurvey.co.uk/id/4000000074335152,http://www.ordnancesurvey.co.uk/xml/codelists/localtype.xml#village,,,,Na h-Eileanan an Iar,http://data.ordnancesurvey.co.uk/id/7000000000030022,http://data.ordnancesurvey.co.uk/ontology/admingeo/UnitaryAuthority,Scotland,http://data.ordnancesurvey.co.uk/id/7000000000041429,Scotland,http://data.ordnancesurvey.co.uk/id/country/scotland,,,
osgb4000000004218911,http://data.ordnancesurvey.co.uk/id/4000000004218911,The Square,,,,transportNetwork,Named Road,65529,798817,1000,20000,65529,798812,65532,798817,HS9,http://data.ordnancesurvey.co.uk/id/postcodedistrict/HS9,Ceann Tangabhal / Kentangaval,http://data.ordnancesurvey.co.uk/id/4000000074542681,http://www.ordnancesurvey.co.uk/xml/codelists/localtype.xml#hamlet,,,,Na h-Eileanan an Iar,http://data.ordnancesurvey.co.uk/id/7000000000030022,http://data.ordnancesurvey.co.uk/ontology/admingeo/UnitaryAuthority,Scotland,http://data.ordnancesurvey.co.uk/id/7000000000041429,Scotland,http://data.ordnancesurvey.co.uk/id/country/scotland,,,
osgb4000000004218905,http://data.ordnancesurvey.co.uk/id/4000000004218905,The Square,,,,transportNetwork,Named Road,67300,798247,2000,20000,67175,798197,67428,798311,HS9,http://data.ordnancesurvey.co.uk/id/postcodedistrict/HS9,Bàgh a'Chaisteil / Castlebay,http://data.ordnancesurvey.co.uk/id/4000000074335152,http://www.ordnancesurvey.co.uk/xml/codelists/localtype.xml#village,,,,Na h-Eileanan an Iar,http://data.ordnancesurvey.co.uk/id/7000000000030022,http://data.ordnancesurvey.co.uk/ontology/admingeo/UnitaryAuthority,Scotland,http://data.ordnancesurvey.co.uk/id/7000000000041429,Scotland,http://data.ordnancesurvey.co.uk/id/country/scotland,,,
osgb4000000003423801,http://data.ordnancesurvey.co.uk/id/4000000003423801,A888,,,,transportNetwork,Numbered Road,68784,798845,43000,1000000,64890,798141,71502,803651,HS9,http://data.ordnancesurvey.co.uk/id/postcodedistrict/HS9,Brèibhig / Brevig,http://data.ordnancesurvey.co.uk/id/4000000074542604,http://www.ordnancesurvey.co.uk/xml/codelists/localtype.xml#village,,,,Na h-Eileanan an Iar,http://data.ordnancesurvey.co.uk/id/7000000000030022,http://data.ordnancesurvey.co.uk/ontology/admingeo/UnitaryAuthority,Scotland,http://data.ordnancesurvey.co.uk/id/7000000000041429,Scotland,http://data.ordnancesurvey.co.uk/id/country/scotland,,,
osgb4000000074758097,http://data.ordnancesurvey.co.uk/id/4000000074758097,Caragrich Point,,,,landform,Coastal Headland,65774,796071,2000,750000,65515,795822,66015,796322,HS9,http://data.ordnancesurvey.co.uk/id/postcodedistrict/HS9,,,,,,,Na h-Eileanan an Iar,http://data.ordnancesurvey.co.uk/id/7000000000030022,http://data.ordnancesurvey.co.uk/ontology/admingeo/UnitaryAuthority,Scotland,http://data.ordnancesurvey.co.uk/id/7000000000041429,Scotland,http://data.ordnancesurvey.co.uk/id/country/scotland,,,
osgb4000000074589390,http://data.ordnancesurvey.co.uk/id/4000000074589390,Pabaigh,gla,Pabbay,eng,landform,Island,60276,787558,20000,800000,58836,786698,61901,788418,HS9,http://data.ordnancesurvey.co.uk/id/postcodedistrict/HS9,,,,,,,Na h-Eileanan an Iar,http://data.ordnancesurvey.co.uk/id/7000000000030022,http://data.ordnancesurvey.co.uk/ontology/admingeo/UnitaryAuthority,Scotland,http://data.ordnancesurvey.co.uk/id/7000000000041429,Scotland,http://data.ordnancesurvey.co.uk/id/country/scotland,,,
osgb4000000074757414,http://data.ordnancesurvey.co.uk/id/4000000074757414,Leinis,gla,Leanish,eng,landform,Coastal Headland,70050,798901,4000,750000,69672,798622,70357,799180,HS9,http://data.ordnancesurvey.co.uk/id/postcodedistrict/HS9,,,,,,,Na h-Eileanan an Iar,http://data.ordnancesurvey.co.uk/id/7000000000030022,http://data.ordnancesurvey.co.uk/ontology/admingeo/UnitaryAuthority,Scotland,http://data.ordnancesurvey.co.uk/id/7000000000041429,Scotland,http://data.ordnancesurvey.co.uk/id/country/scotland,,,
osgb4000000074792101,http://data.ordnancesurvey.co.uk/id/4000000074792101,Loch Tangasdail,,,,hydrography,Inland Water,64591,799709,4000,500000,64328,799460,64880,799960,HS9,http://data.ordnancesurvey.co.uk/id/postcodedistrict/HS9,,,,,,,Na h-Eileanan an Iar,http://data.ordnancesurvey.co.uk/id/7000000000030022,http://data.ordnancesurvey.co.uk/ontology/admingeo/UnitaryAuthority,Scotland,http://data.ordnancesurvey.co.uk/id/7000000000041429,Scotland,http://data.ordnancesurvey.co.uk/id/country/scotland,,,
osgb4000000074720650,http://data.ordnancesurvey.co.uk/id/4000000074720650,Tràigh a' Ghoirtein,,,,landcover,Beach,63243,798018,1000,100000,62979,797768,63479,798268,HS9,http://data.ordnancesurvey.co.uk/id/postcodedistrict/HS9,,,,,,,Na h-Eileanan an Iar,http://data.ordnancesurvey.co.uk/id/7000000000030022,http://data.ordnancesurvey.co.uk/ontology/admingeo/UnitaryAuthority,Scotland,http://data.ordnancesurvey.co.uk/id/7000000000041429,Scotland,http://data.ordnancesurvey.co.uk/id/country/scotland,,,
osgb4000000074798833,http://data.ordnancesurvey.co.uk/id/4000000074798833,Sloc Grisiabhaig,,,,hydrography,Tidal Water,62106,793976,2000,150000,61936,793706,62436,794206,HS9,http://data.ordnancesurvey.co.uk/id/postcodedistrict/HS9,,,,,,,Na h-Eileanan an Iar,http://data.ordnancesurvey.co.uk/id/7000000000030022,http://data.ordnancesurvey.co.uk/ontology/admingeo/UnitaryAuthority,Scotland,http://data.ordnancesurvey.co.uk/id/7000000000041429,Scotland,http://data.ordnancesurvey.co.uk/id/country/scotland,,,
osgb4000000074589389,http://data.ordnancesurvey.co.uk/id/4000000074589389,Eilean nan Gamhna,,,,landform,Island,70779,799914,2000,800000,70511,799664,71011,800164,HS9,http://data.ordnancesurvey.co.uk/id/postcodedistrict/HS9,,,,,,,Na h-Eileanan an Iar,http://data.ordnancesurvey.co.uk/id/7000000000030022,http://data.ordnancesurvey.co.uk/ontology/admingeo/UnitaryAuthority,Scotland,http://data.ordnancesurvey.co.uk/id/7000000000041429,Scotland,http://data.ordnancesurvey.co.uk/id/country/scotland,,,
osgb4000000074790077,http://data.ordnancesurvey.co.uk/id/4000000074790077,Bàgh Chornaig,,,,hydrography,Bay,63979,796820,10000,150000,63071,796398,64554,797312,HS9,http://data.ordnancesurvey.co.uk/id/postcodedistrict/HS9,,,,,,,Na h-Eileanan an Iar,http://data.ordnancesurvey.co.uk/id/7000000000030022,http://data.ordnancesurvey.co.uk/ontology/admingeo/UnitaryAuthority,Scotland,http://data.ordnancesurvey.co.uk/id/7000000000041429,Scotland,http://data.ordnancesurvey.co.uk/id/country/scotland,,,
osgb4000000074758154,http://data.ordnancesurvey.co.uk/id/4000000074758154,Leigeamul,,,,landform,Other Coastal Landform,66561,797496,1000,50000,66311,797251,66811,797751,HS9,http://data.ordnancesurvey.co.uk/id/postcodedistrict/HS9,,,,,,,Na h-Eileanan an Iar,http://data.ordnancesurvey.co.uk/id/7000000000030022,http://data.ordnancesurvey.co.uk/ontology/admingeo/UnitaryAuthority,Scotland,http://data.ordnancesurvey.co.uk/id/7000000000041429,Scotland,http://data.ordnancesurvey.co.uk/id/country/scotland,,,
osgb4000000074758224,http://data.ordnancesurvey.co.uk/id/4000000074758224,Hùilis Beag,,,,landform,Coastal Headland,62358,793680,4000,750000,62053,793431,62615,793931,HS9,http://data.ordnancesurvey.co.uk/id/postcodedistrict/HS9,,,,,,,Na h-Eileanan an Iar,http://data.ordnancesurvey.co.uk/id/7000000000030022,http://data.ordnancesurvey.co.uk/ontology/admingeo/UnitaryAuthority,Scotland,http://data.ordnancesurvey.co.uk/id/7000000000041429,Scotland,http://data.ordnancesurvey.co.uk/id/country/scotland,,,
osgb4000000074725854,http://data.ordnancesurvey.co.uk/id/4000000074725854,Crubisdale,,,,landform,Valley,64916,798832,3000,800000,64737,798582,65241,799082,HS9,http://data.ordnancesurvey.co.uk/id/postcodedistrict/HS9,,,,,,,Na h-Eileanan an Iar,http://data.ordnancesurvey.co.uk/id/7000000000030022,http://data.ordnancesurvey.co.uk/ontology/admingeo/UnitaryAuthority,Scotland,http://data.ordnancesurvey.co.uk/id/7000000000041429,Scotland,http://data.ordnancesurvey.co.uk/id/country/scotland,,,
osgb4000000074758151,http://data.ordnancesurvey.co.uk/id/4000000074758151,Meanais,,,,landform,Coastal Headland,65487,790940,2000,750000,65249,790691,65749,791191,HS9,http://data.ordnancesurvey.co.uk/id/postcodedistrict/HS9,,,,,,,Na h-Eileanan an Iar,http://data.ordnancesurvey.co.uk/id/7000000000030022,http://data.ordnancesurvey.co.uk/ontology/admingeo/UnitaryAuthority,Scotland,http://data.ordnancesurvey.co.uk/id/7000000000041429,Scotland,http://data.ordnancesurvey.co.uk/id/country/scotland,,,
osgb4000000074619148,http://data.ordnancesurvey.co.uk/id/4000000074619148,Maol Dòmhnaich,,,,landform,Hill Or Mountain,68883,794019,1000,300000,68633,793769,69133,794269,HS9,http://data.ordnancesurvey.co.uk/id/postcodedistrict/HS9,,,,,,,Na h-Eileanan an Iar,http://data.ordnancesurvey.co.uk/id/7000000000030022,http://data.ordnancesurvey.co.uk/ontology/admingeo/UnitaryAuthority,Scotland,http://data.ordnancesurvey.co.uk/id/7000000000041429,Scotland,http://data.ordnancesurvey.co.uk/id/country/scotland,,,
osgb4000000074613648,http://data.ordnancesurvey.co.uk/id/4000000074613648,Snuasamul,,,,landform,Island,66898,795306,2000,800000,66648,795049,67148,795549,HS9,http://data.ordnancesurvey.co.uk/id/postcodedistrict/HS9,,,,,,,Na h-Eileanan an Iar,http://data.ordnancesurvey.co.uk/id/7000000000030022,http://data.ordnancesurvey.co.uk/ontology/admingeo/UnitaryAuthority,Scotland,http://data.ordnancesurvey.co.uk/id/7000000000041429,Scotland,http://data.ordnancesurvey.co.uk/id/country/scotland,,,
osgb4000000074715278,http://data.ordnancesurvey.co.uk/id/4000000074715278,Creag na h-Iolaire,,,,landform,Cliff Or Slope,69285,793833,7000,40000,68810,793328,69361,794338,HS9,http://data.ordnancesurvey.co.uk/id/postcodedistrict/HS9,,,,,,,Na h-Eileanan an Iar,http://data.ordnancesurvey.co.uk/id/7000000000030022,http://data.ordnancesurvey.co.uk/ontology/admingeo/UnitaryAuthority,Scotland,http://data.ordnancesurvey.co.uk/id/7000000000041429,Scotland,http://data.ordnancesurvey.co.uk/id/country/scotland,,,
osgb4000000074758155,http://data.ordnancesurvey.co.uk/id/4000000074758155,Sloc an Uisge,,,,landform,Other Coastal Landform,66251,798335,1000,20000,66002,798088,66502,798588,HS9,http://data.ordnancesurvey.co.uk/id/postcodedistrict/HS9,,,,,,,Na h-Eileanan an Iar,http://data.ordnancesurvey.co.uk/id/7000000000030022,http://data.ordnancesurvey.co.uk/ontology/admingeo/UnitaryAuthority,Scotland,http://data.ordnancesurvey.co.uk/id/7000000000041429,Scotland,http://data.ordnancesurvey.co.uk/id/country/scotland,,,
osgb4000000074758096,http://data.ordnancesurvey.co.uk/id/4000000074758096,Creag Mhòr,,,,landform,Cliff Or Slope,66036,795571,2000,40000,65786,795335,66286,795835,HS9,http://data.ordnancesurvey.co.uk/id/postcodedistrict/HS9,,,,,,,Na h-Eileanan an Iar,http://data.ordnancesurvey.co.uk/id/7000000000030022,http://data.ordnancesurvey.co.uk/ontology/admingeo/UnitaryAuthority,Scotland,http://data.ordnancesurvey.co.uk/id/7000000000041429,Scotland,http://data.ordnancesurvey.co.uk/id/country/scotland,,,
osgb4000000074613643,http://data.ordnancesurvey.co.uk/id/4000000074613643,Sgeir Nòideamuil,,,,landform,Island,63112,791115,2000,800000,62862,790865,63362,791365,HS9,http://data.ordnancesurvey.co.uk/id/postcodedistrict/HS9,,,,,,,Na h-Eileanan an Iar,http://data.ordnancesurvey.co.uk/id/7000000000030022,http://data.ordnancesurvey.co.uk/ontology/admingeo/UnitaryAuthority,Scotland,http://data.ordnancesurvey.co.uk/id/7000000000041429,Scotland,http://data.ordnancesurvey.co.uk/id/country/scotland,,,
osgb4000000074614059,http://data.ordnancesurvey.co.uk/id/4000000074614059,Lingeigh,,,,landform,Island,60393,789672,5000,800000,60090,789267,60696,790061,HS9,http://data.ordnancesurvey.co.uk/id/postcodedistrict/HS9,,,,,,,Na h-Eileanan an Iar,http://data.ordnancesurvey.co.uk/id/7000000000030022,http://data.ordnancesurvey.co.uk/ontology/admingeo/UnitaryAuthority,Scotland,http://data.ordnancesurvey.co.uk/id/7000000000041429,Scotland,http://data.ordnancesurvey.co.uk/id/country/scotland,,,
osgb4000000074761992,http://data.ordnancesurvey.co.uk/id/4000000074761992,Glac na Buidhe,,,,landform,Valley,68456,797741,3000,800000,68139,797491,68655,797991,HS9,http://data.ordnancesurvey.co.uk/id/postcodedistrict/HS9,,,,,,,Na h-Eileanan an Iar,http://data.ordnancesurvey.co.uk/id/7000000000030022,http://data.ordnancesurvey.co.uk/ontology/admingeo/UnitaryAuthority,Scotland,http://data.ordnancesurvey.co.uk/id/7000000000041429,Scotland,http://data.ordnancesurvey.co.uk/id/country/scotland,,,
osgb4000000074790030,http://data.ordnancesurvey.co.uk/id/4000000074790030,Bàgh Bàn,,,,hydrography,Bay,61226,787057,8000,150000,60619,786644,61819,787491,HS9,http://data.ordnancesurvey.co.uk/id/postcodedistrict/HS9,,,,,,,Na h-Eileanan an Iar,http://data.ordnancesurvey.co.uk/id/7000000000030022,http://data.ordnancesurvey.co.uk/ontology/admingeo/UnitaryAuthority,Scotland,http://data.ordnancesurvey.co.uk/id/7000000000041429,Scotland,http://data.ordnancesurvey.co.uk/id/country/scotland,,,
osgb4000000074619151,http://data.ordnancesurvey.co.uk/id/4000000074619151,Heiseabhal Mòr,,,,landform,Hill Or Mountain,62665,796359,1000,300000,62415,796109,62915,796609,HS9,http://data.ordnancesurvey.co.uk/id/postcodedistrict/HS9,,,,,,,Na h-Eileanan an Iar,http://data.ordnancesurvey.co.uk/id/7000000000030022,http://data.ordnancesurvey.co.uk/ontology/admingeo/UnitaryAuthority,Scotland,http://data.ordnancesurvey.co.uk/id/7000000000041429,Scotland,http://data.ordnancesurvey.co.uk/id/country/scotland,,,
osgb4000000074619149,http://data.ordnancesurvey.co.uk/id/4000000074619149,Àird Rubha Mòr,,,,landform,Hill Or Mountain,69225,797944,1000,300000,68975,797694,69475,798194,HS9,http://data.ordnancesurvey.co.uk/id/postcodedistrict/HS9,,,,,,,Na h-Eileanan an Iar,http://data.ordnancesurvey.co.uk/id/7000000000030022,http://data.ordnancesurvey.co.uk/ontology/admingeo/UnitaryAuthority,Scotland,http://data.ordnancesurvey.co.uk/id/7000000000041429,Scotland,http://data.ordnancesurvey.co.uk/id/country/scotland,,,
osgb4000000074792099,http://data.ordnancesurvey.co.uk/id/4000000074792099,Loch na Cuilce,,,,hydrography,Inland Water,63748,790949,1000,500000,63498,790694,63998,791194,HS9,http://data.ordnancesurvey.co.uk/id/postcodedistrict/HS9,,,,,,,Na h-Eileanan an Iar,http://data.ordnancesurvey.co.uk/id/7000000000030022,http://data.ordnancesurvey.co.uk/ontology/admingeo/UnitaryAuthority,Scotland,http://data.ordnancesurvey.co.uk/id/7000000000041429,Scotland,http://data.ordnancesurvey.co.uk/id/country/scotland,,,
osgb4000000074623143,http://data.ordnancesurvey.co.uk/id/4000000074623143,Am Meall,,,,landform,Hill Or Mountain,64956,794468,1000,300000,64706,794218,65206,794718,HS9,http://data.ordnancesurvey.co.uk/id/postcodedistrict/HS9,,,,,,,Na h-Eileanan an Iar,http://data.ordnancesurvey.co.uk/id/7000000000030022,http://data.ordnancesurvey.co.uk/ontology/admingeo/UnitaryAuthority,Scotland,http://data.ordnancesurvey.co.uk/id/7000000000041429,Scotland,http://data.ordnancesurvey.co.uk/id/country/scotland,,,
osgb4000000074614058,http://data.ordnancesurvey.co.uk/id/4000000074614058,Grianamul,,,,landform,Island,61958,789751,2000,800000,61706,789502,62206,790002,HS9,http://data.ordnancesurvey.co.uk/id/postcodedistrict/HS9,,,,,,,Na h-Eileanan an Iar,http://data.ordnancesurvey.co.uk/id/7000000000030022,http://data.ordnancesurvey.co.uk/ontology/admingeo/UnitaryAuthority,Scotland,http://data.ordnancesurvey.co.uk/id/7000000000041429,Scotland,http://data.ordnancesurvey.co.uk/id/country/scotland,,,
osgb4000000074758225,http://data.ordnancesurvey.co.uk/id/4000000074758225,Hùilis Mòr,,,,landform,Coastal Headland,62007,794835,4000,750000,61688,794585,62277,795085,HS9,http://data.ordnancesurvey.co.uk/id/postcodedistrict/HS9,,,,,,,Na h-Eileanan an Iar,http://data.ordnancesurvey.co.uk/id/7000000000030022,http://data.ordnancesurvey.co.uk/ontology/admingeo/UnitaryAuthority,Scotland,http://data.ordnancesurvey.co.uk/id/7000000000041429,Scotland,http://data.ordnancesurvey.co.uk/id/country/scotland,,,
osgb4000000074618765,http://data.ordnancesurvey.co.uk/id/4000000074618765,Càrn Ghaltair,,,,landform,Hill Or Mountain,64025,791547,1000,300000,63775,791297,64275,791797,HS9,http://data.ordnancesurvey.co.uk/id/postcodedistrict/HS9,,,,,,,Na h-Eileanan an Iar,http://data.ordnancesurvey.co.uk/id/7000000000030022,http://data.ordnancesurvey.co.uk/ontology/admingeo/UnitaryAuthority,Scotland,http://data.ordnancesurvey.co.uk/id/7000000000041429,Scotland,http://data.ordnancesurvey.co.uk/id/country/scotland,,,
osgb4000000074789024,http://data.ordnancesurvey.co.uk/id/4000000074789024,Sloc a' Chìrein,,,,hydrography,Tidal Water,62006,794563,1000,150000,61816,794319,62316,794819,HS9,http://data.ordnancesurvey.co.uk/id/postcodedistrict/HS9,,,,,,,Na h-Eileanan an Iar,http://data.ordnancesurvey.co.uk/id/7000000000030022,http://data.ordnancesurvey.co.uk/ontology/admingeo/UnitaryAuthority,Scotland,http://data.ordnancesurvey.co.uk/id/7000000000041429,Scotland,http://data.ordnancesurvey.co.uk/id/country/scotland,,,
osgb4000000074719822,http://data.ordnancesurvey.co.uk/id/4000000074719822,Tràigh Bhàrlais,,,,landcover,Beach,61938,797193,2000,100000,61712,796943,62212,797443,HS9,http://data.ordnancesurvey.co.uk/id/postcodedistrict/HS9,,,,,,,Na h-Eileanan an Iar,http://data.ordnancesurvey.co.uk/id/7000000000030022,http://data.ordnancesurvey.co.uk/ontology/admingeo/UnitaryAuthority,Scotland,http://data.ordnancesurvey.co.uk/id/7000000000041429,Scotland,http://data.ordnancesurvey.co.uk/id/country/scotland,,,
osgb4000000074613438,http://data.ordnancesurvey.co.uk/id/4000000074613438,Sgeir Dubh,,,,landform,Island,66758,796734,1000,800000,66508,796477,67008,796977,HS9,http://data.ordnancesurvey.co.uk/id/postcodedistrict/HS9,,,,,,,Na h-Eileanan an Iar,http://data.ordnancesurvey.co.uk/id/7000000000030022,http://data.ordnancesurvey.co.uk/ontology/admingeo/UnitaryAuthority,Scotland,http://data.ordnancesurvey.co.uk/id/7000000000041429,Scotland,http://data.ordnancesurvey.co.uk/id/country/scotland,,,
osgb4000000074749296,http://data.ordnancesurvey.co.uk/id/4000000074749296,Creag Mhòr,,,,landform,Cliff Or Slope,63984,790216,2000,40000,63761,789966,64261,790466,HS9,http://data.ordnancesurvey.co.uk/id/postcodedistrict/HS9,,,,,,,Na h-Eileanan an Iar,http://data.ordnancesurvey.co.uk/id/7000000000030022,http://data.ordnancesurvey.co.uk/ontology/admingeo/UnitaryAuthority,Scotland,http://data.ordnancesurvey.co.uk/id/7000000000041429,Scotland,http://data.ordnancesurvey.co.uk/id/country/scotland,,,
osgb4000000074810178,http://data.ordnancesurvey.co.uk/id/4000000074810178,Beinn Orasaigh,,,,landform,Hill Or Mountain,67211,797707,1000,300000,66961,797457,67461,797957,HS9,http://data.ordnancesurvey.co.uk/id/postcodedistrict/HS9,,,,,,,Na h-Eileanan an Iar,http://data.ordnancesurvey.co.uk/id/7000000000030022,http://data.ordnancesurvey.co.uk/ontology/admingeo/UnitaryAuthority,Scotland,http://data.ordnancesurvey.co.uk/id/7000000000041429,Scotland,http://data.ordnancesurvey.co.uk/id/country/scotland,,,
osgb4000000074610102,http://data.ordnancesurvey.co.uk/id/4000000074610102,Eilean Mòr,,,,landform,Island,65760,790625,1000,800000,65508,790376,66008,790876,HS9,http://data.ordnancesurvey.co.uk/id/postcodedistrict/HS9,,,,,,,Na h-Eileanan an Iar,http://data.ordnancesurvey.co.uk/id/7000000000030022,http://data.ordnancesurvey.co.uk/ontology/admingeo/UnitaryAuthority,Scotland,http://data.ordnancesurvey.co.uk/id/7000000000041429,Scotland,http://data.ordnancesurvey.co.uk/id/country/scotland,,,
osgb4000000074761502,http://data.ordnancesurvey.co.uk/id/4000000074761502,Lìthinis,,,,landform,Coastal Headland,64994,790421,4000,750000,64744,790086,65244,790634,HS9,http://data.ordnancesurvey.co.uk/id/postcodedistrict/HS9,,,,,,,Na h-Eileanan an Iar,http://data.ordnancesurvey.co.uk/id/7000000000030022,http://data.ordnancesurvey.co.uk/ontology/admingeo/UnitaryAuthority,Scotland,http://data.ordnancesurvey.co.uk/id/7000000000041429,Scotland,http://data.ordnancesurvey.co.uk/id/country/scotland,,,
osgb4000000074613647,http://data.ordnancesurvey.co.uk/id/4000000074613647,Sgeirean Fiaclach,,,,landform,Island,67683,794421,2000,800000,67534,794171,68034,794671,HS9,http://data.ordnancesurvey.co.uk/id/postcodedistrict/HS9,,,,,,,Na h-Eileanan an Iar,http://data.ordnancesurvey.co.uk/id/7000000000030022,http://data.ordnancesurvey.co.uk/ontology/admingeo/UnitaryAuthority,Scotland,http://data.ordnancesurvey.co.uk/id/7000000000041429,Scotland,http://data.ordnancesurvey.co.uk/id/country/scotland,,,
osgb4000000074788950,http://data.ordnancesurvey.co.uk/id/4000000074788950,Port nam Marbh,,,,hydrography,Tidal Water,66046,798078,1000,150000,65777,797839,66277,798339,HS9,http://data.ordnancesurvey.co.uk/id/postcodedistrict/HS9,,,,,,,Na h-Eileanan an Iar,http://data.ordnancesurvey.co.uk/id/7000000000030022,http://data.ordnancesurvey.co.uk/ontology/admingeo/UnitaryAuthority,Scotland,http://data.ordnancesurvey.co.uk/id/7000000000041429,Scotland,http://data.ordnancesurvey.co.uk/id/country/scotland,,,
osgb4000000074716487,http://data.ordnancesurvey.co.uk/id/4000000074716487,Beinn Orasaigh,,,,landform,Hill Or Mountain,63310,797093,1000,300000,63060,796843,63560,797343,HS9,http://data.ordnancesurvey.co.uk/id/postcodedistrict/HS9,,,,,,,Na h-Eileanan an Iar,http://data.ordnancesurvey.co.uk/id/7000000000030022,http://data.ordnancesurvey.co.uk/ontology/admingeo/UnitaryAuthority,Scotland,http://data.ordnancesurvey.co.uk/id/7000000000041429,Scotland,http://data.ordnancesurvey.co.uk/id/country/scotland,,,
osgb4000000074613645,http://data.ordnancesurvey.co.uk/id/4000000074613645,Sgeir Fhiaclach Mhòr,,,,landform,Island,73564,799898,3000,800000,73314,799634,73814,800134,HS9,http://data.ordnancesurvey.co.uk/id/postcodedistrict/HS9,,,,,,,Na h-Eileanan an Iar,http://data.ordnancesurvey.co.uk/id/7000000000030022,http://data.ordnancesurvey.co.uk/ontology/admingeo/UnitaryAuthority,Scotland,http://data.ordnancesurvey.co.uk/id/7000000000041429,Scotland,http://data.ordnancesurvey.co.uk/id/country/scotland,,,
osgb4000000074613644,http://data.ordnancesurvey.co.uk/id/4000000074613644,Sgeir Fhiaclach Bheag,,,,landform,Island,73208,799405,1000,800000,72981,799156,73481,799656,HS9,http://data.ordnancesurvey.co.uk/id/postcodedistrict/HS9,,,,,,,Na h-Eileanan an Iar,http://data.ordnancesurvey.co.uk/id/7000000000030022,http://data.ordnancesurvey.co.uk/ontology/admingeo/UnitaryAuthority,Scotland,http://data.ordnancesurvey.co.uk/id/7000000000041429,Scotland,http://data.ordnancesurvey.co.uk/id/country/scotland,,,
osgb4000000074758153,http://data.ordnancesurvey.co.uk/id/4000000074758153,Rubha Fear Bhatarsaigh,,,,landform,Coastal Headland,68507,797194,5000,750000,68071,796945,68822,797445,HS9,http://data.ordnancesurvey.co.uk/id/postcodedistrict/HS9,,,,,,,Na h-Eileanan an Iar,http://data.ordnancesurvey.co.uk/id/7000000000030022,http://data.ordnancesurvey.co.uk/ontology/admingeo/UnitaryAuthority,Scotland,http://data.ordnancesurvey.co.uk/id/7000000000041429,Scotland,http://data.ordnancesurvey.co.uk/id/country/scotland,,,
osgb4000000074728580,http://data.ordnancesurvey.co.uk/id/4000000074728580,Rubha Huilis,,,,landform,Other Landform,61851,794834,4000,15000,61593,794584,62216,795084,HS9,http://data.ordnancesurvey.co.uk/id/postcodedistrict/HS9,,,,,,,Na h-Eileanan an Iar,http://data.ordnancesurvey.co.uk/id/7000000000030022,http://data.ordnancesurvey.co.uk/ontology/admingeo/UnitaryAuthority,Scotland,http://data.ordnancesurvey.co.uk/id/7000000000041429,Scotland,http://data.ordnancesurvey.co.uk/id/country/scotland,,,
osgb4000000074589376,http://data.ordnancesurvey.co.uk/id/4000000074589376,Sanndraigh,,,,landform,Island,64237,791339,20000,800000,62815,790065,65829,792612,HS9,http://data.ordnancesurvey.co.uk/id/postcodedistrict/HS9,,,,,,,Na h-Eileanan an Iar,http://data.ordnancesurvey.co.uk/id/7000000000030022,http://data.ordnancesurvey.co.uk/ontology/admingeo/UnitaryAuthority,Scotland,http://data.ordnancesurvey.co.uk/id/7000000000041429,Scotland,http://data.ordnancesurvey.co.uk/id/country/scotland,,,
osgb4000000074757410,http://data.ordnancesurvey.co.uk/id/4000000074757410,Rubha Sheadair,,,,landform,Coastal Headland,62998,792067,3000,750000,62748,791785,63248,792285,HS9,http://data.ordnancesurvey.co.uk/id/postcodedistrict/HS9,,,,,,,Na h-Eileanan an Iar,http://data.ordnancesurvey.co.uk/id/7000000000030022,http://data.ordnancesurvey.co.uk/ontology/admingeo/UnitaryAuthority,Scotland,http://data.ordnancesurvey.co.uk/id/7000000000041429,Scotland,http://data.ordnancesurvey.co.uk/id/country/scotland,,,
osgb4000000074788952,http://data.ordnancesurvey.co.uk/id/4000000074788952,Steir,,,,hydrography,Bay,61410,787554,2000,150000,61140,787323,61640,787823,HS9,http://data.ordnancesurvey.co.uk/id/postcodedistrict/HS9,,,,,,,Na h-Eileanan an Iar,http://data.ordnancesurvey.co.uk/id/7000000000030022,http://data.ordnancesurvey.co.uk/ontology/admingeo/UnitaryAuthority,Scotland,http://data.ordnancesurvey.co.uk/id/7000000000041429,Scotland,http://data.ordnancesurvey.co.uk/id/country/scotland,,,
osgb4000000074610103,http://data.ordnancesurvey.co.uk/id/4000000074610103,Sgeir Lìthinis,,,,landform,Island,65299,790042,1000,800000,65049,789798,65549,790298,HS9,http://data.ordnancesurvey.co.uk/id/postcodedistrict/HS9,,,,,,,Na h-Eileanan an Iar,http://data.ordnancesurvey.co.uk/id/7000000000030022,http://data.ordnancesurvey.co.uk/ontology/admingeo/UnitaryAuthority,Scotland,http://data.ordnancesurvey.co.uk/id/7000000000041429,Scotland,http://data.ordnancesurvey.co.uk/id/country/scotland,,,
osgb4000000074610104,http://data.ordnancesurvey.co.uk/id/4000000074610104,Orasaigh,,,,landform,Island,64112,797177,3000,800000,63863,796927,64363,797427,HS9,http://data.ordnancesurvey.co.uk/id/postcodedistrict/HS9,,,,,,,Na h-Eileanan an Iar,http://data.ordnancesurvey.co.uk/id/7000000000030022,http://data.ordnancesurvey.co.uk/ontology/admingeo/UnitaryAuthority,Scotland,http://data.ordnancesurvey.co.uk/id/7000000000041429,Scotland,http://data.ordnancesurvey.co.uk/id/country/scotland,,,
osgb4000000074619153,http://data.ordnancesurvey.co.uk/id/4000000074619153,Cadha Mòr,,,,landform,Hill Or Mountain,66400,799851,1000,300000,66150,799601,66650,800101,HS9,http://data.ordnancesurvey.co.uk/id/postcodedistrict/HS9,,,,,,,Na h-Eileanan an Iar,http://data.ordnancesurvey.co.uk/id/7000000000030022,http://data.ordnancesurvey.co.uk/ontology/admingeo/UnitaryAuthority,Scotland,http://data.ordnancesurvey.co.uk/id/7000000000041429,Scotland,http://data.ordnancesurvey.co.uk/id/country/scotland,,,
osgb4000000074614056,http://data.ordnancesurvey.co.uk/id/4000000074614056,Sgeir a' Chlogaid,,,,landform,Island,64999,793827,1000,800000,64749,793577,65249,794077,HS9,http://data.ordnancesurvey.co.uk/id/postcodedistrict/HS9,,,,,,,Na h-Eileanan an Iar,http://data.ordnancesurvey.co.uk/id/7000000000030022,http://data.ordnancesurvey.co.uk/ontology/admingeo/UnitaryAuthority,Scotland,http://data.ordnancesurvey.co.uk/id/7000000000041429,Scotland,http://data.ordnancesurvey.co.uk/id/country/scotland,,,
osgb4000000074758088,http://data.ordnancesurvey.co.uk/id/4000000074758088,Sumula,,,,landform,Coastal Headland,60871,787206,1000,750000,60621,786962,61121,787462,HS9,http://data.ordnancesurvey.co.uk/id/postcodedistrict/HS9,,,,,,,Na h-Eileanan an Iar,http://data.ordnancesurvey.co.uk/id/7000000000030022,http://data.ordnancesurvey.co.uk/ontology/admingeo/UnitaryAuthority,Scotland,http://data.ordnancesurvey.co.uk/id/7000000000041429,Scotland,http://data.ordnancesurvey.co.uk/id/country/scotland,,,
osgb4000000074798732,http://data.ordnancesurvey.co.uk/id/4000000074798732,Bàgh a' Deas,,,,hydrography,Bay,63735,793651,6000,150000,63298,793412,64194,793973,HS9,http://data.ordnancesurvey.co.uk/id/postcodedistrict/HS9,,,,,,,Na h-Eileanan an Iar,http://data.ordnancesurvey.co.uk/id/7000000000030022,http://data.ordnancesurvey.co.uk/ontology/admingeo/UnitaryAuthority,Scotland,http://data.ordnancesurvey.co.uk/id/7000000000041429,Scotland,http://data.ordnancesurvey.co.uk/id/country/scotland,,,
osgb4000000074725855,http://data.ordnancesurvey.co.uk/id/4000000074725855,Glen Bretadale,,,,landform,Valley,62653,798926,3000,800000,62403,798724,62903,799224,HS9,http://data.ordnancesurvey.co.uk/id/postcodedistrict/HS9,,,,,,,Na h-Eileanan an Iar,http://data.ordnancesurvey.co.uk/id/7000000000030022,http://data.ordnancesurvey.co.uk/ontology/admingeo/UnitaryAuthority,Scotland,http://data.ordnancesurvey.co.uk/id/7000000000041429,Scotland,http://data.ordnancesurvey.co.uk/id/country/scotland,,,
osgb4000000074757417,http://data.ordnancesurvey.co.uk/id/4000000074757417,Rubha na Doirlinne,,,,landform,Coastal Headland,62476,799843,2000,750000,62227,799598,62727,800098,HS9,http://data.ordnancesurvey.co.uk/id/postcodedistrict/HS9,,,,,,,Na h-Eileanan an Iar,http://data.ordnancesurvey.co.uk/id/7000000000030022,http://data.ordnancesurvey.co.uk/ontology/admingeo/UnitaryAuthority,Scotland,http://data.ordnancesurvey.co.uk/id/7000000000041429,Scotland,http://data.ordnancesurvey.co.uk/id/country/scotland,,,
osgb4000000074619546,http://data.ordnancesurvey.co.uk/id/4000000074619546,Beinn Tangabhal,,,,landform,Hill Or Mountain,63888,799076,1000,300000,63638,798826,64138,799326,HS9,http://data.ordnancesurvey.co.uk/id/postcodedistrict/HS9,,,,,,,Na h-Eileanan an Iar,http://data.ordnancesurvey.co.uk/id/7000000000030022,http://data.ordnancesurvey.co.uk/ontology/admingeo/UnitaryAuthority,Scotland,http://data.ordnancesurvey.co.uk/id/7000000000041429,Scotland,http://data.ordnancesurvey.co.uk/id/country/scotland,,,
osgb4000000074623245,http://data.ordnancesurvey.co.uk/id/4000000074623245,Beinn Chuidhir,,,,landform,Hill Or Mountain,63951,794486,1000,300000,63701,794236,64201,794736,HS9,http://data.ordnancesurvey.co.uk/id/postcodedistrict/HS9,,,,,,,Na h-Eileanan an Iar,http://data.ordnancesurvey.co.uk/id/7000000000030022,http://data.ordnancesurvey.co.uk/ontology/admingeo/UnitaryAuthority,Scotland,http://data.ordnancesurvey.co.uk/id/7000000000041429,Scotland,http://data.ordnancesurvey.co.uk/id/country/scotland,,,
osgb4000000074619152,http://data.ordnancesurvey.co.uk/id/4000000074619152,Heabhal,,,,landform,Hill Or Mountain,67801,799416,1000,300000,67551,799166,68051,799666,HS9,http://data.ordnancesurvey.co.uk/id/postcodedistrict/HS9,,,,,,,Na h-Eileanan an Iar,http://data.ordnancesurvey.co.uk/id/7000000000030022,http://data.ordnancesurvey.co.uk/ontology/admingeo/UnitaryAuthority,Scotland,http://data.ordnancesurvey.co.uk/id/7000000000041429,Scotland,http://data.ordnancesurvey.co.uk/id/country/scotland,,,
osgb4000000074758226,http://data.ordnancesurvey.co.uk/id/4000000074758226,Rubha Àird Laoigh,,,,landform,Other Coastal Landform,61784,797112,1000,20000,61502,796862,62002,797362,HS9,http://data.ordnancesurvey.co.uk/id/postcodedistrict/HS9,,,,,,,Na h-Eileanan an Iar,http://data.ordnancesurvey.co.uk/id/7000000000030022,http://data.ordnancesurvey.co.uk/ontology/admingeo/UnitaryAuthority,Scotland,http://data.ordnancesurvey.co.uk/id/7000000000041429,Scotland,http://data.ordnancesurvey.co.uk/id/country/scotland,,,
osgb4000000074758156,http://data.ordnancesurvey.co.uk/id/4000000074758156,Horogh,,,,landform,Coastal Headland,65836,797986,3000,750000,65591,797736,66091,798236,HS9,http://data.ordnancesurvey.co.uk/id/postcodedistrict/HS9,,,,,,,Na h-Eileanan an Iar,http://data.ordnancesurvey.co.uk/id/7000000000030022,http://data.ordnancesurvey.co.uk/ontology/admingeo/UnitaryAuthority,Scotland,http://data.ordnancesurvey.co.uk/id/7000000000041429,Scotland,http://data.ordnancesurvey.co.uk/id/country/scotland,,,
osgb4000000074758222,http://data.ordnancesurvey.co.uk/id/4000000074758222,Rubha Feudail,,,,landform,Coastal Headland,63330,797873,1000,750000,63081,797655,63581,798155,HS9,http://data.ordnancesurvey.co.uk/id/postcodedistrict/HS9,,,,,,,Na h-Eileanan an Iar,http://data.ordnancesurvey.co.uk/id/7000000000030022,http://data.ordnancesurvey.co.uk/ontology/admingeo/UnitaryAuthority,Scotland,http://data.ordnancesurvey.co.uk/id/7000000000041429,Scotland,http://data.ordnancesurvey.co.uk/id/country/scotland,,,
osgb4000000074725853,http://data.ordnancesurvey.co.uk/id/4000000074725853,Gleann Mòr,,,,landform,Valley,64677,790908,5000,800000,64428,790585,64928,791278,HS9,http://data.ordnancesurvey.co.uk/id/postcodedistrict/HS9,,,,,,,Na h-Eileanan an Iar,http://data.ordnancesurvey.co.uk/id/7000000000030022,http://data.ordnancesurvey.co.uk/ontology/admingeo/UnitaryAuthority,Scotland,http://data.ordnancesurvey.co.uk/id/7000000000041429,Scotland,http://data.ordnancesurvey.co.uk/id/country/scotland,,,
osgb4000000074609154,http://data.ordnancesurvey.co.uk/id/4000000074609154,Bioruaslum,,,,landform,Island,60845,796371,4000,800000,60553,796121,61134,796621,HS9,http://data.ordnancesurvey.co.uk/id/postcodedistrict/HS9,,,,,,,Na h-Eileanan an Iar,http://data.ordnancesurvey.co.uk/id/7000000000030022,http://data.ordnancesurvey.co.uk/ontology/admingeo/UnitaryAuthority,Scotland,http://data.ordnancesurvey.co.uk/id/7000000000041429,Scotland,http://data.ordnancesurvey.co.uk/id/country/scotland,,,
osgb4000000074788953,http://data.ordnancesurvey.co.uk/id/4000000074788953,Port Tuath an Ùidhe,,,,hydrography,Tidal Water,65966,796046,2000,150000,65709,795776,66209,796276,HS9,http://data.ordnancesurvey.co.uk/id/postcodedistrict/HS9,,,,,,,Na h-Eileanan an Iar,http://data.ordnancesurvey.co.uk/id/7000000000030022,http://data.ordnancesurvey.co.uk/ontology/admingeo/UnitaryAuthority,Scotland,http://data.ordnancesurvey.co.uk/id/7000000000041429,Scotland,http://data.ordnancesurvey.co.uk/id/country/scotland,,,
osgb4000000074790089,http://data.ordnancesurvey.co.uk/id/4000000074790089,Bàgh Siar,,,,hydrography,Bay,62238,795336,9000,150000,61606,794756,62997,795902,HS9,http://data.ordnancesurvey.co.uk/id/postcodedistrict/HS9,,,,,,,Na h-Eileanan an Iar,http://data.ordnancesurvey.co.uk/id/7000000000030022,http://data.ordnancesurvey.co.uk/ontology/admingeo/UnitaryAuthority,Scotland,http://data.ordnancesurvey.co.uk/id/7000000000041429,Scotland,http://data.ordnancesurvey.co.uk/id/country/scotland,,,
osgb4000000074758099,http://data.ordnancesurvey.co.uk/id/4000000074758099,Trèseabhaig,,,,landform,Other Coastal Landform,62672,795685,1000,50000,62397,795435,62897,795935,HS9,http://data.ordnancesurvey.co.uk/id/postcodedistrict/HS9,,,,,,,Na h-Eileanan an Iar,http://data.ordnancesurvey.co.uk/id/7000000000030022,http://data.ordnancesurvey.co.uk/ontology/admingeo/UnitaryAuthority,Scotland,http://data.ordnancesurvey.co.uk/id/7000000000041429,Scotland,http://data.ordnancesurvey.co.uk/id/country/scotland,,,
osgb4000000074613437,http://data.ordnancesurvey.co.uk/id/4000000074613437,Sgeir na Muice,,,,landform,Island,67064,795148,1000,800000,66814,794896,67314,795396,HS9,http://data.ordnancesurvey.co.uk/id/postcodedistrict/HS9,,,,,,,Na h-Eileanan an Iar,http://data.ordnancesurvey.co.uk/id/7000000000030022,http://data.ordnancesurvey.co.uk/ontology/admingeo/UnitaryAuthority,Scotland,http://data.ordnancesurvey.co.uk/id/7000000000041429,Scotland,http://data.ordnancesurvey.co.uk/id/country/scotland,,,
osgb4000000074757411,http://data.ordnancesurvey.co.uk/id/4000000074757411,Heillanish,,,,landform,Coastal Headland,63223,793542,2000,750000,62951,793292,63451,793792,HS9,http://data.ordnancesurvey.co.uk/id/postcodedistrict/HS9,,,,,,,Na h-Eileanan an Iar,http://data.ordnancesurvey.co.uk/id/7000000000030022,http://data.ordnancesurvey.co.uk/ontology/admingeo/UnitaryAuthority,Scotland,http://data.ordnancesurvey.co.uk/id/7000000000041429,Scotland,http://data.ordnancesurvey.co.uk/id/country/scotland,,,
osgb4000000074761504,http://data.ordnancesurvey.co.uk/id/4000000074761504,Creagan Sheadair,,,,landform,Other Coastal Landform,62822,791570,1000,50000,62535,791320,63035,791820,HS9,http://data.ordnancesurvey.co.uk/id/postcodedistrict/HS9,,,,,,,Na h-Eileanan an Iar,http://data.ordnancesurvey.co.uk/id/7000000000030022,http://data.ordnancesurvey.co.uk/ontology/admingeo/UnitaryAuthority,Scotland,http://data.ordnancesurvey.co.uk/id/7000000000041429,Scotland,http://data.ordnancesurvey.co.uk/id/country/scotland,,,
osgb4000000074788951,http://data.ordnancesurvey.co.uk/id/4000000074788951,Port a' Bhàta,,,,hydrography,Bay,62594,797524,1000,150000,62330,797291,62830,797791,HS9,http://data.ordnancesurvey.co.uk/id/postcodedistrict/HS9,,,,,,,Na h-Eileanan an Iar,http://data.ordnancesurvey.co.uk/id/7000000000030022,http://data.ordnancesurvey.co.uk/ontology/admingeo/UnitaryAuthority,Scotland,http://data.ordnancesurvey.co.uk/id/7000000000041429,Scotland,http://data.ordnancesurvey.co.uk/id/country/scotland,,,
osgb4000000074613646,http://data.ordnancesurvey.co.uk/id/4000000074613646,Eilean a' Mhàil,,,,landform,Island,71026,799949,1000,800000,70776,799699,71276,800199,HS9,http://data.ordnancesurvey.co.uk/id/postcodedistrict/HS9,,,,,,,Na h-Eileanan an Iar,http://data.ordnancesurvey.co.uk/id/7000000000030022,http://data.ordnancesurvey.co.uk/ontology/admingeo/UnitaryAuthority,Scotland,http://data.ordnancesurvey.co.uk/id/7000000000041429,Scotland,http://data.ordnancesurvey.co.uk/id/country/scotland,,,
osgb4000000074758157,http://data.ordnancesurvey.co.uk/id/4000000074758157,Rubha Glas,,,,landform,Coastal Headland,65475,797517,2000,750000,65154,797268,65654,797768,HS9,http://data.ordnancesurvey.co.uk/id/postcodedistrict/HS9,,,,,,,Na h-Eileanan an Iar,http://data.ordnancesurvey.co.uk/id/7000000000030022,http://data.ordnancesurvey.co.uk/ontology/admingeo/UnitaryAuthority,Scotland,http://data.ordnancesurvey.co.uk/id/7000000000041429,Scotland,http://data.ordnancesurvey.co.uk/id/country/scotland,,,
osgb4000000074788991,http://data.ordnancesurvey.co.uk/id/4000000074788991,Sloc Mhàrtuin,,,,hydrography,Tidal Water,62378,794820,1000,150000,62126,794546,62626,795046,HS9,http://data.ordnancesurvey.co.uk/id/postcodedistrict/HS9,,,,,,,Na h-Eileanan an Iar,http://data.ordnancesurvey.co.uk/id/7000000000030022,http://data.ordnancesurvey.co.uk/ontology/admingeo/UnitaryAuthority,Scotland,http://data.ordnancesurvey.co.uk/id/7000000000041429,Scotland,http://data.ordnancesurvey.co.uk/id/country/scotland,,,
osgb4000000074761505,http://data.ordnancesurvey.co.uk/id/4000000074761505,Curachan,,,,landform,Island,74669,799384,1000,800000,74419,799134,74919,799634,HS9,http://data.ordnancesurvey.co.uk/id/postcodedistrict/HS9,,,,,,,Na h-Eileanan an Iar,http://data.ordnancesurvey.co.uk/id/7000000000030022,http://data.ordnancesurvey.co.uk/ontology/admingeo/UnitaryAuthority,Scotland,http://data.ordnancesurvey.co.uk/id/7000000000041429,Scotland,http://data.ordnancesurvey.co.uk/id/country/scotland,,,
osgb4000000074788915,http://data.ordnancesurvey.co.uk/id/4000000074788915,Port Deas an Ùidhe,,,,hydrography,Tidal Water,65799,795653,2000,150000,65546,795423,66046,795923,HS9,http://data.ordnancesurvey.co.uk/id/postcodedistrict/HS9,,,,,,,Na h-Eileanan an Iar,http://data.ordnancesurvey.co.uk/id/7000000000030022,http://data.ordnancesurvey.co.uk/ontology/admingeo/UnitaryAuthority,Scotland,http://data.ordnancesurvey.co.uk/id/7000000000041429,Scotland,http://data.ordnancesurvey.co.uk/id/country/scotland,,,
osgb4000000074586390,http://data.ordnancesurvey.co.uk/id/4000000074586390,Bhatarsaigh,gla,Vatersay,eng,landform,Island,63397,795707,36000,800000,61137,793356,66684,798059,HS9,http://data.ordnancesurvey.co.uk/id/postcodedistrict/HS9,,,,,,,Na h-Eileanan an Iar,http://data.ordnancesurvey.co.uk/id/7000000000030022,http://data.ordnancesurvey.co.uk/ontology/admingeo/UnitaryAuthority,Scotland,http://data.ordnancesurvey.co.uk/id/7000000000041429,Scotland,http://data.ordnancesurvey.co.uk/id/country/scotland,,,
osgb4000000074757412,http://data.ordnancesurvey.co.uk/id/4000000074757412,An Laogh,,,,landform,Island,69169,794428,1000,800000,68921,794178,69421,794678,HS9,http://data.ordnancesurvey.co.uk/id/postcodedistrict/HS9,,,,,,,Na h-Eileanan an Iar,http://data.ordnancesurvey.co.uk/id/7000000000030022,http://data.ordnancesurvey.co.uk/ontology/admingeo/UnitaryAuthority,Scotland,http://data.ordnancesurvey.co.uk/id/7000000000041429,Scotland,http://data.ordnancesurvey.co.uk/id/country/scotland,,,
osgb4000000074614060,http://data.ordnancesurvey.co.uk/id/4000000074614060,Flodaigh,,,,landform,Island,61203,792338,7000,800000,60902,791575,61503,792708,HS9,http://data.ordnancesurvey.co.uk/id/postcodedistrict/HS9,,,,,,,Na h-Eileanan an Iar,http://data.ordnancesurvey.co.uk/id/7000000000030022,http://data.ordnancesurvey.co.uk/ontology/admingeo/UnitaryAuthority,Scotland,http://data.ordnancesurvey.co.uk/id/7000000000041429,Scotland,http://data.ordnancesurvey.co.uk/id/country/scotland,,,
osgb4000000074758095,http://data.ordnancesurvey.co.uk/id/4000000074758095,Uineasan,,,,landform,Island,66542,795610,2000,800000,66297,795360,66797,795860,HS9,http://data.ordnancesurvey.co.uk/id/postcodedistrict/HS9,,,,,,,Na h-Eileanan an Iar,http://data.ordnancesurvey.co.uk/id/7000000000030022,http://data.ordnancesurvey.co.uk/ontology/admingeo/UnitaryAuthority,Scotland,http://data.ordnancesurvey.co.uk/id/7000000000041429,Scotland,http://data.ordnancesurvey.co.uk/id/country/scotland,,,
osgb4000000074792100,http://data.ordnancesurvey.co.uk/id/4000000074792100,Loch Uisge,,,,hydrography,Inland Water,66313,799991,1000,500000,66072,799741,66572,800241,HS9,http://data.ordnancesurvey.co.uk/id/postcodedistrict/HS9,,,,,,,Na h-Eileanan an Iar,http://data.ordnancesurvey.co.uk/id/7000000000030022,http://data.ordnancesurvey.co.uk/ontology/admingeo/UnitaryAuthority,Scotland,http://data.ordnancesurvey.co.uk/id/7000000000041429,Scotland,http://data.ordnancesurvey.co.uk/id/country/scotland,,,
osgb4000000074815771,http://data.ordnancesurvey.co.uk/id/4000000074815771,Ben Leribreck,,,,landform,Hill Or Mountain,66448,798845,1000,300000,66198,798595,66698,799095,HS9,http://data.ordnancesurvey.co.uk/id/postcodedistrict/HS9,,,,,,,Na h-Eileanan an Iar,http://data.ordnancesurvey.co.uk/id/7000000000030022,http://data.ordnancesurvey.co.uk/ontology/admingeo/UnitaryAuthority,Scotland,http://data.ordnancesurvey.co.uk/id/7000000000041429,Scotland,http://data.ordnancesurvey.co.uk/id/country/scotland,,,
osgb4000000074720649,http://data.ordnancesurvey.co.uk/id/4000000074720649,Tràigh Siar,,,,landcover,Beach,62806,794984,6000,100000,62556,794740,63056,795656,HS9,http://data.ordnancesurvey.co.uk/id/postcodedistrict/HS9,,,,,,,Na h-Eileanan an Iar,http://data.ordnancesurvey.co.uk/id/7000000000030022,http://data.ordnancesurvey.co.uk/ontology/admingeo/UnitaryAuthority,Scotland,http://data.ordnancesurvey.co.uk/id/7000000000041429,Scotland,http://data.ordnancesurvey.co.uk/id/country/scotland,,,
osgb4000000074757416,http://data.ordnancesurvey.co.uk/id/4000000074757416,Sgeirean Màs a' Mhill,,,,landform,Island,65694,794279,1000,800000,65444,794032,65944,794532,HS9,http://data.ordnancesurvey.co.uk/id/postcodedistrict/HS9,,,,,,,Na h-Eileanan an Iar,http://data.ordnancesurvey.co.uk/id/7000000000030022,http://data.ordnancesurvey.co.uk/ontology/admingeo/UnitaryAuthority,Scotland,http://data.ordnancesurvey.co.uk/id/7000000000041429,Scotland,http://data.ordnancesurvey.co.uk/id/country/scotland,,,
osgb4000000074758100,http://data.ordnancesurvey.co.uk/id/4000000074758100,Rubha Chàrnain,,,,landform,Coastal Headland,68370,797033,2000,750000,68134,796783,68634,797283,HS9,http://data.ordnancesurvey.co.uk/id/postcodedistrict/HS9,,,,,,,Na h-Eileanan an Iar,http://data.ordnancesurvey.co.uk/id/7000000000030022,http://data.ordnancesurvey.co.uk/ontology/admingeo/UnitaryAuthority,Scotland,http://data.ordnancesurvey.co.uk/id/7000000000041429,Scotland,http://data.ordnancesurvey.co.uk/id/country/scotland,,,
osgb4000000074614055,http://data.ordnancesurvey.co.uk/id/4000000074614055,Eilean Carragraich,,,,landform,Island,65812,796240,1000,800000,65563,795990,66063,796490,HS9,http://data.ordnancesurvey.co.uk/id/postcodedistrict/HS9,,,,,,,Na h-Eileanan an Iar,http://data.ordnancesurvey.co.uk/id/7000000000030022,http://data.ordnancesurvey.co.uk/ontology/admingeo/UnitaryAuthority,Scotland,http://data.ordnancesurvey.co.uk/id/7000000000041429,Scotland,http://data.ordnancesurvey.co.uk/id/country/scotland,,,
osgb4000000074790031,http://data.ordnancesurvey.co.uk/id/4000000074790031,Caolas Shanndraigh,,,,hydrography,Channel,61301,792669,28000,100000,61145,791509,65503,794074,HS9,http://data.ordnancesurvey.co.uk/id/postcodedistrict/HS9,,,,,,,Na h-Eileanan an Iar,http://data.ordnancesurvey.co.uk/id/7000000000030022,http://data.ordnancesurvey.co.uk/ontology/admingeo/UnitaryAuthority,Scotland,http://data.ordnancesurvey.co.uk/id/7000000000041429,Scotland,http://data.ordnancesurvey.co.uk/id/country/scotland,,,
osgb4000000074619150,http://data.ordnancesurvey.co.uk/id/4000000074619150,Beinn Ruilibreac,,,,landform,Hill Or Mountain,62470,794034,1000,300000,62220,793784,62720,794284,HS9,http://data.ordnancesurvey.co.uk/id/postcodedistrict/HS9,,,,,,,Na h-Eileanan an Iar,http://data.ordnancesurvey.co.uk/id/7000000000030022,http://data.ordnancesurvey.co.uk/ontology/admingeo/UnitaryAuthority,Scotland,http://data.ordnancesurvey.co.uk/id/7000000000041429,Scotland,http://data.ordnancesurvey.co.uk/id/country/scotland,,,
osgb4000000074758227,http://data.ordnancesurvey.co.uk/id/4000000074758227,Àird a' Chaolais,,,,landform,Coastal Headland,61424,797848,2000,750000,61175,797598,61675,798098,HS9,http://data.ordnancesurvey.co.uk/id/postcodedistrict/HS9,,,,,,,Na h-Eileanan an Iar,http://data.ordnancesurvey.co.uk/id/7000000000030022,http://data.ordnancesurvey.co.uk/ontology/admingeo/UnitaryAuthority,Scotland,http://data.ordnancesurvey.co.uk/id/7000000000041429,Scotland,http://data.ordnancesurvey.co.uk/id/country/scotland,,,
osgb4000000074345974,http://data.ordnancesurvey.co.uk/id/4000000074345974,Bàgh Bàn,,,,hydrography,Bay,65037,792235,3000,150000,64749,791973,65249,792473,HS9,http://data.ordnancesurvey.co.uk/id/postcodedistrict/HS9,,,,,,,Na h-Eileanan an Iar,http://data.ordnancesurvey.co.uk/id/7000000000030022,http://data.ordnancesurvey.co.uk/ontology/admingeo/UnitaryAuthority,Scotland,http://data.ordnancesurvey.co.uk/id/7000000000041429,Scotland,http://data.ordnancesurvey.co.uk/id/country/scotland,,,
osgb4000000074757413,http://data.ordnancesurvey.co.uk/id/4000000074757413,Rubha Mòr,,,,landform,Other Coastal Landform,69566,797355,1000,20000,69317,797109,69817,797609,HS9,http://data.ordnancesurvey.co.uk/id/postcodedistrict/HS9,,,,,,,Na h-Eileanan an Iar,http://data.ordnancesurvey.co.uk/id/7000000000030022,http://data.ordnancesurvey.co.uk/ontology/admingeo/UnitaryAuthority,Scotland,http://data.ordnancesurvey.co.uk/id/7000000000041429,Scotland,http://data.ordnancesurvey.co.uk/id/country/scotland,,,
osgb4000000074758098,http://data.ordnancesurvey.co.uk/id/4000000074758098,Cuidhir,,,,landform,Other Coastal Landform,63764,794636,1000,20000,63511,794386,64011,794886,HS9,http://data.ordnancesurvey.co.uk/id/postcodedistrict/HS9,,,,,,,Na h-Eileanan an Iar,http://data.ordnancesurvey.co.uk/id/7000000000030022,http://data.ordnancesurvey.co.uk/ontology/admingeo/UnitaryAuthority,Scotland,http://data.ordnancesurvey.co.uk/id/7000000000041429,Scotland,http://data.ordnancesurvey.co.uk/id/country/scotland,,,
osgb4000000074599439,http://data.ordnancesurvey.co.uk/id/4000000074599439,Beinn na Sgùit,,,,landform,Hill Or Mountain,62913,798610,1000,300000,62663,798360,63163,798860,HS9,http://data.ordnancesurvey.co.uk/id/postcodedistrict/HS9,,,,,,,Na h-Eileanan an Iar,http://data.ordnancesurvey.co.uk/id/7000000000030022,http://data.ordnancesurvey.co.uk/ontology/admingeo/UnitaryAuthority,Scotland,http://data.ordnancesurvey.co.uk/id/7000000000041429,Scotland,http://data.ordnancesurvey.co.uk/id/country/scotland,,,
osgb4000000074758147,http://data.ordnancesurvey.co.uk/id/4000000074758147,Ròisinis,,,,landform,Coastal Headland,61595,787251,5000,750000,61306,786712,61885,787545,HS9,http://data.ordnancesurvey.co.uk/id/postcodedistrict/HS9,,,,,,,Na h-Eileanan an Iar,http://data.ordnancesurvey.co.uk/id/7000000000030022,http://data.ordnancesurvey.co.uk/ontology/admingeo/UnitaryAuthority,Scotland,http://data.ordnancesurvey.co.uk/id/7000000000041429,Scotland,http://data.ordnancesurvey.co.uk/id/country/scotland,,,
osgb4000000074586180,http://data.ordnancesurvey.co.uk/id/4000000074586180,Orasaigh,,,,landform,Island,70667,799209,3000,800000,70417,798998,70917,799498,HS9,http://data.ordnancesurvey.co.uk/id/postcodedistrict/HS9,,,,,,,Na h-Eileanan an Iar,http://data.ordnancesurvey.co.uk/id/7000000000030022,http://data.ordnancesurvey.co.uk/ontology/admingeo/UnitaryAuthority,Scotland,http://data.ordnancesurvey.co.uk/id/7000000000041429,Scotland,http://data.ordnancesurvey.co.uk/id/country/scotland,,,
osgb4000000074790132,http://data.ordnancesurvey.co.uk/id/4000000074790132,Caolas Phabaigh,,,,hydrography,Channel,62489,789289,32000,100000,60148,786730,64826,791638,HS9,http://data.ordnancesurvey.co.uk/id/postcodedistrict/HS9,,,,,,,Na h-Eileanan an Iar,http://data.ordnancesurvey.co.uk/id/7000000000030022,http://data.ordnancesurvey.co.uk/ontology/admingeo/UnitaryAuthority,Scotland,http://data.ordnancesurvey.co.uk/id/7000000000041429,Scotland,http://data.ordnancesurvey.co.uk/id/country/scotland,,,
osgb4000000074757415,http://data.ordnancesurvey.co.uk/id/4000000074757415,Rubha a' Mhorbhuile,,,,landform,Other Coastal Landform,68445,794281,1000,50000,68195,794026,68695,794526,HS9,http://data.ordnancesurvey.co.uk/id/postcodedistrict/HS9,,,,,,,Na h-Eileanan an Iar,http://data.ordnancesurvey.co.uk/id/7000000000030022,http://data.ordnancesurvey.co.uk/ontology/admingeo/UnitaryAuthority,Scotland,http://data.ordnancesurvey.co.uk/id/7000000000041429,Scotland,http://data.ordnancesurvey.co.uk/id/country/scotland,,,
osgb4000000074790049,http://data.ordnancesurvey.co.uk/id/4000000074790049,Bàgh Bhatarsaigh,,,,hydrography,Bay,64897,795331,20000,150000,63367,794613,66497,796076,HS9,http://data.ordnancesurvey.co.uk/id/postcodedistrict/HS9,,,,,,,Na h-Eileanan an Iar,http://data.ordnancesurvey.co.uk/id/7000000000030022,http://data.ordnancesurvey.co.uk/ontology/admingeo/UnitaryAuthority,Scotland,http://data.ordnancesurvey.co.uk/id/7000000000041429,Scotland,http://data.ordnancesurvey.co.uk/id/country/scotland,,,
osgb4000000074790032,http://data.ordnancesurvey.co.uk/id/4000000074790032,Bàgh Bhrèibhig,,,,hydrography,Bay,69825,798416,8000,150000,69223,797816,70273,799038,HS9,http://data.ordnancesurvey.co.uk/id/postcodedistrict/HS9,,,,,,,Na h-Eileanan an Iar,http://data.ordnancesurvey.co.uk/id/7000000000030022,http://data.ordnancesurvey.co.uk/ontology/admingeo/UnitaryAuthority,Scotland,http://data.ordnancesurvey.co.uk/id/7000000000041429,Scotland,http://data.ordnancesurvey.co.uk/id/country/scotland,,,
osgb4000000074613642,http://data.ordnancesurvey.co.uk/id/4000000074613642,Cleite,gla,Cletta,eng,landform,Island,64718,789975,1000,800000,64468,789720,64968,790220,HS9,http://data.ordnancesurvey.co.uk/id/postcodedistrict/HS9,,,,,,,Na h-Eileanan an Iar,http://data.ordnancesurvey.co.uk/id/7000000000030022,http://data.ordnancesurvey.co.uk/ontology/admingeo/UnitaryAuthority,Scotland,http://data.ordnancesurvey.co.uk/id/7000000000041429,Scotland,http://data.ordnancesurvey.co.uk/id/country/scotland,,,
osgb4000000074586411,http://data.ordnancesurvey.co.uk/id/4000000074586411,Maol Dòmhnaich,,,,landform,Island,68878,793844,9000,800000,68391,793096,69364,794430,HS9,http://data.ordnancesurvey.co.uk/id/postcodedistrict/HS9,,,,,,,Na h-Eileanan an Iar,http://data.ordnancesurvey.co.uk/id/7000000000030022,http://data.ordnancesurvey.co.uk/ontology/admingeo/UnitaryAuthority,Scotland,http://data.ordnancesurvey.co.uk/id/7000000000041429,Scotland,http://data.ordnancesurvey.co.uk/id/country/scotland,,,
osgb4000000074790131,http://data.ordnancesurvey.co.uk/id/4000000074790131,Caolas Bhatarsaigh,,,,hydrography,Channel,64341,797428,32000,100000,61481,796118,66386,798744,HS9,http://data.ordnancesurvey.co.uk/id/postcodedistrict/HS9,,,,,,,Na h-Eileanan an Iar,http://data.ordnancesurvey.co.uk/id/7000000000030022,http://data.ordnancesurvey.co.uk/ontology/admingeo/UnitaryAuthority,Scotland,http://data.ordnancesurvey.co.uk/id/7000000000041429,Scotland,http://data.ordnancesurvey.co.uk/id/country/scotland,,,
osgb4000000074599440,http://data.ordnancesurvey.co.uk/id/4000000074599440,Beinn nan Càrnan,,,,landform,Hill Or Mountain,68264,798200,1000,300000,68014,797950,68514,798450,HS9,http://data.ordnancesurvey.co.uk/id/postcodedistrict/HS9,,,,,,,Na h-Eileanan an Iar,http://data.ordnancesurvey.co.uk/id/7000000000030022,http://data.ordnancesurvey.co.uk/ontology/admingeo/UnitaryAuthority,Scotland,http://data.ordnancesurvey.co.uk/id/7000000000041429,Scotland,http://data.ordnancesurvey.co.uk/id/country/scotland,,,
osgb4000000073301760,http://data.ordnancesurvey.co.uk/id/4000000073301760,Castlebay Community School,,,,other,"Primary Education,Secondary Education",65954,798461,1000,50000,65716,798212,66216,798712,HS9,http://data.ordnancesurvey.co.uk/id/postcodedistrict/HS9,Bàgh a'Chaisteil / Castlebay,http://data.ordnancesurvey.co.uk/id/4000000074335152,http://www.ordnancesurvey.co.uk/xml/codelists/localtype.xml#village,,,,Na h-Eileanan an Iar,http://data.ordnancesurvey.co.uk/id/7000000000030022,http://data.ordnancesurvey.co.uk/ontology/admingeo/UnitaryAuthority,Scotland,http://data.ordnancesurvey.co.uk/id/7000000000041429,Scotland,http://data.ordnancesurvey.co.uk/id/country/scotland,,,
osgb4000000074614057,http://data.ordnancesurvey.co.uk/id/4000000074614057,Sgeir Liath,,,,landform,Island,64914,797131,1000,800000,64665,796876,65165,797376,HS9,http://data.ordnancesurvey.co.uk/id/postcodedistrict/HS9,,,,,,,Na h-Eileanan an Iar,http://data.ordnancesurvey.co.uk/id/7000000000030022,http://data.ordnancesurvey.co.uk/ontology/admingeo/UnitaryAuthority,Scotland,http://data.ordnancesurvey.co.uk/id/7000000000041429,Scotland,http://data.ordnancesurvey.co.uk/id/country/scotland,,,
osgb4000000074790090,http://data.ordnancesurvey.co.uk/id/4000000074790090,Bàgh Beag,,,,hydrography,Bay,65623,797704,6000,150000,65376,797703,65876,798685,HS9,http://data.ordnancesurvey.co.uk/id/postcodedistrict/HS9,,,,,,,Na h-Eileanan an Iar,http://data.ordnancesurvey.co.uk/id/7000000000030022,http://data.ordnancesurvey.co.uk/ontology/admingeo/UnitaryAuthority,Scotland,http://data.ordnancesurvey.co.uk/id/7000000000041429,Scotland,http://data.ordnancesurvey.co.uk/id/country/scotland,,,
osgb4000000074758148,http://data.ordnancesurvey.co.uk/id/4000000074758148,Rubha a' Chàrnain,,,,landform,Coastal Headland,60550,786848,2000,750000,60300,786614,60800,787114,HS9,http://data.ordnancesurvey.co.uk/id/postcodedistrict/HS9,,,,,,,Na h-Eileanan an Iar,http://data.ordnancesurvey.co.uk/id/7000000000030022,http://data.ordnancesurvey.co.uk/ontology/admingeo/UnitaryAuthority,Scotland,http://data.ordnancesurvey.co.uk/id/7000000000041429,Scotland,http://data.ordnancesurvey.co.uk/id/country/scotland,,,
osgb4000000074767820,http://data.ordnancesurvey.co.uk/id/4000000074767820,Cnoc nan Uan,,,,landform,Hill Or Mountain,65130,798762,1000,300000,64880,798512,65380,799012,HS9,http://data.ordnancesurvey.co.uk/id/postcodedistrict/HS9,,,,,,,Na h-Eileanan an Iar,http://data.ordnancesurvey.co.uk/id/7000000000030022,http://data.ordnancesurvey.co.uk/ontology/admingeo/UnitaryAuthority,Scotland,http://data.ordnancesurvey.co.uk/id/7000000000041429,Scotland,http://data.ordnancesurvey.co.uk/id/country/scotland,,,
HS95XQ,http://data.ordnancesurvey.co.uk/id/postcodeunit/HS95XQ,HS9 5XQ,,,,other,Postcode,65991,798174,3500,18000,,,,,,,Bàgh a'Chaisteil / Castlebay,http://data.ordnancesurvey.co.uk/id/4000000074335152,http://www.ordnancesurvey.co.uk/xml/codelists/localtype.xml#village,,,,Na h-Eileanan an Iar,http://data.ordnancesurvey.co.uk/id/7000000000030022,http://data.ordnancesurvey.co.uk/ontology/admingeo/UnitaryAuthority,Scotland,http://data.ordnancesurvey.co.uk/id/7000000000041429,Scotland,http://data.ordnancesurvey.co.uk/id/country/scotland,,,
osgb4000000073304726,http://data.ordnancesurvey.co.uk/id/4000000073304726,Castlebay Ferry Terminal,,,,transportNetwork,Vehicular Ferry Terminal,66477,798187,1000,50000,66237,797966,66737,798466,HS9,http://data.ordnancesurvey.co.uk/id/postcodedistrict/HS9,,,,,,,Na h-Eileanan an Iar,http://data.ordnancesurvey.co.uk/id/7000000000030022,http://data.ordnancesurvey.co.uk/ontology/admingeo/UnitaryAuthority,Scotland,http://data.ordnancesurvey.co.uk/id/7000000000041429,Scotland,http://data.ordnancesurvey.co.uk/id/country/scotland,,,
osgb4000000074761503,http://data.ordnancesurvey.co.uk/id/4000000074761503,Àird Phabach,,,,landform,Coastal Headland,64045,790305,3000,750000,63796,790026,64296,790526,HS9,http://data.ordnancesurvey.co.uk/id/postcodedistrict/HS9,,,,,,,Na h-Eileanan an Iar,http://data.ordnancesurvey.co.uk/id/7000000000030022,http://data.ordnancesurvey.co.uk/ontology/admingeo/UnitaryAuthority,Scotland,http://data.ordnancesurvey.co.uk/id/7000000000041429,Scotland,http://data.ordnancesurvey.co.uk/id/country/scotland,,,
osgb4000000074798832,http://data.ordnancesurvey.co.uk/id/4000000074798832,Castlebay,eng,Bàgh a' Chaisteil,gla,hydrography,Bay,66703,797300,10000,150000,65391,797069,66882,798367,HS9,http://data.ordnancesurvey.co.uk/id/postcodedistrict/HS9,,,,,,,Na h-Eileanan an Iar,http://data.ordnancesurvey.co.uk/id/7000000000030022,http://data.ordnancesurvey.co.uk/ontology/admingeo/UnitaryAuthority,Scotland,http://data.ordnancesurvey.co.uk/id/7000000000041429,Scotland,http://data.ordnancesurvey.co.uk/id/country/scotland,,,
osgb4000000074788914,http://data.ordnancesurvey.co.uk/id/4000000074788914,Sloc nan Each,,,,hydrography,Tidal Water,70602,799814,1000,150000,70322,799584,70822,800084,HS9,http://data.ordnancesurvey.co.uk/id/postcodedistrict/HS9,,,,,,,Na h-Eileanan an Iar,http://data.ordnancesurvey.co.uk/id/7000000000030022,http://data.ordnancesurvey.co.uk/ontology/admingeo/UnitaryAuthority,Scotland,http://data.ordnancesurvey.co.uk/id/7000000000041429,Scotland,http://data.ordnancesurvey.co.uk/id/country/scotland,,,
HS95XE,http://data.ordnancesurvey.co.uk/id/postcodeunit/HS95XE,HS9 5XE,,,,other,Postcode,65929,798150,3500,18000,,,,,,,Bàgh a'Chaisteil / Castlebay,http://data.ordnancesurvey.co.uk/id/4000000074335152,http://www.ordnancesurvey.co.uk/xml/codelists/localtype.xml#village,,,,Na h-Eileanan an Iar,http://data.ordnancesurvey.co.uk/id/7000000000030022,http://data.ordnancesurvey.co.uk/ontology/admingeo/UnitaryAuthority,Scotland,http://data.ordnancesurvey.co.uk/id/7000000000041429,Scotland,http://data.ordnancesurvey.co.uk/id/country/scotland,,,
osgb4000000073497329,http://data.ordnancesurvey.co.uk/id/4000000073497329,Lews Castle College Barra Campus,,,,other,Higher or University Education,65824,798401,1000,50000,65574,798167,66074,798667,HS9,http://data.ordnancesurvey.co.uk/id/postcodedistrict/HS9,Bàgh a'Chaisteil / Castlebay,http://data.ordnancesurvey.co.uk/id/4000000074335152,http://www.ordnancesurvey.co.uk/xml/codelists/localtype.xml#village,,,,Na h-Eileanan an Iar,http://data.ordnancesurvey.co.uk/id/7000000000030022,http://data.ordnancesurvey.co.uk/ontology/admingeo/UnitaryAuthority,Scotland,http://data.ordnancesurvey.co.uk/id/7000000000041429,Scotland,http://data.ordnancesurvey.co.uk/id/country/scotland,,,
HS95XJ,http://data.ordnancesurvey.co.uk/id/postcodeunit/HS95XJ,HS9 5XJ,,,,other,Postcode,65803,798300,3500,18000,,,,,,,Bàgh a'Chaisteil / Castlebay,http://data.ordnancesurvey.co.uk/id/4000000074335152,http://www.ordnancesurvey.co.uk/xml/codelists/localtype.xml#village,,,,Na h-Eileanan an Iar,http://data.ordnancesurvey.co.uk/id/7000000000030022,http://data.ordnancesurvey.co.uk/ontology/admingeo/UnitaryAuthority,Scotland,http://data.ordnancesurvey.co.uk/id/7000000000041429,Scotland,http://data.ordnancesurvey.co.uk/id/country/scotland,,,
osgb4000000073304422,http://data.ordnancesurvey.co.uk/id/4000000073304422,St Brendan Home,,St Brendan Hospital,,other,"Hospital,Medical Care Accommodation",65935,797986,1000,50000,65681,797736,66181,798236,HS9,http://data.ordnancesurvey.co.uk/id/postcodedistrict/HS9,Bàgh a'Chaisteil / Castlebay,http://data.ordnancesurvey.co.uk/id/4000000074335152,http://www.ordnancesurvey.co.uk/xml/codelists/localtype.xml#village,,,,Na h-Eileanan an Iar,http://data.ordnancesurvey.co.uk/id/7000000000030022,http://data.ordnancesurvey.co.uk/ontology/admingeo/UnitaryAuthority,Scotland,http://data.ordnancesurvey.co.uk/id/7000000000041429,Scotland,http://data.ordnancesurvey.co.uk/id/country/scotland,,,
osgb4000000074570639,http://data.ordnancesurvey.co.uk/id/4000000074570639,Tangasdal,,,,populatedPlace,Other Settlement,65084,799696,15000,25000,64680,799224,65393,800780,HS9,http://data.ordnancesurvey.co.uk/id/postcodedistrict/HS9,,,,,,,Na h-Eileanan an Iar,http://data.ordnancesurvey.co.uk/id/7000000000030022,http://data.ordnancesurvey.co.uk/ontology/admingeo/UnitaryAuthority,Scotland,http://data.ordnancesurvey.co.uk/id/7000000000041429,Scotland,http://data.ordnancesurvey.co.uk/id/country/scotland,,,
osgb4000000004218906,http://data.ordnancesurvey.co.uk/id/4000000004218906,Pier Road,,Main Street,,transportNetwork,Named Road,66601,798206,1000,20000,66541,798143,66626,798272,HS9,http://data.ordnancesurvey.co.uk/id/postcodedistrict/HS9,Bàgh a'Chaisteil / Castlebay,http://data.ordnancesurvey.co.uk/id/4000000074335152,http://www.ordnancesurvey.co.uk/xml/codelists/localtype.xml#village,,,,Na h-Eileanan an Iar,http://data.ordnancesurvey.co.uk/id/7000000000030022,http://data.ordnancesurvey.co.uk/ontology/admingeo/UnitaryAuthority,Scotland,http://data.ordnancesurvey.co.uk/id/7000000000041429,Scotland,http://data.ordnancesurvey.co.uk/id/country/scotland,,,
