osgb4000000074552731,http://data.ordnancesurvey.co.uk/id/4000000074552731,Ardchiavaig,,,,populatedPlace,Other Settlement,138537,719178,15000,25000,138073,718620,139198,719435,PA67,http://data.ordnancesurvey.co.uk/id/postcodedistrict/PA67,,,,,,,Argyll and Bute,http://data.ordnancesurvey.co.uk/id/7000000000030106,http://data.ordnancesurvey.co.uk/ontology/admingeo/UnitaryAuthority,Scotland,http://data.ordnancesurvey.co.uk/id/7000000000041429,Scotland,http://data.ordnancesurvey.co.uk/id/country/scotland,,,
PA676DT,http://data.ordnancesurvey.co.uk/id/postcodeunit/PA676DT,PA67 6DT,,,,other,Postcode,138956,718740,3500,18000,,,,,,,Ardchiavaig,http://data.ordnancesurvey.co.uk/id/4000000074552731,http://www.ordnancesurvey.co.uk/xml/codelists/localtype.xml#otherSettlement,,,,Argyll and Bute,http://data.ordnancesurvey.co.uk/id/7000000000030106,http://data.ordnancesurvey.co.uk/ontology/admingeo/UnitaryAuthority,Scotland,http://data.ordnancesurvey.co.uk/id/7000000000041429,Scotland,http://data.ordnancesurvey.co.uk/id/country/scotland,,,
PA676DS,http://data.ordnancesurvey.co.uk/id/postcodeunit/PA676DS,PA67 6DS,,,,other,Postcode,138779,719354,3500,18000,,,,,,,Ardchiavaig,http://data.ordnancesurvey.co.uk/id/4000000074552731,http://www.ordnancesurvey.co.uk/xml/codelists/localtype.xml#otherSettlement,,,,Argyll and Bute,http://data.ordnancesurvey.co.uk/id/7000000000030106,http://data.ordnancesurvey.co.uk/ontology/admingeo/UnitaryAuthority,Scotland,http://data.ordnancesurvey.co.uk/id/7000000000041429,Scotland,http://data.ordnancesurvey.co.uk/id/country/scotland,,,
PA676DR,http://data.ordnancesurvey.co.uk/id/postcodeunit/PA676DR,PA67 6DR,,,,other,Postcode,137057,719181,3500,18000,,,,,,,,,,,,,Argyll and Bute,http://data.ordnancesurvey.co.uk/id/7000000000030106,http://data.ordnancesurvey.co.uk/ontology/admingeo/UnitaryAuthority,Scotland,http://data.ordnancesurvey.co.uk/id/7000000000041429,Scotland,http://data.ordnancesurvey.co.uk/id/country/scotland,,,
osgb4000000074786412,http://data.ordnancesurvey.co.uk/id/4000000074786412,Poll Chaluim Cheard,,,,hydrography,Channel,128863,719690,2000,100000,128579,719441,129079,719941,PA66,http://data.ordnancesurvey.co.uk/id/postcodedistrict/PA66,,,,,,,Argyll and Bute,http://data.ordnancesurvey.co.uk/id/7000000000030106,http://data.ordnancesurvey.co.uk/ontology/admingeo/UnitaryAuthority,Scotland,http://data.ordnancesurvey.co.uk/id/7000000000041429,Scotland,http://data.ordnancesurvey.co.uk/id/country/scotland,,,
osgb4000000074750744,http://data.ordnancesurvey.co.uk/id/4000000074750744,McPhail's Anvil,,,,landform,Island,126718,713498,1000,800000,126469,713245,126969,713745,PA66,http://data.ordnancesurvey.co.uk/id/postcodedistrict/PA66,,,,,,,Argyll and Bute,http://data.ordnancesurvey.co.uk/id/7000000000030106,http://data.ordnancesurvey.co.uk/ontology/admingeo/UnitaryAuthority,Scotland,http://data.ordnancesurvey.co.uk/id/7000000000041429,Scotland,http://data.ordnancesurvey.co.uk/id/country/scotland,,,
osgb4000000074606967,http://data.ordnancesurvey.co.uk/id/4000000074606967,Soa Island,,,,landform,Island,124435,719189,5000,800000,123945,718898,124648,719480,PA76,http://data.ordnancesurvey.co.uk/id/postcodedistrict/PA76,,,,,,,Argyll and Bute,http://data.ordnancesurvey.co.uk/id/7000000000030106,http://data.ordnancesurvey.co.uk/ontology/admingeo/UnitaryAuthority,Scotland,http://data.ordnancesurvey.co.uk/id/7000000000041429,Scotland,http://data.ordnancesurvey.co.uk/id/country/scotland,,,
osgb4000000074785919,http://data.ordnancesurvey.co.uk/id/4000000074785919,Caolas Gorm,,,,hydrography,Channel,138456,718121,1000,100000,138206,717902,138706,718402,PA67,http://data.ordnancesurvey.co.uk/id/postcodedistrict/PA67,,,,,,,Argyll and Bute,http://data.ordnancesurvey.co.uk/id/7000000000030106,http://data.ordnancesurvey.co.uk/ontology/admingeo/UnitaryAuthority,Scotland,http://data.ordnancesurvey.co.uk/id/7000000000041429,Scotland,http://data.ordnancesurvey.co.uk/id/country/scotland,,,
osgb4000000074594580,http://data.ordnancesurvey.co.uk/id/4000000074594580,Glac Ròineach,,,,landform,Hill Or Mountain,133607,719086,1000,300000,133357,718836,133857,719336,PA66,http://data.ordnancesurvey.co.uk/id/postcodedistrict/PA66,,,,,,,Argyll and Bute,http://data.ordnancesurvey.co.uk/id/7000000000030106,http://data.ordnancesurvey.co.uk/ontology/admingeo/UnitaryAuthority,Scotland,http://data.ordnancesurvey.co.uk/id/7000000000041429,Scotland,http://data.ordnancesurvey.co.uk/id/country/scotland,,,
osgb4000000074786181,http://data.ordnancesurvey.co.uk/id/4000000074786181,Port na h-Uillinn,,,,hydrography,Tidal Water,136990,718466,1000,150000,136741,718242,137241,718742,PA67,http://data.ordnancesurvey.co.uk/id/postcodedistrict/PA67,,,,,,,Argyll and Bute,http://data.ordnancesurvey.co.uk/id/7000000000030106,http://data.ordnancesurvey.co.uk/ontology/admingeo/UnitaryAuthority,Scotland,http://data.ordnancesurvey.co.uk/id/7000000000041429,Scotland,http://data.ordnancesurvey.co.uk/id/country/scotland,,,
osgb4000000074606963,http://data.ordnancesurvey.co.uk/id/4000000074606963,Erraid,,,,landform,Island,129711,719795,13000,800000,128704,718780,130718,720671,PA66,http://data.ordnancesurvey.co.uk/id/postcodedistrict/PA66,,,,,,,Argyll and Bute,http://data.ordnancesurvey.co.uk/id/7000000000030106,http://data.ordnancesurvey.co.uk/ontology/admingeo/UnitaryAuthority,Scotland,http://data.ordnancesurvey.co.uk/id/7000000000041429,Scotland,http://data.ordnancesurvey.co.uk/id/country/scotland,,,
osgb4000000074779779,http://data.ordnancesurvey.co.uk/id/4000000074779779,Cnoc na Leim-geilte,,,,landform,Hill Or Mountain,138610,718629,1000,300000,138360,718379,138860,718879,PA67,http://data.ordnancesurvey.co.uk/id/postcodedistrict/PA67,,,,,,,Argyll and Bute,http://data.ordnancesurvey.co.uk/id/7000000000030106,http://data.ordnancesurvey.co.uk/ontology/admingeo/UnitaryAuthority,Scotland,http://data.ordnancesurvey.co.uk/id/7000000000041429,Scotland,http://data.ordnancesurvey.co.uk/id/country/scotland,,,
osgb4000000074786411,http://data.ordnancesurvey.co.uk/id/4000000074786411,Port nam Barrachan,,,,hydrography,Tidal Water,129150,719947,2000,150000,128898,719674,129398,720174,PA66,http://data.ordnancesurvey.co.uk/id/postcodedistrict/PA66,,,,,,,Argyll and Bute,http://data.ordnancesurvey.co.uk/id/7000000000030106,http://data.ordnancesurvey.co.uk/ontology/admingeo/UnitaryAuthority,Scotland,http://data.ordnancesurvey.co.uk/id/7000000000041429,Scotland,http://data.ordnancesurvey.co.uk/id/country/scotland,,,
osgb4000000074606968,http://data.ordnancesurvey.co.uk/id/4000000074606968,Glas Eilean,,,,landform,Island,124193,719453,1000,800000,123943,719193,124443,719693,PA76,http://data.ordnancesurvey.co.uk/id/postcodedistrict/PA76,,,,,,,Argyll and Bute,http://data.ordnancesurvey.co.uk/id/7000000000030106,http://data.ordnancesurvey.co.uk/ontology/admingeo/UnitaryAuthority,Scotland,http://data.ordnancesurvey.co.uk/id/7000000000041429,Scotland,http://data.ordnancesurvey.co.uk/id/country/scotland,,,
osgb4000000074750660,http://data.ordnancesurvey.co.uk/id/4000000074750660,Àird Dhughaill,,,,landform,Coastal Headland,134610,717185,7000,750000,133967,716891,135082,717479,PA67,http://data.ordnancesurvey.co.uk/id/postcodedistrict/PA67,,,,,,,Argyll and Bute,http://data.ordnancesurvey.co.uk/id/7000000000030106,http://data.ordnancesurvey.co.uk/ontology/admingeo/UnitaryAuthority,Scotland,http://data.ordnancesurvey.co.uk/id/7000000000041429,Scotland,http://data.ordnancesurvey.co.uk/id/country/scotland,,,
osgb4000000074786182,http://data.ordnancesurvey.co.uk/id/4000000074786182,Port na Bà Bàine,,,,hydrography,Tidal Water,134184,717059,1000,150000,133944,716823,134444,717323,PA67,http://data.ordnancesurvey.co.uk/id/postcodedistrict/PA67,,,,,,,Argyll and Bute,http://data.ordnancesurvey.co.uk/id/7000000000030106,http://data.ordnancesurvey.co.uk/ontology/admingeo/UnitaryAuthority,Scotland,http://data.ordnancesurvey.co.uk/id/7000000000041429,Scotland,http://data.ordnancesurvey.co.uk/id/country/scotland,,,
osgb4000000074604390,http://data.ordnancesurvey.co.uk/id/4000000074604390,Eilean a' Chalmain,,,,landform,Island,130796,717472,6000,800000,130360,717176,131225,717768,PA66,http://data.ordnancesurvey.co.uk/id/postcodedistrict/PA66,,,,,,,Argyll and Bute,http://data.ordnancesurvey.co.uk/id/7000000000030106,http://data.ordnancesurvey.co.uk/ontology/admingeo/UnitaryAuthority,Scotland,http://data.ordnancesurvey.co.uk/id/7000000000041429,Scotland,http://data.ordnancesurvey.co.uk/id/country/scotland,,,
osgb4000000074796136,http://data.ordnancesurvey.co.uk/id/4000000074796136,Linne nan Ribheid,,,,hydrography,Inland Water,132925,719645,1000,500000,132676,719397,133176,719897,PA66,http://data.ordnancesurvey.co.uk/id/postcodedistrict/PA66,,,,,,,Argyll and Bute,http://data.ordnancesurvey.co.uk/id/7000000000030106,http://data.ordnancesurvey.co.uk/ontology/admingeo/UnitaryAuthority,Scotland,http://data.ordnancesurvey.co.uk/id/7000000000041429,Scotland,http://data.ordnancesurvey.co.uk/id/country/scotland,,,
osgb4000000074784546,http://data.ordnancesurvey.co.uk/id/4000000074784546,Caolas Bàn,,,,hydrography,Channel,139468,718521,1000,100000,139252,718331,139752,718831,PA67,http://data.ordnancesurvey.co.uk/id/postcodedistrict/PA67,,,,,,,Argyll and Bute,http://data.ordnancesurvey.co.uk/id/7000000000030106,http://data.ordnancesurvey.co.uk/ontology/admingeo/UnitaryAuthority,Scotland,http://data.ordnancesurvey.co.uk/id/7000000000041429,Scotland,http://data.ordnancesurvey.co.uk/id/country/scotland,,,
osgb4000000074751433,http://data.ordnancesurvey.co.uk/id/4000000074751433,Carraig an Aba,,,,landform,Other Coastal Landform,139048,718363,1000,50000,138799,718114,139299,718614,PA67,http://data.ordnancesurvey.co.uk/id/postcodedistrict/PA67,,,,,,,Argyll and Bute,http://data.ordnancesurvey.co.uk/id/7000000000030106,http://data.ordnancesurvey.co.uk/ontology/admingeo/UnitaryAuthority,Scotland,http://data.ordnancesurvey.co.uk/id/7000000000041429,Scotland,http://data.ordnancesurvey.co.uk/id/country/scotland,,,
osgb4000000074779810,http://data.ordnancesurvey.co.uk/id/4000000074779810,Cnoc an t-Sionnaich,,,,landform,Hill Or Mountain,136713,718997,1000,300000,136463,718747,136963,719247,PA67,http://data.ordnancesurvey.co.uk/id/postcodedistrict/PA67,,,,,,,Argyll and Bute,http://data.ordnancesurvey.co.uk/id/7000000000030106,http://data.ordnancesurvey.co.uk/ontology/admingeo/UnitaryAuthority,Scotland,http://data.ordnancesurvey.co.uk/id/7000000000041429,Scotland,http://data.ordnancesurvey.co.uk/id/country/scotland,,,
osgb4000000074786251,http://data.ordnancesurvey.co.uk/id/4000000074786251,Tràigh a' Mhill,,,,hydrography,Bay,131226,718436,2000,150000,130962,718214,131462,718714,PA66,http://data.ordnancesurvey.co.uk/id/postcodedistrict/PA66,,,,,,,Argyll and Bute,http://data.ordnancesurvey.co.uk/id/7000000000030106,http://data.ordnancesurvey.co.uk/ontology/admingeo/UnitaryAuthority,Scotland,http://data.ordnancesurvey.co.uk/id/7000000000041429,Scotland,http://data.ordnancesurvey.co.uk/id/country/scotland,,,
osgb4000000074748094,http://data.ordnancesurvey.co.uk/id/4000000074748094,Clachan Meanbh,,,,landcover,Beach,137276,718605,3000,100000,136999,718355,137499,718855,PA67,http://data.ordnancesurvey.co.uk/id/postcodedistrict/PA67,,,,,,,Argyll and Bute,http://data.ordnancesurvey.co.uk/id/7000000000030106,http://data.ordnancesurvey.co.uk/ontology/admingeo/UnitaryAuthority,Scotland,http://data.ordnancesurvey.co.uk/id/7000000000041429,Scotland,http://data.ordnancesurvey.co.uk/id/country/scotland,,,
osgb4000000074606957,http://data.ordnancesurvey.co.uk/id/4000000074606957,Eilean Mòr,,,,landform,Island,134242,716788,3000,800000,133992,716533,134492,717033,PA67,http://data.ordnancesurvey.co.uk/id/postcodedistrict/PA67,,,,,,,Argyll and Bute,http://data.ordnancesurvey.co.uk/id/7000000000030106,http://data.ordnancesurvey.co.uk/ontology/admingeo/UnitaryAuthority,Scotland,http://data.ordnancesurvey.co.uk/id/7000000000041429,Scotland,http://data.ordnancesurvey.co.uk/id/country/scotland,,,
osgb4000000074606962,http://data.ordnancesurvey.co.uk/id/4000000074606962,Eilean nam Muc,,,,landform,Island,128260,719188,3000,800000,128010,718975,128510,719479,PA66,http://data.ordnancesurvey.co.uk/id/postcodedistrict/PA66,,,,,,,Argyll and Bute,http://data.ordnancesurvey.co.uk/id/7000000000030106,http://data.ordnancesurvey.co.uk/ontology/admingeo/UnitaryAuthority,Scotland,http://data.ordnancesurvey.co.uk/id/7000000000041429,Scotland,http://data.ordnancesurvey.co.uk/id/country/scotland,,,
osgb4000000074785921,http://data.ordnancesurvey.co.uk/id/4000000074785921,Slochd Cairistine,,,,hydrography,Tidal Water,138808,718392,1000,150000,138565,718186,139065,718686,PA67,http://data.ordnancesurvey.co.uk/id/postcodedistrict/PA67,,,,,,,Argyll and Bute,http://data.ordnancesurvey.co.uk/id/7000000000030106,http://data.ordnancesurvey.co.uk/ontology/admingeo/UnitaryAuthority,Scotland,http://data.ordnancesurvey.co.uk/id/7000000000041429,Scotland,http://data.ordnancesurvey.co.uk/id/country/scotland,,,
osgb4000000074606961,http://data.ordnancesurvey.co.uk/id/4000000074606961,Eilean nan Griogag,,,,landform,Island,130687,719151,1000,800000,130437,718901,130937,719401,PA66,http://data.ordnancesurvey.co.uk/id/postcodedistrict/PA66,,,,,,,Argyll and Bute,http://data.ordnancesurvey.co.uk/id/7000000000030106,http://data.ordnancesurvey.co.uk/ontology/admingeo/UnitaryAuthority,Scotland,http://data.ordnancesurvey.co.uk/id/7000000000041429,Scotland,http://data.ordnancesurvey.co.uk/id/country/scotland,,,
osgb4000000074780191,http://data.ordnancesurvey.co.uk/id/4000000074780191,Cnoc na Caorach,,,,landform,Hill Or Mountain,138511,719838,1000,300000,138261,719588,138761,720088,PA67,http://data.ordnancesurvey.co.uk/id/postcodedistrict/PA67,,,,,,,Argyll and Bute,http://data.ordnancesurvey.co.uk/id/7000000000030106,http://data.ordnancesurvey.co.uk/ontology/admingeo/UnitaryAuthority,Scotland,http://data.ordnancesurvey.co.uk/id/7000000000041429,Scotland,http://data.ordnancesurvey.co.uk/id/country/scotland,,,
osgb4000000074603466,http://data.ordnancesurvey.co.uk/id/4000000074603466,Sgeir Dhoirbh,,,,landform,Island,128437,711300,1000,800000,128185,711051,128685,711551,PA66,http://data.ordnancesurvey.co.uk/id/postcodedistrict/PA66,,,,,,,Argyll and Bute,http://data.ordnancesurvey.co.uk/id/7000000000030106,http://data.ordnancesurvey.co.uk/ontology/admingeo/UnitaryAuthority,Scotland,http://data.ordnancesurvey.co.uk/id/7000000000041429,Scotland,http://data.ordnancesurvey.co.uk/id/country/scotland,,,
osgb4000000074586188,http://data.ordnancesurvey.co.uk/id/4000000074586188,Na Minn,,,,landform,Other Coastal Landform,138369,718090,1000,50000,138170,717841,138670,718341,PA67,http://data.ordnancesurvey.co.uk/id/postcodedistrict/PA67,,,,,,,Argyll and Bute,http://data.ordnancesurvey.co.uk/id/7000000000030106,http://data.ordnancesurvey.co.uk/ontology/admingeo/UnitaryAuthority,Scotland,http://data.ordnancesurvey.co.uk/id/7000000000041429,Scotland,http://data.ordnancesurvey.co.uk/id/country/scotland,,,
osgb4000000074779775,http://data.ordnancesurvey.co.uk/id/4000000074779775,Cnoc à Chana,,,,landform,Hill Or Mountain,137086,719499,1000,300000,136836,719249,137336,719749,PA67,http://data.ordnancesurvey.co.uk/id/postcodedistrict/PA67,,,,,,,Argyll and Bute,http://data.ordnancesurvey.co.uk/id/7000000000030106,http://data.ordnancesurvey.co.uk/ontology/admingeo/UnitaryAuthority,Scotland,http://data.ordnancesurvey.co.uk/id/7000000000041429,Scotland,http://data.ordnancesurvey.co.uk/id/country/scotland,,,
osgb4000000074750742,http://data.ordnancesurvey.co.uk/id/4000000074750742,Rubha nam Maol Mòra,,,,landform,Coastal Headland,133510,716928,11000,750000,132207,716624,133854,717233,PA67,http://data.ordnancesurvey.co.uk/id/postcodedistrict/PA67,,,,,,,Argyll and Bute,http://data.ordnancesurvey.co.uk/id/7000000000030106,http://data.ordnancesurvey.co.uk/ontology/admingeo/UnitaryAuthority,Scotland,http://data.ordnancesurvey.co.uk/id/7000000000041429,Scotland,http://data.ordnancesurvey.co.uk/id/country/scotland,,,
osgb4000000074750659,http://data.ordnancesurvey.co.uk/id/4000000074750659,A' Bhualaidh,,,,landform,Other Coastal Landform,136800,718082,1000,20000,136550,717889,137050,718389,PA67,http://data.ordnancesurvey.co.uk/id/postcodedistrict/PA67,,,,,,,Argyll and Bute,http://data.ordnancesurvey.co.uk/id/7000000000030106,http://data.ordnancesurvey.co.uk/ontology/admingeo/UnitaryAuthority,Scotland,http://data.ordnancesurvey.co.uk/id/7000000000041429,Scotland,http://data.ordnancesurvey.co.uk/id/country/scotland,,,
osgb4000000074786219,http://data.ordnancesurvey.co.uk/id/4000000074786219,Port nan Ròn,,,,hydrography,Tidal Water,131963,718663,1000,150000,131706,718441,132206,718941,PA66,http://data.ordnancesurvey.co.uk/id/postcodedistrict/PA66,,,,,,,Argyll and Bute,http://data.ordnancesurvey.co.uk/id/7000000000030106,http://data.ordnancesurvey.co.uk/ontology/admingeo/UnitaryAuthority,Scotland,http://data.ordnancesurvey.co.uk/id/7000000000041429,Scotland,http://data.ordnancesurvey.co.uk/id/country/scotland,,,
osgb4000000074588849,http://data.ordnancesurvey.co.uk/id/4000000074588849,Eilean a' Chrochaire,,,,landform,Island,130305,718984,1000,800000,130055,718741,130555,719241,PA66,http://data.ordnancesurvey.co.uk/id/postcodedistrict/PA66,,,,,,,Argyll and Bute,http://data.ordnancesurvey.co.uk/id/7000000000030106,http://data.ordnancesurvey.co.uk/ontology/admingeo/UnitaryAuthority,Scotland,http://data.ordnancesurvey.co.uk/id/7000000000041429,Scotland,http://data.ordnancesurvey.co.uk/id/country/scotland,,,
osgb4000000074815837,http://data.ordnancesurvey.co.uk/id/4000000074815837,Beinn a' Bhearnais,,,,landform,Hill Or Mountain,136003,719287,1000,300000,135753,719037,136253,719537,PA67,http://data.ordnancesurvey.co.uk/id/postcodedistrict/PA67,,,,,,,Argyll and Bute,http://data.ordnancesurvey.co.uk/id/7000000000030106,http://data.ordnancesurvey.co.uk/ontology/admingeo/UnitaryAuthority,Scotland,http://data.ordnancesurvey.co.uk/id/7000000000041429,Scotland,http://data.ordnancesurvey.co.uk/id/country/scotland,,,
osgb4000000074604395,http://data.ordnancesurvey.co.uk/id/4000000074604395,Sgeir a' Chobhain,,,,landform,Group Of Islands,128493,719951,2000,3000000,128243,719700,128743,720200,PA66,http://data.ordnancesurvey.co.uk/id/postcodedistrict/PA66,,,,,,,Argyll and Bute,http://data.ordnancesurvey.co.uk/id/7000000000030106,http://data.ordnancesurvey.co.uk/ontology/admingeo/UnitaryAuthority,Scotland,http://data.ordnancesurvey.co.uk/id/7000000000041429,Scotland,http://data.ordnancesurvey.co.uk/id/country/scotland,,,
osgb4000000074786366,http://data.ordnancesurvey.co.uk/id/4000000074786366,Laimhrig nan Draoidhean,,,,hydrography,Tidal Water,130931,719606,1000,150000,130693,719371,131193,719871,PA66,http://data.ordnancesurvey.co.uk/id/postcodedistrict/PA66,,,,,,,Argyll and Bute,http://data.ordnancesurvey.co.uk/id/7000000000030106,http://data.ordnancesurvey.co.uk/ontology/admingeo/UnitaryAuthority,Scotland,http://data.ordnancesurvey.co.uk/id/7000000000041429,Scotland,http://data.ordnancesurvey.co.uk/id/country/scotland,,,
osgb4000000074588768,http://data.ordnancesurvey.co.uk/id/4000000074588768,Eilean Faoileann a' Chlachanaich,,,,landform,Island,136367,716675,1000,800000,136118,716440,136618,716940,PA67,http://data.ordnancesurvey.co.uk/id/postcodedistrict/PA67,,,,,,,Argyll and Bute,http://data.ordnancesurvey.co.uk/id/7000000000030106,http://data.ordnancesurvey.co.uk/ontology/admingeo/UnitaryAuthority,Scotland,http://data.ordnancesurvey.co.uk/id/7000000000041429,Scotland,http://data.ordnancesurvey.co.uk/id/country/scotland,,,
osgb4000000074786139,http://data.ordnancesurvey.co.uk/id/4000000074786139,Port Mòr nan Ròn,,,,hydrography,Tidal Water,135798,716956,1000,150000,135556,716715,136056,717215,PA67,http://data.ordnancesurvey.co.uk/id/postcodedistrict/PA67,,,,,,,Argyll and Bute,http://data.ordnancesurvey.co.uk/id/7000000000030106,http://data.ordnancesurvey.co.uk/ontology/admingeo/UnitaryAuthority,Scotland,http://data.ordnancesurvey.co.uk/id/7000000000041429,Scotland,http://data.ordnancesurvey.co.uk/id/country/scotland,,,
osgb4000000074603900,http://data.ordnancesurvey.co.uk/id/4000000074603900,Cùl Eilean,,,,landform,Island,139418,718321,1000,800000,139168,718071,139668,718571,PA67,http://data.ordnancesurvey.co.uk/id/postcodedistrict/PA67,,,,,,,Argyll and Bute,http://data.ordnancesurvey.co.uk/id/7000000000030106,http://data.ordnancesurvey.co.uk/ontology/admingeo/UnitaryAuthority,Scotland,http://data.ordnancesurvey.co.uk/id/7000000000041429,Scotland,http://data.ordnancesurvey.co.uk/id/country/scotland,,,
osgb4000000074785093,http://data.ordnancesurvey.co.uk/id/4000000074785093,Slochd Mhi Chriscain,,,,hydrography,Bay,139745,718727,2000,150000,139495,718465,139995,718965,PA67,http://data.ordnancesurvey.co.uk/id/postcodedistrict/PA67,,,,,,,Argyll and Bute,http://data.ordnancesurvey.co.uk/id/7000000000030106,http://data.ordnancesurvey.co.uk/ontology/admingeo/UnitaryAuthority,Scotland,http://data.ordnancesurvey.co.uk/id/7000000000041429,Scotland,http://data.ordnancesurvey.co.uk/id/country/scotland,,,
osgb4000000074604749,http://data.ordnancesurvey.co.uk/id/4000000074604749,Sgeir na Bualaidh,,,,landform,Island,136920,717886,1000,800000,136670,717639,137170,718139,PA67,http://data.ordnancesurvey.co.uk/id/postcodedistrict/PA67,,,,,,,Argyll and Bute,http://data.ordnancesurvey.co.uk/id/7000000000030106,http://data.ordnancesurvey.co.uk/ontology/admingeo/UnitaryAuthority,Scotland,http://data.ordnancesurvey.co.uk/id/7000000000041429,Scotland,http://data.ordnancesurvey.co.uk/id/country/scotland,,,
osgb4000000074780228,http://data.ordnancesurvey.co.uk/id/4000000074780228,Glac a' Bhàird,,,,landform,Valley,137894,719288,3000,800000,137654,719038,138154,719538,PA67,http://data.ordnancesurvey.co.uk/id/postcodedistrict/PA67,,,,,,,Argyll and Bute,http://data.ordnancesurvey.co.uk/id/7000000000030106,http://data.ordnancesurvey.co.uk/ontology/admingeo/UnitaryAuthority,Scotland,http://data.ordnancesurvey.co.uk/id/7000000000041429,Scotland,http://data.ordnancesurvey.co.uk/id/country/scotland,,,
osgb4000000074604324,http://data.ordnancesurvey.co.uk/id/4000000074604324,Eilean nan Gibneach,,,,landform,Island,139861,718747,1000,800000,139593,718497,140093,718997,PA67,http://data.ordnancesurvey.co.uk/id/postcodedistrict/PA67,,,,,,,Argyll and Bute,http://data.ordnancesurvey.co.uk/id/7000000000030106,http://data.ordnancesurvey.co.uk/ontology/admingeo/UnitaryAuthority,Scotland,http://data.ordnancesurvey.co.uk/id/7000000000041429,Scotland,http://data.ordnancesurvey.co.uk/id/country/scotland,,,
osgb4000000074796090,http://data.ordnancesurvey.co.uk/id/4000000074796090,Loch an Sgàlain,,,,hydrography,Inland Water,134622,719059,1000,500000,134375,718809,134875,719309,PA67,http://data.ordnancesurvey.co.uk/id/postcodedistrict/PA67,,,,,,,Argyll and Bute,http://data.ordnancesurvey.co.uk/id/7000000000030106,http://data.ordnancesurvey.co.uk/ontology/admingeo/UnitaryAuthority,Scotland,http://data.ordnancesurvey.co.uk/id/7000000000041429,Scotland,http://data.ordnancesurvey.co.uk/id/country/scotland,,,
osgb4000000074785920,http://data.ordnancesurvey.co.uk/id/4000000074785920,Slochd nam Bà,,,,hydrography,Tidal Water,138447,718289,1000,150000,138234,718089,138734,718589,PA67,http://data.ordnancesurvey.co.uk/id/postcodedistrict/PA67,,,,,,,Argyll and Bute,http://data.ordnancesurvey.co.uk/id/7000000000030106,http://data.ordnancesurvey.co.uk/ontology/admingeo/UnitaryAuthority,Scotland,http://data.ordnancesurvey.co.uk/id/7000000000041429,Scotland,http://data.ordnancesurvey.co.uk/id/country/scotland,,,
osgb4000000074796050,http://data.ordnancesurvey.co.uk/id/4000000074796050,Loch Mòr Ardalanish,,,,hydrography,Inland Water,136333,719153,1000,500000,136084,718902,136584,719402,PA67,http://data.ordnancesurvey.co.uk/id/postcodedistrict/PA67,,,,,,,Argyll and Bute,http://data.ordnancesurvey.co.uk/id/7000000000030106,http://data.ordnancesurvey.co.uk/ontology/admingeo/UnitaryAuthority,Scotland,http://data.ordnancesurvey.co.uk/id/7000000000041429,Scotland,http://data.ordnancesurvey.co.uk/id/country/scotland,,,
osgb4000000074794424,http://data.ordnancesurvey.co.uk/id/4000000074794424,Tràigh Gheal,,,,hydrography,Tidal Water,129332,719286,1000,150000,129082,719036,129582,719536,PA66,http://data.ordnancesurvey.co.uk/id/postcodedistrict/PA66,,,,,,,Argyll and Bute,http://data.ordnancesurvey.co.uk/id/7000000000030106,http://data.ordnancesurvey.co.uk/ontology/admingeo/UnitaryAuthority,Scotland,http://data.ordnancesurvey.co.uk/id/7000000000041429,Scotland,http://data.ordnancesurvey.co.uk/id/country/scotland,,,
osgb4000000074780042,http://data.ordnancesurvey.co.uk/id/4000000074780042,Cnoc a' Chàil,,,,landform,Hill Or Mountain,136242,717118,1000,300000,135992,716868,136492,717368,PA67,http://data.ordnancesurvey.co.uk/id/postcodedistrict/PA67,,,,,,,Argyll and Bute,http://data.ordnancesurvey.co.uk/id/7000000000030106,http://data.ordnancesurvey.co.uk/ontology/admingeo/UnitaryAuthority,Scotland,http://data.ordnancesurvey.co.uk/id/7000000000041429,Scotland,http://data.ordnancesurvey.co.uk/id/country/scotland,,,
osgb4000000074606951,http://data.ordnancesurvey.co.uk/id/4000000074606951,Eilean an Aba,,,,landform,Island,138914,718266,1000,800000,138664,718019,139164,718519,PA67,http://data.ordnancesurvey.co.uk/id/postcodedistrict/PA67,,,,,,,Argyll and Bute,http://data.ordnancesurvey.co.uk/id/7000000000030106,http://data.ordnancesurvey.co.uk/ontology/admingeo/UnitaryAuthority,Scotland,http://data.ordnancesurvey.co.uk/id/7000000000041429,Scotland,http://data.ordnancesurvey.co.uk/id/country/scotland,,,
osgb4000000074750743,http://data.ordnancesurvey.co.uk/id/4000000074750743,Rubha Tìr Chille,,,,landform,Other Coastal Landform,132274,718139,1000,20000,132025,717889,132525,718389,PA66,http://data.ordnancesurvey.co.uk/id/postcodedistrict/PA66,,,,,,,Argyll and Bute,http://data.ordnancesurvey.co.uk/id/7000000000030106,http://data.ordnancesurvey.co.uk/ontology/admingeo/UnitaryAuthority,Scotland,http://data.ordnancesurvey.co.uk/id/7000000000041429,Scotland,http://data.ordnancesurvey.co.uk/id/country/scotland,,,
osgb4000000074603621,http://data.ordnancesurvey.co.uk/id/4000000074603621,Knocknafenaig,,,,landform,Hill Or Mountain,136424,719856,1000,300000,136174,719606,136674,720106,PA67,http://data.ordnancesurvey.co.uk/id/postcodedistrict/PA67,,,,,,,Argyll and Bute,http://data.ordnancesurvey.co.uk/id/7000000000030106,http://data.ordnancesurvey.co.uk/ontology/admingeo/UnitaryAuthority,Scotland,http://data.ordnancesurvey.co.uk/id/7000000000041429,Scotland,http://data.ordnancesurvey.co.uk/id/country/scotland,,,
osgb4000000074591784,http://data.ordnancesurvey.co.uk/id/4000000074591784,Beinn a' Chaol-airigh,,,,landform,Hill Or Mountain,135504,718460,1000,300000,135254,718210,135754,718710,PA67,http://data.ordnancesurvey.co.uk/id/postcodedistrict/PA67,,,,,,,Argyll and Bute,http://data.ordnancesurvey.co.uk/id/7000000000030106,http://data.ordnancesurvey.co.uk/ontology/admingeo/UnitaryAuthority,Scotland,http://data.ordnancesurvey.co.uk/id/7000000000041429,Scotland,http://data.ordnancesurvey.co.uk/id/country/scotland,,,
osgb4000000074786183,http://data.ordnancesurvey.co.uk/id/4000000074786183,Lochan an t-Sàile,,,,hydrography,Tidal Water,133127,716910,2000,150000,132875,716720,133375,717220,PA66,http://data.ordnancesurvey.co.uk/id/postcodedistrict/PA66,,,,,,,Argyll and Bute,http://data.ordnancesurvey.co.uk/id/7000000000030106,http://data.ordnancesurvey.co.uk/ontology/admingeo/UnitaryAuthority,Scotland,http://data.ordnancesurvey.co.uk/id/7000000000041429,Scotland,http://data.ordnancesurvey.co.uk/id/country/scotland,,,
osgb4000000074586178,http://data.ordnancesurvey.co.uk/id/4000000074586178,Eilean Dubh,,,,landform,Island,130552,718439,3000,800000,130302,718194,130802,718694,PA66,http://data.ordnancesurvey.co.uk/id/postcodedistrict/PA66,,,,,,,Argyll and Bute,http://data.ordnancesurvey.co.uk/id/7000000000030106,http://data.ordnancesurvey.co.uk/ontology/admingeo/UnitaryAuthority,Scotland,http://data.ordnancesurvey.co.uk/id/7000000000041429,Scotland,http://data.ordnancesurvey.co.uk/id/country/scotland,,,
osgb4000000074604327,http://data.ordnancesurvey.co.uk/id/4000000074604327,White's Rock,,,,landform,Island,135432,716306,1000,800000,135183,716055,135683,716555,PA67,http://data.ordnancesurvey.co.uk/id/postcodedistrict/PA67,,,,,,,Argyll and Bute,http://data.ordnancesurvey.co.uk/id/7000000000030106,http://data.ordnancesurvey.co.uk/ontology/admingeo/UnitaryAuthority,Scotland,http://data.ordnancesurvey.co.uk/id/7000000000041429,Scotland,http://data.ordnancesurvey.co.uk/id/country/scotland,,,
osgb4000000074751436,http://data.ordnancesurvey.co.uk/id/4000000074751436,West Reef,,,,landform,Other Coastal Landform,124057,713827,6000,50000,123616,713520,124604,714134,PA66,http://data.ordnancesurvey.co.uk/id/postcodedistrict/PA66,,,,,,,Argyll and Bute,http://data.ordnancesurvey.co.uk/id/7000000000030106,http://data.ordnancesurvey.co.uk/ontology/admingeo/UnitaryAuthority,Scotland,http://data.ordnancesurvey.co.uk/id/7000000000041429,Scotland,http://data.ordnancesurvey.co.uk/id/country/scotland,,,
osgb4000000074748012,http://data.ordnancesurvey.co.uk/id/4000000074748012,Am Braoisgeach,,,,landform,Other Coastal Landform,139204,718488,2000,50000,138954,718233,139454,718733,PA67,http://data.ordnancesurvey.co.uk/id/postcodedistrict/PA67,,,,,,,Argyll and Bute,http://data.ordnancesurvey.co.uk/id/7000000000030106,http://data.ordnancesurvey.co.uk/ontology/admingeo/UnitaryAuthority,Scotland,http://data.ordnancesurvey.co.uk/id/7000000000041429,Scotland,http://data.ordnancesurvey.co.uk/id/country/scotland,,,
osgb4000000074748202,http://data.ordnancesurvey.co.uk/id/4000000074748202,Rankin's Rocks,,,,landform,Island,128809,718741,1000,800000,128560,718468,129060,718968,PA66,http://data.ordnancesurvey.co.uk/id/postcodedistrict/PA66,,,,,,,Argyll and Bute,http://data.ordnancesurvey.co.uk/id/7000000000030106,http://data.ordnancesurvey.co.uk/ontology/admingeo/UnitaryAuthority,Scotland,http://data.ordnancesurvey.co.uk/id/7000000000041429,Scotland,http://data.ordnancesurvey.co.uk/id/country/scotland,,,
osgb4000000074798650,http://data.ordnancesurvey.co.uk/id/4000000074798650,Bàgh a' Chnoic Mhaoileanaich,,,,hydrography,Bay,130602,719183,17000,150000,130057,718577,131304,721261,PA66,http://data.ordnancesurvey.co.uk/id/postcodedistrict/PA66,,,,,,,Argyll and Bute,http://data.ordnancesurvey.co.uk/id/7000000000030106,http://data.ordnancesurvey.co.uk/ontology/admingeo/UnitaryAuthority,Scotland,http://data.ordnancesurvey.co.uk/id/7000000000041429,Scotland,http://data.ordnancesurvey.co.uk/id/country/scotland,,,
osgb4000000074606953,http://data.ordnancesurvey.co.uk/id/4000000074606953,Sgeir na Gruaigin,,,,landform,Island,137975,718514,1000,800000,137724,718264,138224,718764,PA67,http://data.ordnancesurvey.co.uk/id/postcodedistrict/PA67,,,,,,,Argyll and Bute,http://data.ordnancesurvey.co.uk/id/7000000000030106,http://data.ordnancesurvey.co.uk/ontology/admingeo/UnitaryAuthority,Scotland,http://data.ordnancesurvey.co.uk/id/7000000000041429,Scotland,http://data.ordnancesurvey.co.uk/id/country/scotland,,,
osgb4000000074604754,http://data.ordnancesurvey.co.uk/id/4000000074604754,Na Torrain,,,,landform,Island,126718,714000,3000,800000,126468,713749,126968,714249,PA66,http://data.ordnancesurvey.co.uk/id/postcodedistrict/PA66,,,,,,,Argyll and Bute,http://data.ordnancesurvey.co.uk/id/7000000000030106,http://data.ordnancesurvey.co.uk/ontology/admingeo/UnitaryAuthority,Scotland,http://data.ordnancesurvey.co.uk/id/7000000000041429,Scotland,http://data.ordnancesurvey.co.uk/id/country/scotland,,,
osgb4000000074588789,http://data.ordnancesurvey.co.uk/id/4000000074588789,Sgeireig a' Bhogadain,,,,landform,Island,135897,716078,2000,800000,135548,715828,136048,716328,PA67,http://data.ordnancesurvey.co.uk/id/postcodedistrict/PA67,,,,,,,Argyll and Bute,http://data.ordnancesurvey.co.uk/id/7000000000030106,http://data.ordnancesurvey.co.uk/ontology/admingeo/UnitaryAuthority,Scotland,http://data.ordnancesurvey.co.uk/id/7000000000041429,Scotland,http://data.ordnancesurvey.co.uk/id/country/scotland,,,
osgb4000000074780230,http://data.ordnancesurvey.co.uk/id/4000000074780230,Cnoc na Cuibhle,,,,landform,Hill Or Mountain,137912,718993,1000,300000,137662,718743,138162,719243,PA67,http://data.ordnancesurvey.co.uk/id/postcodedistrict/PA67,,,,,,,Argyll and Bute,http://data.ordnancesurvey.co.uk/id/7000000000030106,http://data.ordnancesurvey.co.uk/ontology/admingeo/UnitaryAuthority,Scotland,http://data.ordnancesurvey.co.uk/id/7000000000041429,Scotland,http://data.ordnancesurvey.co.uk/id/country/scotland,,,
osgb4000000074779811,http://data.ordnancesurvey.co.uk/id/4000000074779811,Cnoc an dà Oighrig,,,,landform,Hill Or Mountain,137107,719229,1000,300000,136857,718979,137357,719479,PA67,http://data.ordnancesurvey.co.uk/id/postcodedistrict/PA67,,,,,,,Argyll and Bute,http://data.ordnancesurvey.co.uk/id/7000000000030106,http://data.ordnancesurvey.co.uk/ontology/admingeo/UnitaryAuthority,Scotland,http://data.ordnancesurvey.co.uk/id/7000000000041429,Scotland,http://data.ordnancesurvey.co.uk/id/country/scotland,,,
osgb4000000074748013,http://data.ordnancesurvey.co.uk/id/4000000074748013,Carraig na Lice,,,,landform,Other Coastal Landform,138099,718417,2000,50000,137885,718167,138385,718667,PA67,http://data.ordnancesurvey.co.uk/id/postcodedistrict/PA67,,,,,,,Argyll and Bute,http://data.ordnancesurvey.co.uk/id/7000000000030106,http://data.ordnancesurvey.co.uk/ontology/admingeo/UnitaryAuthority,Scotland,http://data.ordnancesurvey.co.uk/id/7000000000041429,Scotland,http://data.ordnancesurvey.co.uk/id/country/scotland,,,
osgb4000000074604329,http://data.ordnancesurvey.co.uk/id/4000000074604329,Sgeir an Fheidh,,,,landform,Island,134989,716647,1000,800000,134739,716409,135239,716909,PA67,http://data.ordnancesurvey.co.uk/id/postcodedistrict/PA67,,,,,,,Argyll and Bute,http://data.ordnancesurvey.co.uk/id/7000000000030106,http://data.ordnancesurvey.co.uk/ontology/admingeo/UnitaryAuthority,Scotland,http://data.ordnancesurvey.co.uk/id/7000000000041429,Scotland,http://data.ordnancesurvey.co.uk/id/country/scotland,,,
osgb4000000074604753,http://data.ordnancesurvey.co.uk/id/4000000074604753,Torran Sgoilte,,,,landform,Island,127894,712876,1000,800000,127644,712626,128144,713126,PA66,http://data.ordnancesurvey.co.uk/id/postcodedistrict/PA66,,,,,,,Argyll and Bute,http://data.ordnancesurvey.co.uk/id/7000000000030106,http://data.ordnancesurvey.co.uk/ontology/admingeo/UnitaryAuthority,Scotland,http://data.ordnancesurvey.co.uk/id/7000000000041429,Scotland,http://data.ordnancesurvey.co.uk/id/country/scotland,,,
osgb4000000074604391,http://data.ordnancesurvey.co.uk/id/4000000074604391,Sgeirean a' Phuill,,,,landform,Island,130165,717322,1000,800000,129916,717080,130416,717580,PA66,http://data.ordnancesurvey.co.uk/id/postcodedistrict/PA66,,,,,,,Argyll and Bute,http://data.ordnancesurvey.co.uk/id/7000000000030106,http://data.ordnancesurvey.co.uk/ontology/admingeo/UnitaryAuthority,Scotland,http://data.ordnancesurvey.co.uk/id/7000000000041429,Scotland,http://data.ordnancesurvey.co.uk/id/country/scotland,,,
osgb4000000074605172,http://data.ordnancesurvey.co.uk/id/4000000074605172,Sgeir na Caillich,,,,landform,Island,129334,717881,1000,800000,129084,717622,129584,718122,PA66,http://data.ordnancesurvey.co.uk/id/postcodedistrict/PA66,,,,,,,Argyll and Bute,http://data.ordnancesurvey.co.uk/id/7000000000030106,http://data.ordnancesurvey.co.uk/ontology/admingeo/UnitaryAuthority,Scotland,http://data.ordnancesurvey.co.uk/id/7000000000041429,Scotland,http://data.ordnancesurvey.co.uk/id/country/scotland,,,
osgb4000000074604328,http://data.ordnancesurvey.co.uk/id/4000000074604328,Eilean na h-Adhuinnean,,,,landform,Island,135530,716979,2000,800000,135331,716730,135831,717230,PA67,http://data.ordnancesurvey.co.uk/id/postcodedistrict/PA67,,,,,,,Argyll and Bute,http://data.ordnancesurvey.co.uk/id/7000000000030106,http://data.ordnancesurvey.co.uk/ontology/admingeo/UnitaryAuthority,Scotland,http://data.ordnancesurvey.co.uk/id/7000000000041429,Scotland,http://data.ordnancesurvey.co.uk/id/country/scotland,,,
osgb4000000074786138,http://data.ordnancesurvey.co.uk/id/4000000074786138,Port Beag nan Ròn,,,,hydrography,Tidal Water,135777,716882,1000,150000,135538,716634,136038,717134,PA67,http://data.ordnancesurvey.co.uk/id/postcodedistrict/PA67,,,,,,,Argyll and Bute,http://data.ordnancesurvey.co.uk/id/7000000000030106,http://data.ordnancesurvey.co.uk/ontology/admingeo/UnitaryAuthority,Scotland,http://data.ordnancesurvey.co.uk/id/7000000000041429,Scotland,http://data.ordnancesurvey.co.uk/id/country/scotland,,,
osgb4000000074591728,http://data.ordnancesurvey.co.uk/id/4000000074591728,Tòrr Mòr a' Chonairst,,,,landform,Hill Or Mountain,131663,719120,1000,300000,131413,718870,131913,719370,PA66,http://data.ordnancesurvey.co.uk/id/postcodedistrict/PA66,,,,,,,Argyll and Bute,http://data.ordnancesurvey.co.uk/id/7000000000030106,http://data.ordnancesurvey.co.uk/ontology/admingeo/UnitaryAuthority,Scotland,http://data.ordnancesurvey.co.uk/id/7000000000041429,Scotland,http://data.ordnancesurvey.co.uk/id/country/scotland,,,
osgb4000000074786185,http://data.ordnancesurvey.co.uk/id/4000000074786185,Bàgh Tìr Chille,,,,hydrography,Bay,132287,718398,2000,150000,132139,718161,132639,718661,PA66,http://data.ordnancesurvey.co.uk/id/postcodedistrict/PA66,,,,,,,Argyll and Bute,http://data.ordnancesurvey.co.uk/id/7000000000030106,http://data.ordnancesurvey.co.uk/ontology/admingeo/UnitaryAuthority,Scotland,http://data.ordnancesurvey.co.uk/id/7000000000041429,Scotland,http://data.ordnancesurvey.co.uk/id/country/scotland,,,
osgb4000000074606952,http://data.ordnancesurvey.co.uk/id/4000000074606952,Garbh Sgeir,,,,landform,Island,137822,718151,1000,800000,137572,717900,138072,718400,PA67,http://data.ordnancesurvey.co.uk/id/postcodedistrict/PA67,,,,,,,Argyll and Bute,http://data.ordnancesurvey.co.uk/id/7000000000030106,http://data.ordnancesurvey.co.uk/ontology/admingeo/UnitaryAuthority,Scotland,http://data.ordnancesurvey.co.uk/id/7000000000041429,Scotland,http://data.ordnancesurvey.co.uk/id/country/scotland,,,
osgb4000000074790703,http://data.ordnancesurvey.co.uk/id/4000000074790703,Caolas Carraig na Lice,,,,hydrography,Channel,138190,718284,2000,100000,137987,718048,138487,718548,PA67,http://data.ordnancesurvey.co.uk/id/postcodedistrict/PA67,,,,,,,Argyll and Bute,http://data.ordnancesurvey.co.uk/id/7000000000030106,http://data.ordnancesurvey.co.uk/ontology/admingeo/UnitaryAuthority,Scotland,http://data.ordnancesurvey.co.uk/id/7000000000041429,Scotland,http://data.ordnancesurvey.co.uk/id/country/scotland,,,
osgb4000000074606954,http://data.ordnancesurvey.co.uk/id/4000000074606954,Sgeir na Feannaige,,,,landform,Island,137669,718706,1000,800000,137419,718457,137919,718957,PA67,http://data.ordnancesurvey.co.uk/id/postcodedistrict/PA67,,,,,,,Argyll and Bute,http://data.ordnancesurvey.co.uk/id/7000000000030106,http://data.ordnancesurvey.co.uk/ontology/admingeo/UnitaryAuthority,Scotland,http://data.ordnancesurvey.co.uk/id/7000000000041429,Scotland,http://data.ordnancesurvey.co.uk/id/country/scotland,,,
osgb4000000074603202,http://data.ordnancesurvey.co.uk/id/4000000074603202,Àird Mòr,,,,landform,Hill Or Mountain,132291,717747,1000,300000,132041,717497,132541,717997,PA66,http://data.ordnancesurvey.co.uk/id/postcodedistrict/PA66,,,,,,,Argyll and Bute,http://data.ordnancesurvey.co.uk/id/7000000000030106,http://data.ordnancesurvey.co.uk/ontology/admingeo/UnitaryAuthority,Scotland,http://data.ordnancesurvey.co.uk/id/7000000000041429,Scotland,http://data.ordnancesurvey.co.uk/id/country/scotland,,,
osgb4000000074588864,http://data.ordnancesurvey.co.uk/id/4000000074588864,Eilean nam Meann,,,,landform,Coastal Headland,138563,718267,2000,750000,138314,718016,138814,718516,PA67,http://data.ordnancesurvey.co.uk/id/postcodedistrict/PA67,,,,,,,Argyll and Bute,http://data.ordnancesurvey.co.uk/id/7000000000030106,http://data.ordnancesurvey.co.uk/ontology/admingeo/UnitaryAuthority,Scotland,http://data.ordnancesurvey.co.uk/id/7000000000041429,Scotland,http://data.ordnancesurvey.co.uk/id/country/scotland,,,
osgb4000000074786140,http://data.ordnancesurvey.co.uk/id/4000000074786140,Port an t-Seilich,,,,hydrography,Tidal Water,136545,716975,2000,150000,136314,716901,136814,717401,PA67,http://data.ordnancesurvey.co.uk/id/postcodedistrict/PA67,,,,,,,Argyll and Bute,http://data.ordnancesurvey.co.uk/id/7000000000030106,http://data.ordnancesurvey.co.uk/ontology/admingeo/UnitaryAuthority,Scotland,http://data.ordnancesurvey.co.uk/id/7000000000041429,Scotland,http://data.ordnancesurvey.co.uk/id/country/scotland,,,
osgb4000000074606956,http://data.ordnancesurvey.co.uk/id/4000000074606956,Eilean Srianach,,,,landform,Island,134780,716883,1000,800000,134538,716633,135038,717133,PA67,http://data.ordnancesurvey.co.uk/id/postcodedistrict/PA67,,,,,,,Argyll and Bute,http://data.ordnancesurvey.co.uk/id/7000000000030106,http://data.ordnancesurvey.co.uk/ontology/admingeo/UnitaryAuthority,Scotland,http://data.ordnancesurvey.co.uk/id/7000000000041429,Scotland,http://data.ordnancesurvey.co.uk/id/country/scotland,,,
osgb4000000074606958,http://data.ordnancesurvey.co.uk/id/4000000074606958,Na Maoil Mhòra,,,,landform,Island,133603,716390,1000,800000,133353,716143,133853,716643,PA67,http://data.ordnancesurvey.co.uk/id/postcodedistrict/PA67,,,,,,,Argyll and Bute,http://data.ordnancesurvey.co.uk/id/7000000000030106,http://data.ordnancesurvey.co.uk/ontology/admingeo/UnitaryAuthority,Scotland,http://data.ordnancesurvey.co.uk/id/7000000000041429,Scotland,http://data.ordnancesurvey.co.uk/id/country/scotland,,,
osgb4000000074603901,http://data.ordnancesurvey.co.uk/id/4000000074603901,Eilean Imheir,,,,landform,Island,139406,718446,1000,800000,139156,718193,139656,718693,PA67,http://data.ordnancesurvey.co.uk/id/postcodedistrict/PA67,,,,,,,Argyll and Bute,http://data.ordnancesurvey.co.uk/id/7000000000030106,http://data.ordnancesurvey.co.uk/ontology/admingeo/UnitaryAuthority,Scotland,http://data.ordnancesurvey.co.uk/id/7000000000041429,Scotland,http://data.ordnancesurvey.co.uk/id/country/scotland,,,
osgb4000000074588790,http://data.ordnancesurvey.co.uk/id/4000000074588790,Torr an t-Saothaid,,,,landform,Island,127658,713952,2000,800000,127408,713710,127908,714210,PA66,http://data.ordnancesurvey.co.uk/id/postcodedistrict/PA66,,,,,,,Argyll and Bute,http://data.ordnancesurvey.co.uk/id/7000000000030106,http://data.ordnancesurvey.co.uk/ontology/admingeo/UnitaryAuthority,Scotland,http://data.ordnancesurvey.co.uk/id/7000000000041429,Scotland,http://data.ordnancesurvey.co.uk/id/country/scotland,,,
osgb4000000074603201,http://data.ordnancesurvey.co.uk/id/4000000074603201,Beinn Cholarich,,,,landform,Hill Or Mountain,134590,718146,1000,300000,134340,717896,134840,718396,PA67,http://data.ordnancesurvey.co.uk/id/postcodedistrict/PA67,,,,,,,Argyll and Bute,http://data.ordnancesurvey.co.uk/id/7000000000030106,http://data.ordnancesurvey.co.uk/ontology/admingeo/UnitaryAuthority,Scotland,http://data.ordnancesurvey.co.uk/id/7000000000041429,Scotland,http://data.ordnancesurvey.co.uk/id/country/scotland,,,
osgb4000000074603200,http://data.ordnancesurvey.co.uk/id/4000000074603200,Torr na Sealga,,,,landform,Hill Or Mountain,136425,717563,1000,300000,136175,717313,136675,717813,PA67,http://data.ordnancesurvey.co.uk/id/postcodedistrict/PA67,,,,,,,Argyll and Bute,http://data.ordnancesurvey.co.uk/id/7000000000030106,http://data.ordnancesurvey.co.uk/ontology/admingeo/UnitaryAuthority,Scotland,http://data.ordnancesurvey.co.uk/id/7000000000041429,Scotland,http://data.ordnancesurvey.co.uk/id/country/scotland,,,
osgb4000000074751039,http://data.ordnancesurvey.co.uk/id/4000000074751039,Rubha Calachain,,,,landform,Coastal Headland,129102,719212,3000,750000,128852,718962,129352,719462,PA66,http://data.ordnancesurvey.co.uk/id/postcodedistrict/PA66,,,,,,,Argyll and Bute,http://data.ordnancesurvey.co.uk/id/7000000000030106,http://data.ordnancesurvey.co.uk/ontology/admingeo/UnitaryAuthority,Scotland,http://data.ordnancesurvey.co.uk/id/7000000000041429,Scotland,http://data.ordnancesurvey.co.uk/id/country/scotland,,,
osgb4000000074748205,http://data.ordnancesurvey.co.uk/id/4000000074748205,Livingston's Rocks,,,,landform,Island,131922,717024,1000,800000,131695,716775,132195,717275,PA66,http://data.ordnancesurvey.co.uk/id/postcodedistrict/PA66,,,,,,,Argyll and Bute,http://data.ordnancesurvey.co.uk/id/7000000000030106,http://data.ordnancesurvey.co.uk/ontology/admingeo/UnitaryAuthority,Scotland,http://data.ordnancesurvey.co.uk/id/7000000000041429,Scotland,http://data.ordnancesurvey.co.uk/id/country/scotland,,,
osgb4000000074606950,http://data.ordnancesurvey.co.uk/id/4000000074606950,Sgeir Ruadh,,,,landform,Island,138846,718149,1000,800000,138597,717899,139097,718399,PA67,http://data.ordnancesurvey.co.uk/id/postcodedistrict/PA67,,,,,,,Argyll and Bute,http://data.ordnancesurvey.co.uk/id/7000000000030106,http://data.ordnancesurvey.co.uk/ontology/admingeo/UnitaryAuthority,Scotland,http://data.ordnancesurvey.co.uk/id/7000000000041429,Scotland,http://data.ordnancesurvey.co.uk/id/country/scotland,,,
osgb4000000074785104,http://data.ordnancesurvey.co.uk/id/4000000074785104,Na h-Adhuinnean,,,,hydrography,Tidal Water,135692,717090,1000,150000,135478,716905,135978,717405,PA67,http://data.ordnancesurvey.co.uk/id/postcodedistrict/PA67,,,,,,,Argyll and Bute,http://data.ordnancesurvey.co.uk/id/7000000000030106,http://data.ordnancesurvey.co.uk/ontology/admingeo/UnitaryAuthority,Scotland,http://data.ordnancesurvey.co.uk/id/7000000000041429,Scotland,http://data.ordnancesurvey.co.uk/id/country/scotland,,,
osgb4000000074603983,http://data.ordnancesurvey.co.uk/id/4000000074603983,Eilean nan Iasg,,,,landform,Island,139564,718542,1000,800000,139314,718293,139814,718793,PA67,http://data.ordnancesurvey.co.uk/id/postcodedistrict/PA67,,,,,,,Argyll and Bute,http://data.ordnancesurvey.co.uk/id/7000000000030106,http://data.ordnancesurvey.co.uk/ontology/admingeo/UnitaryAuthority,Scotland,http://data.ordnancesurvey.co.uk/id/7000000000041429,Scotland,http://data.ordnancesurvey.co.uk/id/country/scotland,,,
osgb4000000074751040,http://data.ordnancesurvey.co.uk/id/4000000074751040,Slochd Dubh,,,,landform,Other Coastal Landform,129304,719866,1000,20000,129055,719616,129555,720116,PA66,http://data.ordnancesurvey.co.uk/id/postcodedistrict/PA66,,,,,,,Argyll and Bute,http://data.ordnancesurvey.co.uk/id/7000000000030106,http://data.ordnancesurvey.co.uk/ontology/admingeo/UnitaryAuthority,Scotland,http://data.ordnancesurvey.co.uk/id/7000000000041429,Scotland,http://data.ordnancesurvey.co.uk/id/country/scotland,,,
osgb4000000074604392,http://data.ordnancesurvey.co.uk/id/4000000074604392,Am Baisteir,,,,landform,Island,130271,718462,2000,800000,130037,718212,130537,718712,PA66,http://data.ordnancesurvey.co.uk/id/postcodedistrict/PA66,,,,,,,Argyll and Bute,http://data.ordnancesurvey.co.uk/id/7000000000030106,http://data.ordnancesurvey.co.uk/ontology/admingeo/UnitaryAuthority,Scotland,http://data.ordnancesurvey.co.uk/id/7000000000041429,Scotland,http://data.ordnancesurvey.co.uk/id/country/scotland,,,
osgb4000000074815384,http://data.ordnancesurvey.co.uk/id/4000000074815384,Cnoc na Feannaige,,,,landform,Hill Or Mountain,137434,719493,1000,300000,137184,719243,137684,719743,PA67,http://data.ordnancesurvey.co.uk/id/postcodedistrict/PA67,,,,,,,Argyll and Bute,http://data.ordnancesurvey.co.uk/id/7000000000030106,http://data.ordnancesurvey.co.uk/ontology/admingeo/UnitaryAuthority,Scotland,http://data.ordnancesurvey.co.uk/id/7000000000041429,Scotland,http://data.ordnancesurvey.co.uk/id/country/scotland,,,
osgb4000000074751041,http://data.ordnancesurvey.co.uk/id/4000000074751041,Rubha nam Barrachan,,,,landform,Coastal Headland,128820,719822,1000,750000,128570,719577,129070,720077,PA66,http://data.ordnancesurvey.co.uk/id/postcodedistrict/PA66,,,,,,,Argyll and Bute,http://data.ordnancesurvey.co.uk/id/7000000000030106,http://data.ordnancesurvey.co.uk/ontology/admingeo/UnitaryAuthority,Scotland,http://data.ordnancesurvey.co.uk/id/7000000000041429,Scotland,http://data.ordnancesurvey.co.uk/id/country/scotland,,,
osgb4000000074586242,http://data.ordnancesurvey.co.uk/id/4000000074586242,Eilean Dubh,,,,landform,Island,139781,718642,1000,800000,139553,718392,140053,718892,PA67,http://data.ordnancesurvey.co.uk/id/postcodedistrict/PA67,,,,,,,Argyll and Bute,http://data.ordnancesurvey.co.uk/id/7000000000030106,http://data.ordnancesurvey.co.uk/ontology/admingeo/UnitaryAuthority,Scotland,http://data.ordnancesurvey.co.uk/id/7000000000041429,Scotland,http://data.ordnancesurvey.co.uk/id/country/scotland,,,
osgb4000000074780229,http://data.ordnancesurvey.co.uk/id/4000000074780229,Glac na Rèidhe,,,,landform,Valley,138064,719085,2000,800000,137814,718841,138314,719341,PA67,http://data.ordnancesurvey.co.uk/id/postcodedistrict/PA67,,,,,,,Argyll and Bute,http://data.ordnancesurvey.co.uk/id/7000000000030106,http://data.ordnancesurvey.co.uk/ontology/admingeo/UnitaryAuthority,Scotland,http://data.ordnancesurvey.co.uk/id/7000000000041429,Scotland,http://data.ordnancesurvey.co.uk/id/country/scotland,,,
osgb4000000074716534,http://data.ordnancesurvey.co.uk/id/4000000074716534,Gleann na Muic,,,,landform,Valley,135027,719703,5000,800000,134638,719453,135366,719953,PA67,http://data.ordnancesurvey.co.uk/id/postcodedistrict/PA67,,,,,,,Argyll and Bute,http://data.ordnancesurvey.co.uk/id/7000000000030106,http://data.ordnancesurvey.co.uk/ontology/admingeo/UnitaryAuthority,Scotland,http://data.ordnancesurvey.co.uk/id/7000000000041429,Scotland,http://data.ordnancesurvey.co.uk/id/country/scotland,,,
osgb4000000074750746,http://data.ordnancesurvey.co.uk/id/4000000074750746,Dùnan Dubh,,,,landform,Other Coastal Landform,137024,718682,1000,20000,136775,718430,137275,718930,PA67,http://data.ordnancesurvey.co.uk/id/postcodedistrict/PA67,,,,,,,Argyll and Bute,http://data.ordnancesurvey.co.uk/id/7000000000030106,http://data.ordnancesurvey.co.uk/ontology/admingeo/UnitaryAuthority,Scotland,http://data.ordnancesurvey.co.uk/id/7000000000041429,Scotland,http://data.ordnancesurvey.co.uk/id/country/scotland,,,
osgb4000000074784547,http://data.ordnancesurvey.co.uk/id/4000000074784547,Erraid Sound,,,,hydrography,Sea,130714,719991,4000,12000000,130470,719736,130970,720409,PA66,http://data.ordnancesurvey.co.uk/id/postcodedistrict/PA66,,,,,,,Argyll and Bute,http://data.ordnancesurvey.co.uk/id/7000000000030106,http://data.ordnancesurvey.co.uk/ontology/admingeo/UnitaryAuthority,Scotland,http://data.ordnancesurvey.co.uk/id/7000000000041429,Scotland,http://data.ordnancesurvey.co.uk/id/country/scotland,,,
osgb4000000074586254,http://data.ordnancesurvey.co.uk/id/4000000074586254,Eilean Dubh,,,,landform,Island,128702,719704,3000,800000,128452,719387,128952,719923,PA66,http://data.ordnancesurvey.co.uk/id/postcodedistrict/PA66,,,,,,,Argyll and Bute,http://data.ordnancesurvey.co.uk/id/7000000000030106,http://data.ordnancesurvey.co.uk/ontology/admingeo/UnitaryAuthority,Scotland,http://data.ordnancesurvey.co.uk/id/7000000000041429,Scotland,http://data.ordnancesurvey.co.uk/id/country/scotland,,,
osgb4000000074750741,http://data.ordnancesurvey.co.uk/id/4000000074750741,Sgala Dubh,,,,landform,Other Coastal Landform,133859,716995,2000,50000,133609,716789,134109,717289,PA67,http://data.ordnancesurvey.co.uk/id/postcodedistrict/PA67,,,,,,,Argyll and Bute,http://data.ordnancesurvey.co.uk/id/7000000000030106,http://data.ordnancesurvey.co.uk/ontology/admingeo/UnitaryAuthority,Scotland,http://data.ordnancesurvey.co.uk/id/7000000000041429,Scotland,http://data.ordnancesurvey.co.uk/id/country/scotland,,,
osgb4000000074604751,http://data.ordnancesurvey.co.uk/id/4000000074604751,Dearg Sgeir,,,,landform,Island,129433,715573,1000,800000,129170,715323,129670,715823,PA66,http://data.ordnancesurvey.co.uk/id/postcodedistrict/PA66,,,,,,,Argyll and Bute,http://data.ordnancesurvey.co.uk/id/7000000000030106,http://data.ordnancesurvey.co.uk/ontology/admingeo/UnitaryAuthority,Scotland,http://data.ordnancesurvey.co.uk/id/7000000000041429,Scotland,http://data.ordnancesurvey.co.uk/id/country/scotland,,,
osgb4000000074345717,http://data.ordnancesurvey.co.uk/id/4000000074345717,Port Uisken,,,,hydrography,Bay,139310,718541,4000,150000,138961,718295,139651,718873,PA67,http://data.ordnancesurvey.co.uk/id/postcodedistrict/PA67,,,,,,,Argyll and Bute,http://data.ordnancesurvey.co.uk/id/7000000000030106,http://data.ordnancesurvey.co.uk/ontology/admingeo/UnitaryAuthority,Scotland,http://data.ordnancesurvey.co.uk/id/7000000000041429,Scotland,http://data.ordnancesurvey.co.uk/id/country/scotland,,,
osgb4000000074588910,http://data.ordnancesurvey.co.uk/id/4000000074588910,Eilean a' Chrotha,,,,landform,Island,134004,717014,1000,800000,133754,716769,134254,717269,PA67,http://data.ordnancesurvey.co.uk/id/postcodedistrict/PA67,,,,,,,Argyll and Bute,http://data.ordnancesurvey.co.uk/id/7000000000030106,http://data.ordnancesurvey.co.uk/ontology/admingeo/UnitaryAuthority,Scotland,http://data.ordnancesurvey.co.uk/id/7000000000041429,Scotland,http://data.ordnancesurvey.co.uk/id/country/scotland,,,
osgb4000000074780290,http://data.ordnancesurvey.co.uk/id/4000000074780290,Glac an dà Pheaderish,,,,landform,Valley,139395,719149,2000,800000,139145,718940,139645,719440,PA67,http://data.ordnancesurvey.co.uk/id/postcodedistrict/PA67,,,,,,,Argyll and Bute,http://data.ordnancesurvey.co.uk/id/7000000000030106,http://data.ordnancesurvey.co.uk/ontology/admingeo/UnitaryAuthority,Scotland,http://data.ordnancesurvey.co.uk/id/7000000000041429,Scotland,http://data.ordnancesurvey.co.uk/id/country/scotland,,,
osgb4000000074719677,http://data.ordnancesurvey.co.uk/id/4000000074719677,Gleann an Tuachdain,,,,landform,Valley,134865,718214,12000,800000,134596,717198,135134,719023,PA67,http://data.ordnancesurvey.co.uk/id/postcodedistrict/PA67,,,,,,,Argyll and Bute,http://data.ordnancesurvey.co.uk/id/7000000000030106,http://data.ordnancesurvey.co.uk/ontology/admingeo/UnitaryAuthority,Scotland,http://data.ordnancesurvey.co.uk/id/7000000000041429,Scotland,http://data.ordnancesurvey.co.uk/id/country/scotland,,,
osgb4000000074785105,http://data.ordnancesurvey.co.uk/id/4000000074785105,Slochd a' Bhodaich,,,,hydrography,Bay,135105,717119,1000,150000,134860,716870,135360,717370,PA67,http://data.ordnancesurvey.co.uk/id/postcodedistrict/PA67,,,,,,,Argyll and Bute,http://data.ordnancesurvey.co.uk/id/7000000000030106,http://data.ordnancesurvey.co.uk/ontology/admingeo/UnitaryAuthority,Scotland,http://data.ordnancesurvey.co.uk/id/7000000000041429,Scotland,http://data.ordnancesurvey.co.uk/id/country/scotland,,,
osgb4000000074606964,http://data.ordnancesurvey.co.uk/id/4000000074606964,Eilean na Cusaig,,,,landform,Island,129089,719892,1000,800000,128798,719642,129298,720142,PA66,http://data.ordnancesurvey.co.uk/id/postcodedistrict/PA66,,,,,,,Argyll and Bute,http://data.ordnancesurvey.co.uk/id/7000000000030106,http://data.ordnancesurvey.co.uk/ontology/admingeo/UnitaryAuthority,Scotland,http://data.ordnancesurvey.co.uk/id/7000000000041429,Scotland,http://data.ordnancesurvey.co.uk/id/country/scotland,,,
osgb4000000074606960,http://data.ordnancesurvey.co.uk/id/4000000074606960,Eilean na Seamair,,,,landform,Island,131160,717301,2000,800000,130885,717052,131385,717552,PA66,http://data.ordnancesurvey.co.uk/id/postcodedistrict/PA66,,,,,,,Argyll and Bute,http://data.ordnancesurvey.co.uk/id/7000000000030106,http://data.ordnancesurvey.co.uk/ontology/admingeo/UnitaryAuthority,Scotland,http://data.ordnancesurvey.co.uk/id/7000000000041429,Scotland,http://data.ordnancesurvey.co.uk/id/country/scotland,,,
osgb4000000074603899,http://data.ordnancesurvey.co.uk/id/4000000074603899,Sgeir an Uasail,,,,landform,Island,139545,718235,1000,800000,139295,717986,139795,718486,PA67,http://data.ordnancesurvey.co.uk/id/postcodedistrict/PA67,,,,,,,Argyll and Bute,http://data.ordnancesurvey.co.uk/id/7000000000030106,http://data.ordnancesurvey.co.uk/ontology/admingeo/UnitaryAuthority,Scotland,http://data.ordnancesurvey.co.uk/id/7000000000041429,Scotland,http://data.ordnancesurvey.co.uk/id/country/scotland,,,
osgb4000000074750745,http://data.ordnancesurvey.co.uk/id/4000000074750745,Leac an t-Siùcair,,,,landform,Other Coastal Landform,130921,718502,1000,50000,130672,718227,131172,718727,PA66,http://data.ordnancesurvey.co.uk/id/postcodedistrict/PA66,,,,,,,Argyll and Bute,http://data.ordnancesurvey.co.uk/id/7000000000030106,http://data.ordnancesurvey.co.uk/ontology/admingeo/UnitaryAuthority,Scotland,http://data.ordnancesurvey.co.uk/id/7000000000041429,Scotland,http://data.ordnancesurvey.co.uk/id/country/scotland,,,
osgb4000000074588933,http://data.ordnancesurvey.co.uk/id/4000000074588933,Sgeir mhic an t-Saoir,,,,landform,Island,132013,717817,1000,800000,131763,717561,132263,718061,PA66,http://data.ordnancesurvey.co.uk/id/postcodedistrict/PA66,,,,,,,Argyll and Bute,http://data.ordnancesurvey.co.uk/id/7000000000030106,http://data.ordnancesurvey.co.uk/ontology/admingeo/UnitaryAuthority,Scotland,http://data.ordnancesurvey.co.uk/id/7000000000041429,Scotland,http://data.ordnancesurvey.co.uk/id/country/scotland,,,
osgb4000000074790738,http://data.ordnancesurvey.co.uk/id/4000000074790738,Caolas a' Bhogadain,,,,hydrography,Channel,135683,716162,2000,100000,135501,715925,136001,716425,PA67,http://data.ordnancesurvey.co.uk/id/postcodedistrict/PA67,,,,,,,Argyll and Bute,http://data.ordnancesurvey.co.uk/id/7000000000030106,http://data.ordnancesurvey.co.uk/ontology/admingeo/UnitaryAuthority,Scotland,http://data.ordnancesurvey.co.uk/id/7000000000041429,Scotland,http://data.ordnancesurvey.co.uk/id/country/scotland,,,
osgb4000000074604750,http://data.ordnancesurvey.co.uk/id/4000000074604750,Ruadh Sgeir,,,,landform,Island,130710,714856,1000,800000,130414,714606,130914,715106,PA66,http://data.ordnancesurvey.co.uk/id/postcodedistrict/PA66,,,,,,,Argyll and Bute,http://data.ordnancesurvey.co.uk/id/7000000000030106,http://data.ordnancesurvey.co.uk/ontology/admingeo/UnitaryAuthority,Scotland,http://data.ordnancesurvey.co.uk/id/7000000000041429,Scotland,http://data.ordnancesurvey.co.uk/id/country/scotland,,,
osgb4000000074784651,http://data.ordnancesurvey.co.uk/id/4000000074784651,Ardalanish Bay,,,,hydrography,Bay,137580,718346,8000,150000,136943,718103,138141,718773,PA67,http://data.ordnancesurvey.co.uk/id/postcodedistrict/PA67,,,,,,,Argyll and Bute,http://data.ordnancesurvey.co.uk/id/7000000000030106,http://data.ordnancesurvey.co.uk/ontology/admingeo/UnitaryAuthority,Scotland,http://data.ordnancesurvey.co.uk/id/7000000000041429,Scotland,http://data.ordnancesurvey.co.uk/id/country/scotland,,,
osgb4000000074603902,http://data.ordnancesurvey.co.uk/id/4000000074603902,Corr Sgeir,,,,landform,Island,139150,718342,1000,800000,138905,718093,139405,718593,PA67,http://data.ordnancesurvey.co.uk/id/postcodedistrict/PA67,,,,,,,Argyll and Bute,http://data.ordnancesurvey.co.uk/id/7000000000030106,http://data.ordnancesurvey.co.uk/ontology/admingeo/UnitaryAuthority,Scotland,http://data.ordnancesurvey.co.uk/id/7000000000041429,Scotland,http://data.ordnancesurvey.co.uk/id/country/scotland,,,
osgb4000000074724710,http://data.ordnancesurvey.co.uk/id/4000000074724710,Àird Dubh,,,,landform,Hill Or Mountain,138312,718597,1000,300000,138062,718347,138562,718847,PA67,http://data.ordnancesurvey.co.uk/id/postcodedistrict/PA67,,,,,,,Argyll and Bute,http://data.ordnancesurvey.co.uk/id/7000000000030106,http://data.ordnancesurvey.co.uk/ontology/admingeo/UnitaryAuthority,Scotland,http://data.ordnancesurvey.co.uk/id/7000000000041429,Scotland,http://data.ordnancesurvey.co.uk/id/country/scotland,,,
osgb4000000074748054,http://data.ordnancesurvey.co.uk/id/4000000074748054,Creagan nam Frangach,,,,landform,Other Coastal Landform,139160,718796,1000,50000,138910,718546,139410,719046,PA67,http://data.ordnancesurvey.co.uk/id/postcodedistrict/PA67,,,,,,,Argyll and Bute,http://data.ordnancesurvey.co.uk/id/7000000000030106,http://data.ordnancesurvey.co.uk/ontology/admingeo/UnitaryAuthority,Scotland,http://data.ordnancesurvey.co.uk/id/7000000000041429,Scotland,http://data.ordnancesurvey.co.uk/id/country/scotland,,,
osgb4000000074748617,http://data.ordnancesurvey.co.uk/id/4000000074748617,Dubh Sgeir,,,,landform,Island,127938,718860,1000,800000,127678,718610,128178,719110,PA66,http://data.ordnancesurvey.co.uk/id/postcodedistrict/PA66,,,,,,,Argyll and Bute,http://data.ordnancesurvey.co.uk/id/7000000000030106,http://data.ordnancesurvey.co.uk/ontology/admingeo/UnitaryAuthority,Scotland,http://data.ordnancesurvey.co.uk/id/7000000000041429,Scotland,http://data.ordnancesurvey.co.uk/id/country/scotland,,,
osgb4000000074780261,http://data.ordnancesurvey.co.uk/id/4000000074780261,Cnoc a' Mhuilt,,,,landform,Hill Or Mountain,138521,718913,1000,300000,138271,718663,138771,719163,PA67,http://data.ordnancesurvey.co.uk/id/postcodedistrict/PA67,,,,,,,Argyll and Bute,http://data.ordnancesurvey.co.uk/id/7000000000030106,http://data.ordnancesurvey.co.uk/ontology/admingeo/UnitaryAuthority,Scotland,http://data.ordnancesurvey.co.uk/id/7000000000041429,Scotland,http://data.ordnancesurvey.co.uk/id/country/scotland,,,
osgb4000000074594581,http://data.ordnancesurvey.co.uk/id/4000000074594581,Tòrr Fada,,,,landform,Hill Or Mountain,132294,719445,1000,300000,132044,719195,132544,719695,PA66,http://data.ordnancesurvey.co.uk/id/postcodedistrict/PA66,,,,,,,Argyll and Bute,http://data.ordnancesurvey.co.uk/id/7000000000030106,http://data.ordnancesurvey.co.uk/ontology/admingeo/UnitaryAuthority,Scotland,http://data.ordnancesurvey.co.uk/id/7000000000041429,Scotland,http://data.ordnancesurvey.co.uk/id/country/scotland,,,
osgb4000000074603620,http://data.ordnancesurvey.co.uk/id/4000000074603620,Maol an t-Sidhein,,,,landform,Hill Or Mountain,136826,719789,1000,300000,136576,719539,137076,720039,PA67,http://data.ordnancesurvey.co.uk/id/postcodedistrict/PA67,,,,,,,Argyll and Bute,http://data.ordnancesurvey.co.uk/id/7000000000030106,http://data.ordnancesurvey.co.uk/ontology/admingeo/UnitaryAuthority,Scotland,http://data.ordnancesurvey.co.uk/id/7000000000041429,Scotland,http://data.ordnancesurvey.co.uk/id/country/scotland,,,
osgb4000000074599828,http://data.ordnancesurvey.co.uk/id/4000000074599828,Tràigh Gheal,,,,landcover,Beach,134073,717191,3000,100000,133870,716941,134400,717441,PA67,http://data.ordnancesurvey.co.uk/id/postcodedistrict/PA67,,,,,,,Argyll and Bute,http://data.ordnancesurvey.co.uk/id/7000000000030106,http://data.ordnancesurvey.co.uk/ontology/admingeo/UnitaryAuthority,Scotland,http://data.ordnancesurvey.co.uk/id/7000000000041429,Scotland,http://data.ordnancesurvey.co.uk/id/country/scotland,,,
osgb4000000074796051,http://data.ordnancesurvey.co.uk/id/4000000074796051,Loch Beag Ardalanish,,,,hydrography,Inland Water,136289,719563,1000,500000,136039,719314,136539,719814,PA67,http://data.ordnancesurvey.co.uk/id/postcodedistrict/PA67,,,,,,,Argyll and Bute,http://data.ordnancesurvey.co.uk/id/7000000000030106,http://data.ordnancesurvey.co.uk/ontology/admingeo/UnitaryAuthority,Scotland,http://data.ordnancesurvey.co.uk/id/7000000000041429,Scotland,http://data.ordnancesurvey.co.uk/id/country/scotland,,,
osgb4000000074750658,http://data.ordnancesurvey.co.uk/id/4000000074750658,Carraig Mhòr,,,,landform,Other Coastal Landform,136763,717717,1000,50000,136513,717506,137013,718006,PA67,http://data.ordnancesurvey.co.uk/id/postcodedistrict/PA67,,,,,,,Argyll and Bute,http://data.ordnancesurvey.co.uk/id/7000000000030106,http://data.ordnancesurvey.co.uk/ontology/admingeo/UnitaryAuthority,Scotland,http://data.ordnancesurvey.co.uk/id/7000000000041429,Scotland,http://data.ordnancesurvey.co.uk/id/country/scotland,,,
osgb4000000074798653,http://data.ordnancesurvey.co.uk/id/4000000074798653,Port Mòr,,,,hydrography,Bay,136860,718046,2000,150000,136580,717837,137080,718337,PA67,http://data.ordnancesurvey.co.uk/id/postcodedistrict/PA67,,,,,,,Argyll and Bute,http://data.ordnancesurvey.co.uk/id/7000000000030106,http://data.ordnancesurvey.co.uk/ontology/admingeo/UnitaryAuthority,Scotland,http://data.ordnancesurvey.co.uk/id/7000000000041429,Scotland,http://data.ordnancesurvey.co.uk/id/country/scotland,,,
osgb4000000074606949,http://data.ordnancesurvey.co.uk/id/4000000074606949,Corrach Eilean,,,,landform,Island,139214,718573,1000,800000,138964,718325,139464,718825,PA67,http://data.ordnancesurvey.co.uk/id/postcodedistrict/PA67,,,,,,,Argyll and Bute,http://data.ordnancesurvey.co.uk/id/7000000000030106,http://data.ordnancesurvey.co.uk/ontology/admingeo/UnitaryAuthority,Scotland,http://data.ordnancesurvey.co.uk/id/7000000000041429,Scotland,http://data.ordnancesurvey.co.uk/id/country/scotland,,,
osgb4000000074603898,http://data.ordnancesurvey.co.uk/id/4000000074603898,Bogha na Sgeire Leithe,,,,landform,Island,139960,718433,1000,800000,139711,718185,140211,718685,PA67,http://data.ordnancesurvey.co.uk/id/postcodedistrict/PA67,,,,,,,Argyll and Bute,http://data.ordnancesurvey.co.uk/id/7000000000030106,http://data.ordnancesurvey.co.uk/ontology/admingeo/UnitaryAuthority,Scotland,http://data.ordnancesurvey.co.uk/id/7000000000041429,Scotland,http://data.ordnancesurvey.co.uk/id/country/scotland,,,
osgb4000000074786184,http://data.ordnancesurvey.co.uk/id/4000000074786184,Port na Luing,,,,hydrography,Bay,132154,718149,2000,150000,131922,717901,132422,718401,PA66,http://data.ordnancesurvey.co.uk/id/postcodedistrict/PA66,,,,,,,Argyll and Bute,http://data.ordnancesurvey.co.uk/id/7000000000030106,http://data.ordnancesurvey.co.uk/ontology/admingeo/UnitaryAuthority,Scotland,http://data.ordnancesurvey.co.uk/id/7000000000041429,Scotland,http://data.ordnancesurvey.co.uk/id/country/scotland,,,
osgb4000000074715311,http://data.ordnancesurvey.co.uk/id/4000000074715311,Aird Buidhe a' Chùil,,,,landform,Other Coastal Landform,138929,718585,1000,20000,138680,718328,139180,718828,PA67,http://data.ordnancesurvey.co.uk/id/postcodedistrict/PA67,,,,,,,Argyll and Bute,http://data.ordnancesurvey.co.uk/id/7000000000030106,http://data.ordnancesurvey.co.uk/ontology/admingeo/UnitaryAuthority,Scotland,http://data.ordnancesurvey.co.uk/id/7000000000041429,Scotland,http://data.ordnancesurvey.co.uk/id/country/scotland,,,
osgb4000000074604752,http://data.ordnancesurvey.co.uk/id/4000000074604752,Sgeir Ghobhlach,,,,landform,Island,127758,712729,1000,800000,127508,712479,128008,712979,PA66,http://data.ordnancesurvey.co.uk/id/postcodedistrict/PA66,,,,,,,Argyll and Bute,http://data.ordnancesurvey.co.uk/id/7000000000030106,http://data.ordnancesurvey.co.uk/ontology/admingeo/UnitaryAuthority,Scotland,http://data.ordnancesurvey.co.uk/id/7000000000041429,Scotland,http://data.ordnancesurvey.co.uk/id/country/scotland,,,
osgb4000000074751434,http://data.ordnancesurvey.co.uk/id/4000000074751434,Sgeir na Trionaide,,,,landform,Island,138855,718348,1000,800000,138605,718094,139105,718594,PA67,http://data.ordnancesurvey.co.uk/id/postcodedistrict/PA67,,,,,,,Argyll and Bute,http://data.ordnancesurvey.co.uk/id/7000000000030106,http://data.ordnancesurvey.co.uk/ontology/admingeo/UnitaryAuthority,Scotland,http://data.ordnancesurvey.co.uk/id/7000000000041429,Scotland,http://data.ordnancesurvey.co.uk/id/country/scotland,,,
osgb4000000074750468,http://data.ordnancesurvey.co.uk/id/4000000074750468,Aird Buidhe,,,,landform,Coastal Headland,138996,718529,2000,750000,138746,718254,139246,718754,PA67,http://data.ordnancesurvey.co.uk/id/postcodedistrict/PA67,,,,,,,Argyll and Bute,http://data.ordnancesurvey.co.uk/id/7000000000030106,http://data.ordnancesurvey.co.uk/ontology/admingeo/UnitaryAuthority,Scotland,http://data.ordnancesurvey.co.uk/id/7000000000041429,Scotland,http://data.ordnancesurvey.co.uk/id/country/scotland,,,
osgb4000000074750657,http://data.ordnancesurvey.co.uk/id/4000000074750657,Rubh' Ardalanish,,,,landform,Coastal Headland,135920,716498,6000,750000,135477,716143,136363,716851,PA67,http://data.ordnancesurvey.co.uk/id/postcodedistrict/PA67,,,,,,,Argyll and Bute,http://data.ordnancesurvey.co.uk/id/7000000000030106,http://data.ordnancesurvey.co.uk/ontology/admingeo/UnitaryAuthority,Scotland,http://data.ordnancesurvey.co.uk/id/7000000000041429,Scotland,http://data.ordnancesurvey.co.uk/id/country/scotland,,,
osgb4000000074586485,http://data.ordnancesurvey.co.uk/id/4000000074586485,Dubh Sgeir,,,,landform,Other Coastal Landform,124337,719541,1000,50000,124097,719291,124597,719791,PA76,http://data.ordnancesurvey.co.uk/id/postcodedistrict/PA76,,,,,,,Argyll and Bute,http://data.ordnancesurvey.co.uk/id/7000000000030106,http://data.ordnancesurvey.co.uk/ontology/admingeo/UnitaryAuthority,Scotland,http://data.ordnancesurvey.co.uk/id/7000000000041429,Scotland,http://data.ordnancesurvey.co.uk/id/country/scotland,,,
osgb4000000074606959,http://data.ordnancesurvey.co.uk/id/4000000074606959,Torran Rocks,,,,landform,Group Of Islands,128685,714075,36000,3000000,126072,712108,131666,716041,PA66,http://data.ordnancesurvey.co.uk/id/postcodedistrict/PA66,,,,,,,Argyll and Bute,http://data.ordnancesurvey.co.uk/id/7000000000030106,http://data.ordnancesurvey.co.uk/ontology/admingeo/UnitaryAuthority,Scotland,http://data.ordnancesurvey.co.uk/id/7000000000041429,Scotland,http://data.ordnancesurvey.co.uk/id/country/scotland,,,
osgb4000000074796049,http://data.ordnancesurvey.co.uk/id/4000000074796049,Loch Cholarich,,,,hydrography,Inland Water,134168,718681,1000,500000,133916,718431,134416,718931,PA67,http://data.ordnancesurvey.co.uk/id/postcodedistrict/PA67,,,,,,,Argyll and Bute,http://data.ordnancesurvey.co.uk/id/7000000000030106,http://data.ordnancesurvey.co.uk/ontology/admingeo/UnitaryAuthority,Scotland,http://data.ordnancesurvey.co.uk/id/7000000000041429,Scotland,http://data.ordnancesurvey.co.uk/id/country/scotland,,,
osgb4000000074603984,http://data.ordnancesurvey.co.uk/id/4000000074603984,Eilean Chormaic,,,,landform,Island,139458,718624,1000,800000,139208,718372,139708,718872,PA67,http://data.ordnancesurvey.co.uk/id/postcodedistrict/PA67,,,,,,,Argyll and Bute,http://data.ordnancesurvey.co.uk/id/7000000000030106,http://data.ordnancesurvey.co.uk/ontology/admingeo/UnitaryAuthority,Scotland,http://data.ordnancesurvey.co.uk/id/7000000000041429,Scotland,http://data.ordnancesurvey.co.uk/id/country/scotland,,,
osgb4000000074588850,http://data.ordnancesurvey.co.uk/id/4000000074588850,Eilean a' Ghnoic Mhaoileanaich,,,,landform,Island,130815,719570,1000,800000,130565,719319,131065,719819,PA66,http://data.ordnancesurvey.co.uk/id/postcodedistrict/PA66,,,,,,,Argyll and Bute,http://data.ordnancesurvey.co.uk/id/7000000000030106,http://data.ordnancesurvey.co.uk/ontology/admingeo/UnitaryAuthority,Scotland,http://data.ordnancesurvey.co.uk/id/7000000000041429,Scotland,http://data.ordnancesurvey.co.uk/id/country/scotland,,,
