osgb4000000074543257,http://data.ordnancesurvey.co.uk/id/4000000074543257,Fersaid,gla,Fersit,eng,populatedPlace,Hamlet,235334,778194,5000,25000,235044,777963,235664,778463,PH31,http://data.ordnancesurvey.co.uk/id/postcodedistrict/PH31,,,,,,,Highland,http://data.ordnancesurvey.co.uk/id/7000000000029638,http://data.ordnancesurvey.co.uk/ontology/admingeo/UnitaryAuthority,Scotland,http://data.ordnancesurvey.co.uk/id/7000000000041429,Scotland,http://data.ordnancesurvey.co.uk/id/country/scotland,,http://dbpedia.org/resource/Fersit,
osgb5000005234095016,http://data.ordnancesurvey.co.uk/id/5000005234095016,Old Military Road,,,,transportNetwork,Named Road,221942,760114,20000,36000,219177,759723,224704,761806,PH50,http://data.ordnancesurvey.co.uk/id/postcodedistrict/PH50,,,,,,,Highland,http://data.ordnancesurvey.co.uk/id/7000000000029638,http://data.ordnancesurvey.co.uk/ontology/admingeo/UnitaryAuthority,Scotland,http://data.ordnancesurvey.co.uk/id/7000000000041429,Scotland,http://data.ordnancesurvey.co.uk/id/country/scotland,,,
osgb4000000074718781,http://data.ordnancesurvey.co.uk/id/4000000074718781,Coire Easain,,,,landform,Cirque Or Hollow,223562,772389,3000,30000,223310,772140,223810,772640,PH34,http://data.ordnancesurvey.co.uk/id/postcodedistrict/PH34,,,,,,,Highland,http://data.ordnancesurvey.co.uk/id/7000000000029638,http://data.ordnancesurvey.co.uk/ontology/admingeo/UnitaryAuthority,Scotland,http://data.ordnancesurvey.co.uk/id/7000000000041429,Scotland,http://data.ordnancesurvey.co.uk/id/country/scotland,,,
osgb4000000074778854,http://data.ordnancesurvey.co.uk/id/4000000074778854,Glac na Diollaid,,,,landform,Cirque Or Hollow,233844,766651,1000,30000,233600,766401,234100,766901,PH30,http://data.ordnancesurvey.co.uk/id/postcodedistrict/PH30,,,,,,,Highland,http://data.ordnancesurvey.co.uk/id/7000000000029638,http://data.ordnancesurvey.co.uk/ontology/admingeo/UnitaryAuthority,Scotland,http://data.ordnancesurvey.co.uk/id/7000000000041429,Scotland,http://data.ordnancesurvey.co.uk/id/country/scotland,,,
osgb4000000074710496,http://data.ordnancesurvey.co.uk/id/4000000074710496,Laggan Wood,,,,landcover,Woodland Or Forest,239598,779501,13000,400000,238580,778534,240615,780325,PH31,http://data.ordnancesurvey.co.uk/id/postcodedistrict/PH31,,,,,,,Highland,http://data.ordnancesurvey.co.uk/id/7000000000029638,http://data.ordnancesurvey.co.uk/ontology/admingeo/UnitaryAuthority,Scotland,http://data.ordnancesurvey.co.uk/id/7000000000041429,Scotland,http://data.ordnancesurvey.co.uk/id/country/scotland,,,
osgb4000000074734401,http://data.ordnancesurvey.co.uk/id/4000000074734401,Sliabh Loraich,,,,landcover,Woodland Or Forest,238764,779457,16000,400000,237497,778615,239960,780299,PH31,http://data.ordnancesurvey.co.uk/id/postcodedistrict/PH31,,,,,,,Highland,http://data.ordnancesurvey.co.uk/id/7000000000029638,http://data.ordnancesurvey.co.uk/ontology/admingeo/UnitaryAuthority,Scotland,http://data.ordnancesurvey.co.uk/id/7000000000041429,Scotland,http://data.ordnancesurvey.co.uk/id/country/scotland,,,
osgb4000000074603288,http://data.ordnancesurvey.co.uk/id/4000000074603288,Sgòr Eilde Beag,,,,landform,Hill Or Mountain,221963,765293,1000,300000,221713,765043,222213,765543,PH50,http://data.ordnancesurvey.co.uk/id/postcodedistrict/PH50,,,,,,,Highland,http://data.ordnancesurvey.co.uk/id/7000000000029638,http://data.ordnancesurvey.co.uk/ontology/admingeo/UnitaryAuthority,Scotland,http://data.ordnancesurvey.co.uk/id/7000000000041429,Scotland,http://data.ordnancesurvey.co.uk/id/country/scotland,,,
osgb4000000074719209,http://data.ordnancesurvey.co.uk/id/4000000074719209,Coire na Sliseig,,,,landform,Cirque Or Hollow,227592,766455,3000,30000,227343,766205,227843,766705,PH50,http://data.ordnancesurvey.co.uk/id/postcodedistrict/PH50,,,,,,,Highland,http://data.ordnancesurvey.co.uk/id/7000000000029638,http://data.ordnancesurvey.co.uk/ontology/admingeo/UnitaryAuthority,Scotland,http://data.ordnancesurvey.co.uk/id/7000000000041429,Scotland,http://data.ordnancesurvey.co.uk/id/country/scotland,,,
osgb4000000074793383,http://data.ordnancesurvey.co.uk/id/4000000074793383,Loch Eilde Mòr,,,,hydrography,Inland Water,223314,764031,20000,500000,221743,763180,224784,764881,PH50,http://data.ordnancesurvey.co.uk/id/postcodedistrict/PH50,,,,,,,Highland,http://data.ordnancesurvey.co.uk/id/7000000000029638,http://data.ordnancesurvey.co.uk/ontology/admingeo/UnitaryAuthority,Scotland,http://data.ordnancesurvey.co.uk/id/7000000000041429,Scotland,http://data.ordnancesurvey.co.uk/id/country/scotland,,,
osgb4000000074605813,http://data.ordnancesurvey.co.uk/id/4000000074605813,Garbh Chnapan,,,,landform,Hill Or Mountain,231463,768502,1000,300000,231213,768252,231713,768752,PH30,http://data.ordnancesurvey.co.uk/id/postcodedistrict/PH30,,,,,,,Highland,http://data.ordnancesurvey.co.uk/id/7000000000029638,http://data.ordnancesurvey.co.uk/ontology/admingeo/UnitaryAuthority,Scotland,http://data.ordnancesurvey.co.uk/id/7000000000041429,Scotland,http://data.ordnancesurvey.co.uk/id/country/scotland,,,
osgb4000000074588643,http://data.ordnancesurvey.co.uk/id/4000000074588643,Coire nan Each,,,,landform,Cirque Or Hollow,220417,769609,3000,30000,220168,769360,220668,769860,PH50,http://data.ordnancesurvey.co.uk/id/postcodedistrict/PH50,,,,,,,Highland,http://data.ordnancesurvey.co.uk/id/7000000000029638,http://data.ordnancesurvey.co.uk/ontology/admingeo/UnitaryAuthority,Scotland,http://data.ordnancesurvey.co.uk/id/7000000000041429,Scotland,http://data.ordnancesurvey.co.uk/id/country/scotland,,,
osgb4000000074793268,http://data.ordnancesurvey.co.uk/id/4000000074793268,Loch Treig,,,,hydrography,Inland Water,232822,770356,55000,500000,230815,768698,234828,777160,PH30,http://data.ordnancesurvey.co.uk/id/postcodedistrict/PH30,,,,,,,Highland,http://data.ordnancesurvey.co.uk/id/7000000000029638,http://data.ordnancesurvey.co.uk/ontology/admingeo/UnitaryAuthority,Scotland,http://data.ordnancesurvey.co.uk/id/7000000000041429,Scotland,http://data.ordnancesurvey.co.uk/id/country/scotland,,,
osgb4000000074778800,http://data.ordnancesurvey.co.uk/id/4000000074778800,Sròn Beinn na Cloiche,,,,landform,Other Landform,228323,764690,5000,15000,228057,764285,228589,765016,PH50,http://data.ordnancesurvey.co.uk/id/postcodedistrict/PH50,,,,,,,Highland,http://data.ordnancesurvey.co.uk/id/7000000000029638,http://data.ordnancesurvey.co.uk/ontology/admingeo/UnitaryAuthority,Scotland,http://data.ordnancesurvey.co.uk/id/7000000000041429,Scotland,http://data.ordnancesurvey.co.uk/id/country/scotland,,,
osgb4000000074607081,http://data.ordnancesurvey.co.uk/id/4000000074607081,Cruach Innse,,,,landform,Hill Or Mountain,227993,776372,1000,300000,227743,776122,228243,776622,PH31,http://data.ordnancesurvey.co.uk/id/postcodedistrict/PH31,,,,,,,Highland,http://data.ordnancesurvey.co.uk/id/7000000000029638,http://data.ordnancesurvey.co.uk/ontology/admingeo/UnitaryAuthority,Scotland,http://data.ordnancesurvey.co.uk/id/7000000000041429,Scotland,http://data.ordnancesurvey.co.uk/id/country/scotland,,,
osgb4000000074793724,http://data.ordnancesurvey.co.uk/id/4000000074793724,Loch a' Bhùic,,,,hydrography,Inland Water,226424,778773,1000,500000,226178,778523,226678,779023,PH31,http://data.ordnancesurvey.co.uk/id/postcodedistrict/PH31,,,,,,,Highland,http://data.ordnancesurvey.co.uk/id/7000000000029638,http://data.ordnancesurvey.co.uk/ontology/admingeo/UnitaryAuthority,Scotland,http://data.ordnancesurvey.co.uk/id/7000000000041429,Scotland,http://data.ordnancesurvey.co.uk/id/country/scotland,,,
osgb4000000074726366,http://data.ordnancesurvey.co.uk/id/4000000074726366,Coire nan Laogh,,,,landform,Valley,225703,774553,4000,800000,225363,774303,225956,774803,PH31,http://data.ordnancesurvey.co.uk/id/postcodedistrict/PH31,,,,,,,Highland,http://data.ordnancesurvey.co.uk/id/7000000000029638,http://data.ordnancesurvey.co.uk/ontology/admingeo/UnitaryAuthority,Scotland,http://data.ordnancesurvey.co.uk/id/7000000000041429,Scotland,http://data.ordnancesurvey.co.uk/id/country/scotland,,,
osgb4000000074810419,http://data.ordnancesurvey.co.uk/id/4000000074810419,Stob Coire Easain,,,,landform,Hill Or Mountain,230807,773067,1000,300000,230557,772817,231057,773317,PH31,http://data.ordnancesurvey.co.uk/id/postcodedistrict/PH31,,,,,,,Highland,http://data.ordnancesurvey.co.uk/id/7000000000029638,http://data.ordnancesurvey.co.uk/ontology/admingeo/UnitaryAuthority,Scotland,http://data.ordnancesurvey.co.uk/id/7000000000041429,Scotland,http://data.ordnancesurvey.co.uk/id/country/scotland,,,
osgb4000000074607078,http://data.ordnancesurvey.co.uk/id/4000000074607078,Stob an t-Slèibhe,,,,landform,Hill Or Mountain,237002,779344,1000,300000,236752,779094,237252,779594,PH31,http://data.ordnancesurvey.co.uk/id/postcodedistrict/PH31,,,,,,,Highland,http://data.ordnancesurvey.co.uk/id/7000000000029638,http://data.ordnancesurvey.co.uk/ontology/admingeo/UnitaryAuthority,Scotland,http://data.ordnancesurvey.co.uk/id/7000000000041429,Scotland,http://data.ordnancesurvey.co.uk/id/country/scotland,,,
osgb4000000074810099,http://data.ordnancesurvey.co.uk/id/4000000074810099,Braigh na h-Aibhne,,,,hydrography,Inland Water,223209,760750,1000,35000,222960,760500,223460,761000,PH50,http://data.ordnancesurvey.co.uk/id/postcodedistrict/PH50,,,,,,,Highland,http://data.ordnancesurvey.co.uk/id/7000000000029638,http://data.ordnancesurvey.co.uk/ontology/admingeo/UnitaryAuthority,Scotland,http://data.ordnancesurvey.co.uk/id/7000000000041429,Scotland,http://data.ordnancesurvey.co.uk/id/country/scotland,,,
osgb4000000074718782,http://data.ordnancesurvey.co.uk/id/4000000074718782,Coire an Mhadaidh,,,,landform,Cirque Or Hollow,223790,772814,3000,30000,223541,772564,224041,773064,PH34,http://data.ordnancesurvey.co.uk/id/postcodedistrict/PH34,,,,,,,Highland,http://data.ordnancesurvey.co.uk/id/7000000000029638,http://data.ordnancesurvey.co.uk/ontology/admingeo/UnitaryAuthority,Scotland,http://data.ordnancesurvey.co.uk/id/7000000000041429,Scotland,http://data.ordnancesurvey.co.uk/id/country/scotland,,,
osgb4000000074793768,http://data.ordnancesurvey.co.uk/id/4000000074793768,Loch a' Bharain,,,,hydrography,Inland Water,237039,766573,1000,500000,236799,766323,237299,766823,PH30,http://data.ordnancesurvey.co.uk/id/postcodedistrict/PH30,,,,,,,Highland,http://data.ordnancesurvey.co.uk/id/7000000000029638,http://data.ordnancesurvey.co.uk/ontology/admingeo/UnitaryAuthority,Scotland,http://data.ordnancesurvey.co.uk/id/7000000000041429,Scotland,http://data.ordnancesurvey.co.uk/id/country/scotland,,,
osgb4000000074605810,http://data.ordnancesurvey.co.uk/id/4000000074605810,Meall Dhearcaig,,,,landform,Hill Or Mountain,239458,774903,1000,300000,239208,774653,239708,775153,PH30,http://data.ordnancesurvey.co.uk/id/postcodedistrict/PH30,,,,,,,Highland,http://data.ordnancesurvey.co.uk/id/7000000000029638,http://data.ordnancesurvey.co.uk/ontology/admingeo/UnitaryAuthority,Scotland,http://data.ordnancesurvey.co.uk/id/7000000000041429,Scotland,http://data.ordnancesurvey.co.uk/id/country/scotland,,,
osgb4000000074604138,http://data.ordnancesurvey.co.uk/id/4000000074604138,Sgùrr Choinnich Beag,,,,landform,Hill Or Mountain,222019,771038,1000,300000,221769,770788,222269,771288,PH50,http://data.ordnancesurvey.co.uk/id/postcodedistrict/PH50,,,,,,,Highland,http://data.ordnancesurvey.co.uk/id/7000000000029638,http://data.ordnancesurvey.co.uk/ontology/admingeo/UnitaryAuthority,Scotland,http://data.ordnancesurvey.co.uk/id/7000000000041429,Scotland,http://data.ordnancesurvey.co.uk/id/country/scotland,,,
osgb4000000074598737,http://data.ordnancesurvey.co.uk/id/4000000074598737,Creag Dhubh,,,,landform,Hill Or Mountain,237847,777022,1000,300000,237597,776772,238097,777272,PH31,http://data.ordnancesurvey.co.uk/id/postcodedistrict/PH31,,,,,,,Highland,http://data.ordnancesurvey.co.uk/id/7000000000029638,http://data.ordnancesurvey.co.uk/ontology/admingeo/UnitaryAuthority,Scotland,http://data.ordnancesurvey.co.uk/id/7000000000041429,Scotland,http://data.ordnancesurvey.co.uk/id/country/scotland,,,
osgb4000000074588711,http://data.ordnancesurvey.co.uk/id/4000000074588711,Coire Dubh,,,,landform,Cirque Or Hollow,231208,776770,3000,30000,230958,776520,231458,777020,PH31,http://data.ordnancesurvey.co.uk/id/postcodedistrict/PH31,,,,,,,Highland,http://data.ordnancesurvey.co.uk/id/7000000000029638,http://data.ordnancesurvey.co.uk/ontology/admingeo/UnitaryAuthority,Scotland,http://data.ordnancesurvey.co.uk/id/7000000000041429,Scotland,http://data.ordnancesurvey.co.uk/id/country/scotland,,,
osgb4000000074719204,http://data.ordnancesurvey.co.uk/id/4000000074719204,Glas-Choire,,,,landform,Cirque Or Hollow,238014,773718,3000,30000,237760,773468,238260,773968,PH30,http://data.ordnancesurvey.co.uk/id/postcodedistrict/PH30,,,,,,,Highland,http://data.ordnancesurvey.co.uk/id/7000000000029638,http://data.ordnancesurvey.co.uk/ontology/admingeo/UnitaryAuthority,Scotland,http://data.ordnancesurvey.co.uk/id/7000000000041429,Scotland,http://data.ordnancesurvey.co.uk/id/country/scotland,,,
osgb4000000074719215,http://data.ordnancesurvey.co.uk/id/4000000074719215,Coire Easain Beag,,,,landform,Cirque Or Hollow,230987,773540,4000,30000,230683,773291,231282,773791,PH31,http://data.ordnancesurvey.co.uk/id/postcodedistrict/PH31,,,,,,,Highland,http://data.ordnancesurvey.co.uk/id/7000000000029638,http://data.ordnancesurvey.co.uk/ontology/admingeo/UnitaryAuthority,Scotland,http://data.ordnancesurvey.co.uk/id/7000000000041429,Scotland,http://data.ordnancesurvey.co.uk/id/country/scotland,,,
osgb4000000074607083,http://data.ordnancesurvey.co.uk/id/4000000074607083,Beinn Chlianaig,,,,landform,Hill Or Mountain,229268,778293,1000,300000,229018,778043,229518,778543,PH31,http://data.ordnancesurvey.co.uk/id/postcodedistrict/PH31,,,,,,,Highland,http://data.ordnancesurvey.co.uk/id/7000000000029638,http://data.ordnancesurvey.co.uk/ontology/admingeo/UnitaryAuthority,Scotland,http://data.ordnancesurvey.co.uk/id/7000000000041429,Scotland,http://data.ordnancesurvey.co.uk/id/country/scotland,,,
osgb4000000074719153,http://data.ordnancesurvey.co.uk/id/4000000074719153,Coire na Càbaig,,,,landform,Cirque Or Hollow,226222,770912,3000,30000,225971,770662,226471,771162,PH31,http://data.ordnancesurvey.co.uk/id/postcodedistrict/PH31,,,,,,,Highland,http://data.ordnancesurvey.co.uk/id/7000000000029638,http://data.ordnancesurvey.co.uk/ontology/admingeo/UnitaryAuthority,Scotland,http://data.ordnancesurvey.co.uk/id/7000000000041429,Scotland,http://data.ordnancesurvey.co.uk/id/country/scotland,,,
osgb4000000074718785,http://data.ordnancesurvey.co.uk/id/4000000074718785,Coire an Fhir Dhuibh,,,,landform,Cirque Or Hollow,221020,773964,3000,30000,220768,773714,221268,774214,PH33,http://data.ordnancesurvey.co.uk/id/postcodedistrict/PH33,,,,,,,Highland,http://data.ordnancesurvey.co.uk/id/7000000000029638,http://data.ordnancesurvey.co.uk/ontology/admingeo/UnitaryAuthority,Scotland,http://data.ordnancesurvey.co.uk/id/7000000000041429,Scotland,http://data.ordnancesurvey.co.uk/id/country/scotland,,,
osgb4000000074719207,http://data.ordnancesurvey.co.uk/id/4000000074719207,Gleann Iolairean,,,,landform,Valley,231568,767347,9000,800000,231319,766671,231819,768020,PH30,http://data.ordnancesurvey.co.uk/id/postcodedistrict/PH30,,,,,,,Highland,http://data.ordnancesurvey.co.uk/id/7000000000029638,http://data.ordnancesurvey.co.uk/ontology/admingeo/UnitaryAuthority,Scotland,http://data.ordnancesurvey.co.uk/id/7000000000041429,Scotland,http://data.ordnancesurvey.co.uk/id/country/scotland,,,
osgb4000000074605809,http://data.ordnancesurvey.co.uk/id/4000000074605809,Meall na Slingearaich,,,,landform,Hill Or Mountain,239724,772298,1000,300000,239474,772048,239974,772548,PH30,http://data.ordnancesurvey.co.uk/id/postcodedistrict/PH30,,,,,,,Highland,http://data.ordnancesurvey.co.uk/id/7000000000029638,http://data.ordnancesurvey.co.uk/ontology/admingeo/UnitaryAuthority,Scotland,http://data.ordnancesurvey.co.uk/id/7000000000041429,Scotland,http://data.ordnancesurvey.co.uk/id/country/scotland,,,
osgb4000000074605814,http://data.ordnancesurvey.co.uk/id/4000000074605814,Glas Bheinn,,,,landform,Hill Or Mountain,225895,764117,1000,300000,225645,763867,226145,764367,PH50,http://data.ordnancesurvey.co.uk/id/postcodedistrict/PH50,,,,,,,Highland,http://data.ordnancesurvey.co.uk/id/7000000000029638,http://data.ordnancesurvey.co.uk/ontology/admingeo/UnitaryAuthority,Scotland,http://data.ordnancesurvey.co.uk/id/7000000000041429,Scotland,http://data.ordnancesurvey.co.uk/id/country/scotland,,,
osgb4000000074589063,http://data.ordnancesurvey.co.uk/id/4000000074589063,Eilean a' Ghiuthais,,,,landform,Island,228497,768170,1000,800000,228243,767920,228743,768420,PH50,http://data.ordnancesurvey.co.uk/id/postcodedistrict/PH50,,,,,,,Highland,http://data.ordnancesurvey.co.uk/id/7000000000029638,http://data.ordnancesurvey.co.uk/ontology/admingeo/UnitaryAuthority,Scotland,http://data.ordnancesurvey.co.uk/id/7000000000041429,Scotland,http://data.ordnancesurvey.co.uk/id/country/scotland,,,
osgb4000000074718803,http://data.ordnancesurvey.co.uk/id/4000000074718803,Coire na Gaibhre,,,,landform,Cirque Or Hollow,226396,776098,2000,30000,226146,775848,226646,776348,PH31,http://data.ordnancesurvey.co.uk/id/postcodedistrict/PH31,,,,,,,Highland,http://data.ordnancesurvey.co.uk/id/7000000000029638,http://data.ordnancesurvey.co.uk/ontology/admingeo/UnitaryAuthority,Scotland,http://data.ordnancesurvey.co.uk/id/7000000000041429,Scotland,http://data.ordnancesurvey.co.uk/id/country/scotland,,,
osgb4000000074718804,http://data.ordnancesurvey.co.uk/id/4000000074718804,Coire Crìche,,,,landform,Cirque Or Hollow,229446,778695,3000,30000,229197,778445,229697,778945,PH31,http://data.ordnancesurvey.co.uk/id/postcodedistrict/PH31,,,,,,,Highland,http://data.ordnancesurvey.co.uk/id/7000000000029638,http://data.ordnancesurvey.co.uk/ontology/admingeo/UnitaryAuthority,Scotland,http://data.ordnancesurvey.co.uk/id/7000000000041429,Scotland,http://data.ordnancesurvey.co.uk/id/country/scotland,,,
osgb4000000074599712,http://data.ordnancesurvey.co.uk/id/4000000074599712,Beinn nan Each,,,,landform,Hill Or Mountain,227896,768917,1000,300000,227646,768667,228146,769167,PH50,http://data.ordnancesurvey.co.uk/id/postcodedistrict/PH50,,,,,,,Highland,http://data.ordnancesurvey.co.uk/id/7000000000029638,http://data.ordnancesurvey.co.uk/ontology/admingeo/UnitaryAuthority,Scotland,http://data.ordnancesurvey.co.uk/id/7000000000041429,Scotland,http://data.ordnancesurvey.co.uk/id/country/scotland,,,
osgb4000000074778797,http://data.ordnancesurvey.co.uk/id/4000000074778797,Cnoc nan Ceann Beaga,,,,landform,Hill Or Mountain,226610,778050,1000,300000,226360,777800,226860,778300,PH31,http://data.ordnancesurvey.co.uk/id/postcodedistrict/PH31,,,,,,,Highland,http://data.ordnancesurvey.co.uk/id/7000000000029638,http://data.ordnancesurvey.co.uk/ontology/admingeo/UnitaryAuthority,Scotland,http://data.ordnancesurvey.co.uk/id/7000000000041429,Scotland,http://data.ordnancesurvey.co.uk/id/country/scotland,,,
osgb4000000074745719,http://data.ordnancesurvey.co.uk/id/4000000074745719,Bad nan Cuileag,,,,landcover,Other Landcover,233314,768552,4000,1300000,233064,768194,233564,768826,PH30,http://data.ordnancesurvey.co.uk/id/postcodedistrict/PH30,,,,,,,Highland,http://data.ordnancesurvey.co.uk/id/7000000000029638,http://data.ordnancesurvey.co.uk/ontology/admingeo/UnitaryAuthority,Scotland,http://data.ordnancesurvey.co.uk/id/7000000000041429,Scotland,http://data.ordnancesurvey.co.uk/id/country/scotland,,,
osgb4000000074726177,http://data.ordnancesurvey.co.uk/id/4000000074726177,Coire an Lochain,,,,landform,Valley,224704,774046,3000,800000,224454,773806,224954,774306,PH34,http://data.ordnancesurvey.co.uk/id/postcodedistrict/PH34,,,,,,,Highland,http://data.ordnancesurvey.co.uk/id/7000000000029638,http://data.ordnancesurvey.co.uk/ontology/admingeo/UnitaryAuthority,Scotland,http://data.ordnancesurvey.co.uk/id/7000000000041429,Scotland,http://data.ordnancesurvey.co.uk/id/country/scotland,,,
osgb4000000074606657,http://data.ordnancesurvey.co.uk/id/4000000074606657,Stob Choire Claurigh,,,,landform,Hill Or Mountain,226200,773874,1000,300000,225950,773624,226450,774124,PH31,http://data.ordnancesurvey.co.uk/id/postcodedistrict/PH31,,,,,,,Highland,http://data.ordnancesurvey.co.uk/id/7000000000029638,http://data.ordnancesurvey.co.uk/ontology/admingeo/UnitaryAuthority,Scotland,http://data.ordnancesurvey.co.uk/id/7000000000041429,Scotland,http://data.ordnancesurvey.co.uk/id/country/scotland,,,
osgb4000000074719217,http://data.ordnancesurvey.co.uk/id/4000000074719217,Coire Claurigh,,,,landform,Cirque Or Hollow,227048,772960,3000,30000,226794,772711,227294,773211,PH31,http://data.ordnancesurvey.co.uk/id/postcodedistrict/PH31,,,,,,,Highland,http://data.ordnancesurvey.co.uk/id/7000000000029638,http://data.ordnancesurvey.co.uk/ontology/admingeo/UnitaryAuthority,Scotland,http://data.ordnancesurvey.co.uk/id/7000000000041429,Scotland,http://data.ordnancesurvey.co.uk/id/country/scotland,,,
osgb4000000074603292,http://data.ordnancesurvey.co.uk/id/4000000074603292,Meall Doire na h-Achlais,,,,landform,Hill Or Mountain,224289,768035,1000,300000,224039,767785,224539,768285,PH50,http://data.ordnancesurvey.co.uk/id/postcodedistrict/PH50,,,,,,,Highland,http://data.ordnancesurvey.co.uk/id/7000000000029638,http://data.ordnancesurvey.co.uk/ontology/admingeo/UnitaryAuthority,Scotland,http://data.ordnancesurvey.co.uk/id/7000000000041429,Scotland,http://data.ordnancesurvey.co.uk/id/country/scotland,,,
osgb4000000074778570,http://data.ordnancesurvey.co.uk/id/4000000074778570,Sròn na Cloiche Sgoilte,,,,landform,Other Landform,238753,772319,6000,15000,238353,771936,239152,772804,PH30,http://data.ordnancesurvey.co.uk/id/postcodedistrict/PH30,,,,,,,Highland,http://data.ordnancesurvey.co.uk/id/7000000000029638,http://data.ordnancesurvey.co.uk/ontology/admingeo/UnitaryAuthority,Scotland,http://data.ordnancesurvey.co.uk/id/7000000000041429,Scotland,http://data.ordnancesurvey.co.uk/id/country/scotland,,,
osgb4000000074745961,http://data.ordnancesurvey.co.uk/id/4000000074745961,Fèith a' Mhoraire,,,,landcover,Other Landcover,231999,766812,3000,1300000,231751,766562,232251,767062,PH30,http://data.ordnancesurvey.co.uk/id/postcodedistrict/PH30,,,,,,,Highland,http://data.ordnancesurvey.co.uk/id/7000000000029638,http://data.ordnancesurvey.co.uk/ontology/admingeo/UnitaryAuthority,Scotland,http://data.ordnancesurvey.co.uk/id/7000000000041429,Scotland,http://data.ordnancesurvey.co.uk/id/country/scotland,,,
osgb4000000074778619,http://data.ordnancesurvey.co.uk/id/4000000074778619,Sìdhean Dubh,,,,landform,Hill Or Mountain,226095,768759,1000,300000,225845,768509,226345,769009,PH50,http://data.ordnancesurvey.co.uk/id/postcodedistrict/PH50,,,,,,,Highland,http://data.ordnancesurvey.co.uk/id/7000000000029638,http://data.ordnancesurvey.co.uk/ontology/admingeo/UnitaryAuthority,Scotland,http://data.ordnancesurvey.co.uk/id/7000000000041429,Scotland,http://data.ordnancesurvey.co.uk/id/country/scotland,,,
osgb4000000074588726,http://data.ordnancesurvey.co.uk/id/4000000074588726,Coire Odhar,,,,landform,Cirque Or Hollow,223656,765605,3000,30000,223406,765355,223906,765855,PH50,http://data.ordnancesurvey.co.uk/id/postcodedistrict/PH50,,,,,,,Highland,http://data.ordnancesurvey.co.uk/id/7000000000029638,http://data.ordnancesurvey.co.uk/ontology/admingeo/UnitaryAuthority,Scotland,http://data.ordnancesurvey.co.uk/id/7000000000041429,Scotland,http://data.ordnancesurvey.co.uk/id/country/scotland,,,
osgb4000000074734396,http://data.ordnancesurvey.co.uk/id/4000000074734396,Pàirc nan Laogh,,,,landcover,Woodland Or Forest,233965,771544,3000,400000,233715,771297,234215,771797,PH30,http://data.ordnancesurvey.co.uk/id/postcodedistrict/PH30,,,,,,,Highland,http://data.ordnancesurvey.co.uk/id/7000000000029638,http://data.ordnancesurvey.co.uk/ontology/admingeo/UnitaryAuthority,Scotland,http://data.ordnancesurvey.co.uk/id/7000000000041429,Scotland,http://data.ordnancesurvey.co.uk/id/country/scotland,,,
osgb4000000074791054,http://data.ordnancesurvey.co.uk/id/4000000074791054,Easan Dubh,,,,hydrography,Waterfall,230707,769545,1000,15000,230457,769296,230957,769796,PH30,http://data.ordnancesurvey.co.uk/id/postcodedistrict/PH30,,,,,,,Highland,http://data.ordnancesurvey.co.uk/id/7000000000029638,http://data.ordnancesurvey.co.uk/ontology/admingeo/UnitaryAuthority,Scotland,http://data.ordnancesurvey.co.uk/id/7000000000041429,Scotland,http://data.ordnancesurvey.co.uk/id/country/scotland,,,
osgb4000000074778685,http://data.ordnancesurvey.co.uk/id/4000000074778685,Glac Bhàn,,,,landform,Cirque Or Hollow,235804,774135,2000,30000,235565,773885,236065,774385,PH31,http://data.ordnancesurvey.co.uk/id/postcodedistrict/PH31,,,,,,,Highland,http://data.ordnancesurvey.co.uk/id/7000000000029638,http://data.ordnancesurvey.co.uk/ontology/admingeo/UnitaryAuthority,Scotland,http://data.ordnancesurvey.co.uk/id/7000000000041429,Scotland,http://data.ordnancesurvey.co.uk/id/country/scotland,,,
osgb4000000074719151,http://data.ordnancesurvey.co.uk/id/4000000074719151,Coire Aluinn,,,,landform,Cirque Or Hollow,232456,774015,2000,30000,232207,773765,232707,774265,PH31,http://data.ordnancesurvey.co.uk/id/postcodedistrict/PH31,,,,,,,Highland,http://data.ordnancesurvey.co.uk/id/7000000000029638,http://data.ordnancesurvey.co.uk/ontology/admingeo/UnitaryAuthority,Scotland,http://data.ordnancesurvey.co.uk/id/7000000000041429,Scotland,http://data.ordnancesurvey.co.uk/id/country/scotland,,,
osgb4000000074778799,http://data.ordnancesurvey.co.uk/id/4000000074778799,Sròn a' Gharbh-Choire,,,,landform,Other Landform,221560,766759,3000,15000,221315,766509,221833,767009,PH50,http://data.ordnancesurvey.co.uk/id/postcodedistrict/PH50,,,,,,,Highland,http://data.ordnancesurvey.co.uk/id/7000000000029638,http://data.ordnancesurvey.co.uk/ontology/admingeo/UnitaryAuthority,Scotland,http://data.ordnancesurvey.co.uk/id/7000000000041429,Scotland,http://data.ordnancesurvey.co.uk/id/country/scotland,,,
osgb4000000074603711,http://data.ordnancesurvey.co.uk/id/4000000074603711,Binnein Mòr,,,,landform,Hill Or Mountain,221220,766353,1000,300000,220970,766103,221470,766603,PH50,http://data.ordnancesurvey.co.uk/id/postcodedistrict/PH50,,,,,,,Highland,http://data.ordnancesurvey.co.uk/id/7000000000029638,http://data.ordnancesurvey.co.uk/ontology/admingeo/UnitaryAuthority,Scotland,http://data.ordnancesurvey.co.uk/id/7000000000041429,Scotland,http://data.ordnancesurvey.co.uk/id/country/scotland,,,
osgb4000000074594790,http://data.ordnancesurvey.co.uk/id/4000000074594790,Beinn Bhàn,,,,landcover,Other Landcover,225359,775851,11000,1300000,224476,774945,226242,776675,PH34,http://data.ordnancesurvey.co.uk/id/postcodedistrict/PH34,,,,,,,Highland,http://data.ordnancesurvey.co.uk/id/7000000000029638,http://data.ordnancesurvey.co.uk/ontology/admingeo/UnitaryAuthority,Scotland,http://data.ordnancesurvey.co.uk/id/7000000000041429,Scotland,http://data.ordnancesurvey.co.uk/id/country/scotland,,,
osgb4000000074603723,http://data.ordnancesurvey.co.uk/id/4000000074603723,Tom na Sròine,,,,landform,Hill Or Mountain,220773,774513,1000,300000,220523,774263,221023,774763,PH33,http://data.ordnancesurvey.co.uk/id/postcodedistrict/PH33,,,,,,,Highland,http://data.ordnancesurvey.co.uk/id/7000000000029638,http://data.ordnancesurvey.co.uk/ontology/admingeo/UnitaryAuthority,Scotland,http://data.ordnancesurvey.co.uk/id/7000000000041429,Scotland,http://data.ordnancesurvey.co.uk/id/country/scotland,,,
osgb4000000074716224,http://data.ordnancesurvey.co.uk/id/4000000074716224,Coire nan Laogh,,,,landform,Cirque Or Hollow,221225,764566,3000,30000,220970,764316,221477,764816,PH50,http://data.ordnancesurvey.co.uk/id/postcodedistrict/PH50,,,,,,,Highland,http://data.ordnancesurvey.co.uk/id/7000000000029638,http://data.ordnancesurvey.co.uk/ontology/admingeo/UnitaryAuthority,Scotland,http://data.ordnancesurvey.co.uk/id/7000000000041429,Scotland,http://data.ordnancesurvey.co.uk/id/country/scotland,,,
osgb4000000074793719,http://data.ordnancesurvey.co.uk/id/4000000074793719,Lochan Uaine,,,,hydrography,Inland Water,235704,762762,1000,500000,235451,762512,235951,763012,PH17,http://data.ordnancesurvey.co.uk/id/postcodedistrict/PH17,,,,,,,Highland,http://data.ordnancesurvey.co.uk/id/7000000000029638,http://data.ordnancesurvey.co.uk/ontology/admingeo/UnitaryAuthority,Scotland,http://data.ordnancesurvey.co.uk/id/7000000000041429,Scotland,http://data.ordnancesurvey.co.uk/id/country/scotland,,,
osgb4000000074793177,http://data.ordnancesurvey.co.uk/id/4000000074793177,Loch na Staoineig,,,,hydrography,Inland Water,229257,765981,3000,500000,229007,765720,229507,766220,PH50,http://data.ordnancesurvey.co.uk/id/postcodedistrict/PH50,,,,,,,Highland,http://data.ordnancesurvey.co.uk/id/7000000000029638,http://data.ordnancesurvey.co.uk/ontology/admingeo/UnitaryAuthority,Scotland,http://data.ordnancesurvey.co.uk/id/7000000000041429,Scotland,http://data.ordnancesurvey.co.uk/id/country/scotland,,,
osgb4000000074762208,http://data.ordnancesurvey.co.uk/id/4000000074762208,Ruigh Ghobhainn,,,,landform,Hill Or Mountain,230358,775459,1000,300000,230108,775209,230608,775709,PH31,http://data.ordnancesurvey.co.uk/id/postcodedistrict/PH31,,,,,,,Highland,http://data.ordnancesurvey.co.uk/id/7000000000029638,http://data.ordnancesurvey.co.uk/ontology/admingeo/UnitaryAuthority,Scotland,http://data.ordnancesurvey.co.uk/id/7000000000041429,Scotland,http://data.ordnancesurvey.co.uk/id/country/scotland,,,
osgb4000000074604966,http://data.ordnancesurvey.co.uk/id/4000000074604966,Meall na Lice,,,,landform,Hill Or Mountain,238081,766700,1000,300000,237831,766450,238331,766950,PH30,http://data.ordnancesurvey.co.uk/id/postcodedistrict/PH30,,,,,,,Highland,http://data.ordnancesurvey.co.uk/id/7000000000029638,http://data.ordnancesurvey.co.uk/ontology/admingeo/UnitaryAuthority,Scotland,http://data.ordnancesurvey.co.uk/id/7000000000041429,Scotland,http://data.ordnancesurvey.co.uk/id/country/scotland,,,
osgb4000000074731943,http://data.ordnancesurvey.co.uk/id/4000000074731943,Killiechonate Forest,,,,landcover,Other Landcover,222475,772736,100000,1300000,214919,767876,230311,777596,PH33,http://data.ordnancesurvey.co.uk/id/postcodedistrict/PH33,,,,,,,Highland,http://data.ordnancesurvey.co.uk/id/7000000000029638,http://data.ordnancesurvey.co.uk/ontology/admingeo/UnitaryAuthority,Scotland,http://data.ordnancesurvey.co.uk/id/7000000000041429,Scotland,http://data.ordnancesurvey.co.uk/id/country/scotland,,,
osgb4000000074645054,http://data.ordnancesurvey.co.uk/id/4000000074645054,Doire nan Dearcag,,,,landcover,Woodland Or Forest,220501,767683,3000,400000,220155,767433,220655,767933,PH50,http://data.ordnancesurvey.co.uk/id/postcodedistrict/PH50,,,,,,,Highland,http://data.ordnancesurvey.co.uk/id/7000000000029638,http://data.ordnancesurvey.co.uk/ontology/admingeo/UnitaryAuthority,Scotland,http://data.ordnancesurvey.co.uk/id/7000000000041429,Scotland,http://data.ordnancesurvey.co.uk/id/country/scotland,,,
osgb4000000074591460,http://data.ordnancesurvey.co.uk/id/4000000074591460,Coire Làire,,,,landform,Valley,231535,775969,8000,800000,230958,775582,232128,776356,PH31,http://data.ordnancesurvey.co.uk/id/postcodedistrict/PH31,,,,,,,Highland,http://data.ordnancesurvey.co.uk/id/7000000000029638,http://data.ordnancesurvey.co.uk/ontology/admingeo/UnitaryAuthority,Scotland,http://data.ordnancesurvey.co.uk/id/7000000000041429,Scotland,http://data.ordnancesurvey.co.uk/id/country/scotland,,,
osgb4000000074762148,http://data.ordnancesurvey.co.uk/id/4000000074762148,Sgòr an Daimh,,,,landform,Hill Or Mountain,229131,771826,1000,300000,228881,771576,229381,772076,PH31,http://data.ordnancesurvey.co.uk/id/postcodedistrict/PH31,,,,,,,Highland,http://data.ordnancesurvey.co.uk/id/7000000000029638,http://data.ordnancesurvey.co.uk/ontology/admingeo/UnitaryAuthority,Scotland,http://data.ordnancesurvey.co.uk/id/7000000000041429,Scotland,http://data.ordnancesurvey.co.uk/id/country/scotland,,,
osgb4000000074591987,http://data.ordnancesurvey.co.uk/id/4000000074591987,Beinn na Socaich,,,,landform,Hill Or Mountain,223635,773484,1000,300000,223385,773234,223885,773734,PH34,http://data.ordnancesurvey.co.uk/id/postcodedistrict/PH34,,,,,,,Highland,http://data.ordnancesurvey.co.uk/id/7000000000029638,http://data.ordnancesurvey.co.uk/ontology/admingeo/UnitaryAuthority,Scotland,http://data.ordnancesurvey.co.uk/id/7000000000041429,Scotland,http://data.ordnancesurvey.co.uk/id/country/scotland,,,
osgb4000000074606236,http://data.ordnancesurvey.co.uk/id/4000000074606236,Meall Beag,,,,landform,Hill Or Mountain,228561,770162,1000,300000,228311,769912,228811,770412,PH31,http://data.ordnancesurvey.co.uk/id/postcodedistrict/PH31,,,,,,,Highland,http://data.ordnancesurvey.co.uk/id/7000000000029638,http://data.ordnancesurvey.co.uk/ontology/admingeo/UnitaryAuthority,Scotland,http://data.ordnancesurvey.co.uk/id/7000000000041429,Scotland,http://data.ordnancesurvey.co.uk/id/country/scotland,,,
osgb4000000074606654,http://data.ordnancesurvey.co.uk/id/4000000074606654,Sgùrr Innse,,,,landform,Hill Or Mountain,229025,774817,1000,300000,228775,774567,229275,775067,PH31,http://data.ordnancesurvey.co.uk/id/postcodedistrict/PH31,,,,,,,Highland,http://data.ordnancesurvey.co.uk/id/7000000000029638,http://data.ordnancesurvey.co.uk/ontology/admingeo/UnitaryAuthority,Scotland,http://data.ordnancesurvey.co.uk/id/7000000000041429,Scotland,http://data.ordnancesurvey.co.uk/id/country/scotland,,,
osgb4000000074591970,http://data.ordnancesurvey.co.uk/id/4000000074591970,Sròn na Garbh-bheinne,,,,landform,Hill Or Mountain,234249,769145,1000,300000,233999,768895,234499,769395,PH30,http://data.ordnancesurvey.co.uk/id/postcodedistrict/PH30,,,,,,,Highland,http://data.ordnancesurvey.co.uk/id/7000000000029638,http://data.ordnancesurvey.co.uk/ontology/admingeo/UnitaryAuthority,Scotland,http://data.ordnancesurvey.co.uk/id/7000000000041429,Scotland,http://data.ordnancesurvey.co.uk/id/country/scotland,,,
osgb4000000074604555,http://data.ordnancesurvey.co.uk/id/4000000074604555,Caisteal,,,,landform,Hill Or Mountain,224671,772939,1000,300000,224421,772689,224921,773189,PH34,http://data.ordnancesurvey.co.uk/id/postcodedistrict/PH34,,,,,,,Highland,http://data.ordnancesurvey.co.uk/id/7000000000029638,http://data.ordnancesurvey.co.uk/ontology/admingeo/UnitaryAuthority,Scotland,http://data.ordnancesurvey.co.uk/id/7000000000041429,Scotland,http://data.ordnancesurvey.co.uk/id/country/scotland,,,
osgb4000000074622248,http://data.ordnancesurvey.co.uk/id/4000000074622248,Meall Mòr,,,,landform,Hill Or Mountain,228053,770558,1000,300000,227803,770308,228303,770808,PH31,http://data.ordnancesurvey.co.uk/id/postcodedistrict/PH31,,,,,,,Highland,http://data.ordnancesurvey.co.uk/id/7000000000029638,http://data.ordnancesurvey.co.uk/ontology/admingeo/UnitaryAuthority,Scotland,http://data.ordnancesurvey.co.uk/id/7000000000041429,Scotland,http://data.ordnancesurvey.co.uk/id/country/scotland,,,
osgb4000000074778787,http://data.ordnancesurvey.co.uk/id/4000000074778787,Sròn na Saobhaidhe,,,,landform,Other Landform,229749,767131,4000,15000,229495,766907,230003,767519,PH50,http://data.ordnancesurvey.co.uk/id/postcodedistrict/PH50,,,,,,,Highland,http://data.ordnancesurvey.co.uk/id/7000000000029638,http://data.ordnancesurvey.co.uk/ontology/admingeo/UnitaryAuthority,Scotland,http://data.ordnancesurvey.co.uk/id/7000000000041429,Scotland,http://data.ordnancesurvey.co.uk/id/country/scotland,,,
osgb4000000074599711,http://data.ordnancesurvey.co.uk/id/4000000074599711,Sròn nan Gall,,,,landform,Hill Or Mountain,232541,768418,1000,300000,232291,768168,232791,768668,PH30,http://data.ordnancesurvey.co.uk/id/postcodedistrict/PH30,,,,,,,Highland,http://data.ordnancesurvey.co.uk/id/7000000000029638,http://data.ordnancesurvey.co.uk/ontology/admingeo/UnitaryAuthority,Scotland,http://data.ordnancesurvey.co.uk/id/7000000000041429,Scotland,http://data.ordnancesurvey.co.uk/id/country/scotland,,,
osgb4000000074719329,http://data.ordnancesurvey.co.uk/id/4000000074719329,Coire Bhealaich,,,,landform,Cirque Or Hollow,221149,770883,3000,30000,220899,770633,221399,771133,PH50,http://data.ordnancesurvey.co.uk/id/postcodedistrict/PH50,,,,,,,Highland,http://data.ordnancesurvey.co.uk/id/7000000000029638,http://data.ordnancesurvey.co.uk/ontology/admingeo/UnitaryAuthority,Scotland,http://data.ordnancesurvey.co.uk/id/7000000000041429,Scotland,http://data.ordnancesurvey.co.uk/id/country/scotland,,,
osgb4000000074608348,http://data.ordnancesurvey.co.uk/id/4000000074608348,Meall na Duibhe,,,,landform,Hill Or Mountain,222657,762322,1000,300000,222407,762072,222907,762572,PH50,http://data.ordnancesurvey.co.uk/id/postcodedistrict/PH50,,,,,,,Highland,http://data.ordnancesurvey.co.uk/id/7000000000029638,http://data.ordnancesurvey.co.uk/ontology/admingeo/UnitaryAuthority,Scotland,http://data.ordnancesurvey.co.uk/id/7000000000041429,Scotland,http://data.ordnancesurvey.co.uk/id/country/scotland,,,
osgb4000000074762138,http://data.ordnancesurvey.co.uk/id/4000000074762138,Ruigh na Braoileig,,,,landform,Hill Or Mountain,228910,772240,1000,300000,228660,771990,229160,772490,PH31,http://data.ordnancesurvey.co.uk/id/postcodedistrict/PH31,,,,,,,Highland,http://data.ordnancesurvey.co.uk/id/7000000000029638,http://data.ordnancesurvey.co.uk/ontology/admingeo/UnitaryAuthority,Scotland,http://data.ordnancesurvey.co.uk/id/7000000000041429,Scotland,http://data.ordnancesurvey.co.uk/id/country/scotland,,,
osgb4000000074604554,http://data.ordnancesurvey.co.uk/id/4000000074604554,Stob Coire an Laoigh,,,,landform,Hill Or Mountain,223993,772545,1000,300000,223743,772295,224243,772795,PH34,http://data.ordnancesurvey.co.uk/id/postcodedistrict/PH34,,,,,,,Highland,http://data.ordnancesurvey.co.uk/id/7000000000029638,http://data.ordnancesurvey.co.uk/ontology/admingeo/UnitaryAuthority,Scotland,http://data.ordnancesurvey.co.uk/id/7000000000041429,Scotland,http://data.ordnancesurvey.co.uk/id/country/scotland,,,
osgb4000000074718786,http://data.ordnancesurvey.co.uk/id/4000000074718786,Coire Choille-Rais,,,,landform,Cirque Or Hollow,220471,774823,4000,30000,220169,774574,220772,775074,PH33,http://data.ordnancesurvey.co.uk/id/postcodedistrict/PH33,,,,,,,Highland,http://data.ordnancesurvey.co.uk/id/7000000000029638,http://data.ordnancesurvey.co.uk/ontology/admingeo/UnitaryAuthority,Scotland,http://data.ordnancesurvey.co.uk/id/7000000000041429,Scotland,http://data.ordnancesurvey.co.uk/id/country/scotland,,,
osgb4000000074778747,http://data.ordnancesurvey.co.uk/id/4000000074778747,Glac a’ Ghiuthais,,,,landform,Cirque Or Hollow,227656,767792,4000,30000,227349,767512,227943,768072,PH50,http://data.ordnancesurvey.co.uk/id/postcodedistrict/PH50,,,,,,,Highland,http://data.ordnancesurvey.co.uk/id/7000000000029638,http://data.ordnancesurvey.co.uk/ontology/admingeo/UnitaryAuthority,Scotland,http://data.ordnancesurvey.co.uk/id/7000000000041429,Scotland,http://data.ordnancesurvey.co.uk/id/country/scotland,,,
osgb4000000074719206,http://data.ordnancesurvey.co.uk/id/4000000074719206,Coir' a' Bhric Beag,,,,landform,Cirque Or Hollow,233137,764851,6000,30000,232687,764518,233557,765183,PH30,http://data.ordnancesurvey.co.uk/id/postcodedistrict/PH30,,,,,,,Highland,http://data.ordnancesurvey.co.uk/id/7000000000029638,http://data.ordnancesurvey.co.uk/ontology/admingeo/UnitaryAuthority,Scotland,http://data.ordnancesurvey.co.uk/id/7000000000041429,Scotland,http://data.ordnancesurvey.co.uk/id/country/scotland,,,
osgb4000000074793305,http://data.ordnancesurvey.co.uk/id/4000000074793305,Ox Bow Lake,,,,hydrography,Inland Water,225677,769012,1000,500000,225413,768763,225913,769263,PH50,http://data.ordnancesurvey.co.uk/id/postcodedistrict/PH50,,,,,,,Highland,http://data.ordnancesurvey.co.uk/id/7000000000029638,http://data.ordnancesurvey.co.uk/ontology/admingeo/UnitaryAuthority,Scotland,http://data.ordnancesurvey.co.uk/id/7000000000041429,Scotland,http://data.ordnancesurvey.co.uk/id/country/scotland,,,
osgb4000000074719149,http://data.ordnancesurvey.co.uk/id/4000000074719149,Coir' a' Bhainne,,,,landform,Cirque Or Hollow,230909,766655,2000,30000,230657,766405,231157,766905,PH30,http://data.ordnancesurvey.co.uk/id/postcodedistrict/PH30,,,,,,,Highland,http://data.ordnancesurvey.co.uk/id/7000000000029638,http://data.ordnancesurvey.co.uk/ontology/admingeo/UnitaryAuthority,Scotland,http://data.ordnancesurvey.co.uk/id/7000000000041429,Scotland,http://data.ordnancesurvey.co.uk/id/country/scotland,,,
osgb4000000074719330,http://data.ordnancesurvey.co.uk/id/4000000074719330,Coire a' Bhuic,,,,landform,Cirque Or Hollow,220842,770451,3000,30000,220592,770202,221092,770702,PH50,http://data.ordnancesurvey.co.uk/id/postcodedistrict/PH50,,,,,,,Highland,http://data.ordnancesurvey.co.uk/id/7000000000029638,http://data.ordnancesurvey.co.uk/ontology/admingeo/UnitaryAuthority,Scotland,http://data.ordnancesurvey.co.uk/id/7000000000041429,Scotland,http://data.ordnancesurvey.co.uk/id/country/scotland,,,
osgb4000000074793510,http://data.ordnancesurvey.co.uk/id/4000000074793510,Loch nam Breac Reamhra,,,,hydrography,Inland Water,227048,761576,1000,500000,226799,761326,227299,761826,PH49,http://data.ordnancesurvey.co.uk/id/postcodedistrict/PH49,,,,,,,Highland,http://data.ordnancesurvey.co.uk/id/7000000000029638,http://data.ordnancesurvey.co.uk/ontology/admingeo/UnitaryAuthority,Scotland,http://data.ordnancesurvey.co.uk/id/7000000000041429,Scotland,http://data.ordnancesurvey.co.uk/id/country/scotland,,,
osgb4000000074719150,http://data.ordnancesurvey.co.uk/id/4000000074719150,Coire an t-Sluic,,,,landform,Cirque Or Hollow,230155,767539,2000,30000,229906,767290,230406,767790,PH30,http://data.ordnancesurvey.co.uk/id/postcodedistrict/PH30,,,,,,,Highland,http://data.ordnancesurvey.co.uk/id/7000000000029638,http://data.ordnancesurvey.co.uk/ontology/admingeo/UnitaryAuthority,Scotland,http://data.ordnancesurvey.co.uk/id/7000000000041429,Scotland,http://data.ordnancesurvey.co.uk/id/country/scotland,,,
osgb4000000074719308,http://data.ordnancesurvey.co.uk/id/4000000074719308,Coire a' Bhinnein,,,,landform,Valley,222341,766425,5000,800000,222091,766065,222591,766822,PH50,http://data.ordnancesurvey.co.uk/id/postcodedistrict/PH50,,,,,,,Highland,http://data.ordnancesurvey.co.uk/id/7000000000029638,http://data.ordnancesurvey.co.uk/ontology/admingeo/UnitaryAuthority,Scotland,http://data.ordnancesurvey.co.uk/id/7000000000041429,Scotland,http://data.ordnancesurvey.co.uk/id/country/scotland,,,
osgb4000000074719148,http://data.ordnancesurvey.co.uk/id/4000000074719148,Coire Dubh Beag,,,,landform,Cirque Or Hollow,225394,764399,3000,30000,225144,764149,225644,764649,PH50,http://data.ordnancesurvey.co.uk/id/postcodedistrict/PH50,,,,,,,Highland,http://data.ordnancesurvey.co.uk/id/7000000000029638,http://data.ordnancesurvey.co.uk/ontology/admingeo/UnitaryAuthority,Scotland,http://data.ordnancesurvey.co.uk/id/7000000000041429,Scotland,http://data.ordnancesurvey.co.uk/id/country/scotland,,,
osgb4000000074719146,http://data.ordnancesurvey.co.uk/id/4000000074719146,Coire Iain,,,,landform,Cirque Or Hollow,230370,762508,2000,30000,230120,762258,230620,762758,PH49,http://data.ordnancesurvey.co.uk/id/postcodedistrict/PH49,,,,,,,Highland,http://data.ordnancesurvey.co.uk/id/7000000000029638,http://data.ordnancesurvey.co.uk/ontology/admingeo/UnitaryAuthority,Scotland,http://data.ordnancesurvey.co.uk/id/7000000000041429,Scotland,http://data.ordnancesurvey.co.uk/id/country/scotland,,,
osgb4000000074793180,http://data.ordnancesurvey.co.uk/id/4000000074793180,Lochan Ruigh Phàil,,,,hydrography,Inland Water,236161,769934,1000,500000,235912,769685,236412,770185,PH30,http://data.ordnancesurvey.co.uk/id/postcodedistrict/PH30,,,,,,,Highland,http://data.ordnancesurvey.co.uk/id/7000000000029638,http://data.ordnancesurvey.co.uk/ontology/admingeo/UnitaryAuthority,Scotland,http://data.ordnancesurvey.co.uk/id/7000000000041429,Scotland,http://data.ordnancesurvey.co.uk/id/country/scotland,,,
osgb4000000074598771,http://data.ordnancesurvey.co.uk/id/4000000074598771,Coire Meadhon,,,,landform,Cirque Or Hollow,235837,772388,5000,30000,235454,772100,236211,772677,PH30,http://data.ordnancesurvey.co.uk/id/postcodedistrict/PH30,,,,,,,Highland,http://data.ordnancesurvey.co.uk/id/7000000000029638,http://data.ordnancesurvey.co.uk/ontology/admingeo/UnitaryAuthority,Scotland,http://data.ordnancesurvey.co.uk/id/7000000000041429,Scotland,http://data.ordnancesurvey.co.uk/id/country/scotland,,,
osgb4000000074727780,http://data.ordnancesurvey.co.uk/id/4000000074727780,Coire an Easain,,,,landform,Valley,220505,766081,4000,800000,220233,765832,220775,766332,PH50,http://data.ordnancesurvey.co.uk/id/postcodedistrict/PH50,,,,,,,Highland,http://data.ordnancesurvey.co.uk/id/7000000000029638,http://data.ordnancesurvey.co.uk/ontology/admingeo/UnitaryAuthority,Scotland,http://data.ordnancesurvey.co.uk/id/7000000000041429,Scotland,http://data.ordnancesurvey.co.uk/id/country/scotland,,,
osgb4000000074719218,http://data.ordnancesurvey.co.uk/id/4000000074719218,Coire Ràth,,,,landform,Cirque Or Hollow,226153,772845,4000,30000,225878,772595,226431,773095,PH31,http://data.ordnancesurvey.co.uk/id/postcodedistrict/PH31,,,,,,,Highland,http://data.ordnancesurvey.co.uk/id/7000000000029638,http://data.ordnancesurvey.co.uk/ontology/admingeo/UnitaryAuthority,Scotland,http://data.ordnancesurvey.co.uk/id/7000000000041429,Scotland,http://data.ordnancesurvey.co.uk/id/country/scotland,,,
osgb4000000074719399,http://data.ordnancesurvey.co.uk/id/4000000074719399,Coire na h-Achlais,,,,landform,Cirque Or Hollow,224587,768064,2000,30000,224341,767815,224841,768315,PH50,http://data.ordnancesurvey.co.uk/id/postcodedistrict/PH50,,,,,,,Highland,http://data.ordnancesurvey.co.uk/id/7000000000029638,http://data.ordnancesurvey.co.uk/ontology/admingeo/UnitaryAuthority,Scotland,http://data.ordnancesurvey.co.uk/id/7000000000041429,Scotland,http://data.ordnancesurvey.co.uk/id/country/scotland,,,
osgb4000000074745787,http://data.ordnancesurvey.co.uk/id/4000000074745787,Killiechonale Forest,,,,landcover,Other Landcover,223581,770158,11000,1300000,222758,769290,224403,771055,PH50,http://data.ordnancesurvey.co.uk/id/postcodedistrict/PH50,,,,,,,Highland,http://data.ordnancesurvey.co.uk/id/7000000000029638,http://data.ordnancesurvey.co.uk/ontology/admingeo/UnitaryAuthority,Scotland,http://data.ordnancesurvey.co.uk/id/7000000000041429,Scotland,http://data.ordnancesurvey.co.uk/id/country/scotland,,,
osgb4000000074604557,http://data.ordnancesurvey.co.uk/id/4000000074604557,Stob Coire an Fhir Dhuibh,,,,landform,Hill Or Mountain,220850,773613,1000,300000,220600,773363,221100,773863,PH33,http://data.ordnancesurvey.co.uk/id/postcodedistrict/PH33,,,,,,,Highland,http://data.ordnancesurvey.co.uk/id/7000000000029638,http://data.ordnancesurvey.co.uk/ontology/admingeo/UnitaryAuthority,Scotland,http://data.ordnancesurvey.co.uk/id/7000000000041429,Scotland,http://data.ordnancesurvey.co.uk/id/country/scotland,,,
osgb4000000074778541,http://data.ordnancesurvey.co.uk/id/4000000074778541,Sròn a' Choire Lèith,,,,landform,Other Landform,225558,773916,4000,15000,225308,773650,225808,774194,PH34,http://data.ordnancesurvey.co.uk/id/postcodedistrict/PH34,,,,,,,Highland,http://data.ordnancesurvey.co.uk/id/7000000000029638,http://data.ordnancesurvey.co.uk/ontology/admingeo/UnitaryAuthority,Scotland,http://data.ordnancesurvey.co.uk/id/7000000000041429,Scotland,http://data.ordnancesurvey.co.uk/id/country/scotland,,,
osgb4000000074603290,http://data.ordnancesurvey.co.uk/id/4000000074603290,Na Gruagaichean,,,,landform,Hill Or Mountain,220309,765200,1000,300000,220059,764950,220559,765450,PH50,http://data.ordnancesurvey.co.uk/id/postcodedistrict/PH50,,,,,,,Highland,http://data.ordnancesurvey.co.uk/id/7000000000029638,http://data.ordnancesurvey.co.uk/ontology/admingeo/UnitaryAuthority,Scotland,http://data.ordnancesurvey.co.uk/id/7000000000041429,Scotland,http://data.ordnancesurvey.co.uk/id/country/scotland,,,
osgb4000000074795611,http://data.ordnancesurvey.co.uk/id/4000000074795611,Easan Mòr,,,,hydrography,Waterfall,231778,771510,1000,15000,231528,771260,232028,771760,PH31,http://data.ordnancesurvey.co.uk/id/postcodedistrict/PH31,,,,,,,Highland,http://data.ordnancesurvey.co.uk/id/7000000000029638,http://data.ordnancesurvey.co.uk/ontology/admingeo/UnitaryAuthority,Scotland,http://data.ordnancesurvey.co.uk/id/7000000000041429,Scotland,http://data.ordnancesurvey.co.uk/id/country/scotland,,,
osgb4000000074603287,http://data.ordnancesurvey.co.uk/id/4000000074603287,Meall Beag,,,,landform,Hill Or Mountain,223770,763453,1000,300000,223520,763203,224020,763703,PH50,http://data.ordnancesurvey.co.uk/id/postcodedistrict/PH50,,,,,,,Highland,http://data.ordnancesurvey.co.uk/id/7000000000029638,http://data.ordnancesurvey.co.uk/ontology/admingeo/UnitaryAuthority,Scotland,http://data.ordnancesurvey.co.uk/id/7000000000041429,Scotland,http://data.ordnancesurvey.co.uk/id/country/scotland,,,
osgb4000000074605812,http://data.ordnancesurvey.co.uk/id/4000000074605812,Leum Uilleim,,,,landform,Hill Or Mountain,233078,764136,1000,300000,232828,763886,233328,764386,PH30,http://data.ordnancesurvey.co.uk/id/postcodedistrict/PH30,,,,,,,Highland,http://data.ordnancesurvey.co.uk/id/7000000000029638,http://data.ordnancesurvey.co.uk/ontology/admingeo/UnitaryAuthority,Scotland,http://data.ordnancesurvey.co.uk/id/7000000000041429,Scotland,http://data.ordnancesurvey.co.uk/id/country/scotland,,,
osgb4000000074719306,http://data.ordnancesurvey.co.uk/id/4000000074719306,Coire na Duibhe,,,,landform,Cirque Or Hollow,223721,762643,3000,30000,223469,762394,223969,762894,PH50,http://data.ordnancesurvey.co.uk/id/postcodedistrict/PH50,,,,,,,Highland,http://data.ordnancesurvey.co.uk/id/7000000000029638,http://data.ordnancesurvey.co.uk/ontology/admingeo/UnitaryAuthority,Scotland,http://data.ordnancesurvey.co.uk/id/7000000000041429,Scotland,http://data.ordnancesurvey.co.uk/id/country/scotland,,,
osgb4000000074719213,http://data.ordnancesurvey.co.uk/id/4000000074719213,Coire Shomhairle,,,,landform,Cirque Or Hollow,232995,774700,4000,30000,232695,774450,233305,774950,PH31,http://data.ordnancesurvey.co.uk/id/postcodedistrict/PH31,,,,,,,Highland,http://data.ordnancesurvey.co.uk/id/7000000000029638,http://data.ordnancesurvey.co.uk/ontology/admingeo/UnitaryAuthority,Scotland,http://data.ordnancesurvey.co.uk/id/7000000000041429,Scotland,http://data.ordnancesurvey.co.uk/id/country/scotland,,,
osgb4000000074718779,http://data.ordnancesurvey.co.uk/id/4000000074718779,Coire nan Cnamhan,,,,landform,Cirque Or Hollow,223236,771230,3000,30000,222986,770980,223486,771480,PH50,http://data.ordnancesurvey.co.uk/id/postcodedistrict/PH50,,,,,,,Highland,http://data.ordnancesurvey.co.uk/id/7000000000029638,http://data.ordnancesurvey.co.uk/ontology/admingeo/UnitaryAuthority,Scotland,http://data.ordnancesurvey.co.uk/id/7000000000041429,Scotland,http://data.ordnancesurvey.co.uk/id/country/scotland,,,
osgb4000000074726178,http://data.ordnancesurvey.co.uk/id/4000000074726178,Coire Meadhon,,,,landform,Valley,232045,773542,2000,800000,231795,773292,232295,773792,PH31,http://data.ordnancesurvey.co.uk/id/postcodedistrict/PH31,,,,,,,Highland,http://data.ordnancesurvey.co.uk/id/7000000000029638,http://data.ordnancesurvey.co.uk/ontology/admingeo/UnitaryAuthority,Scotland,http://data.ordnancesurvey.co.uk/id/7000000000041429,Scotland,http://data.ordnancesurvey.co.uk/id/country/scotland,,,
osgb4000000074622087,http://data.ordnancesurvey.co.uk/id/4000000074622087,Stob Bàn,,,,landform,Hill Or Mountain,226675,772396,1000,300000,226425,772146,226925,772646,PH31,http://data.ordnancesurvey.co.uk/id/postcodedistrict/PH31,,,,,,,Highland,http://data.ordnancesurvey.co.uk/id/7000000000029638,http://data.ordnancesurvey.co.uk/ontology/admingeo/UnitaryAuthority,Scotland,http://data.ordnancesurvey.co.uk/id/7000000000041429,Scotland,http://data.ordnancesurvey.co.uk/id/country/scotland,,,
osgb4000000074622092,http://data.ordnancesurvey.co.uk/id/4000000074622092,Beinn Bhàn,,,,landform,Hill Or Mountain,225445,775924,1000,300000,225195,775674,225695,776174,PH34,http://data.ordnancesurvey.co.uk/id/postcodedistrict/PH34,,,,,,,Highland,http://data.ordnancesurvey.co.uk/id/7000000000029638,http://data.ordnancesurvey.co.uk/ontology/admingeo/UnitaryAuthority,Scotland,http://data.ordnancesurvey.co.uk/id/7000000000041429,Scotland,http://data.ordnancesurvey.co.uk/id/country/scotland,,,
osgb4000000074719143,http://data.ordnancesurvey.co.uk/id/4000000074719143,Coire na Lap,,,,landform,Cirque Or Hollow,238138,769727,2000,30000,237888,769477,238388,769977,PH30,http://data.ordnancesurvey.co.uk/id/postcodedistrict/PH30,,,,,,,Highland,http://data.ordnancesurvey.co.uk/id/7000000000029638,http://data.ordnancesurvey.co.uk/ontology/admingeo/UnitaryAuthority,Scotland,http://data.ordnancesurvey.co.uk/id/7000000000041429,Scotland,http://data.ordnancesurvey.co.uk/id/country/scotland,,,
osgb4000000074606235,http://data.ordnancesurvey.co.uk/id/4000000074606235,Creagan a' Chaise,,,,landform,Hill Or Mountain,231072,770837,1000,300000,230822,770587,231322,771087,PH31,http://data.ordnancesurvey.co.uk/id/postcodedistrict/PH31,,,,,,,Highland,http://data.ordnancesurvey.co.uk/id/7000000000029638,http://data.ordnancesurvey.co.uk/ontology/admingeo/UnitaryAuthority,Scotland,http://data.ordnancesurvey.co.uk/id/7000000000041429,Scotland,http://data.ordnancesurvey.co.uk/id/country/scotland,,,
osgb4000000074606658,http://data.ordnancesurvey.co.uk/id/4000000074606658,Stob a' Choire Lèith,,,,landform,Hill Or Mountain,225685,773658,1000,300000,225435,773408,225935,773908,PH31,http://data.ordnancesurvey.co.uk/id/postcodedistrict/PH31,,,,,,,Highland,http://data.ordnancesurvey.co.uk/id/7000000000029638,http://data.ordnancesurvey.co.uk/ontology/admingeo/UnitaryAuthority,Scotland,http://data.ordnancesurvey.co.uk/id/7000000000041429,Scotland,http://data.ordnancesurvey.co.uk/id/country/scotland,,,
osgb4000000074710876,http://data.ordnancesurvey.co.uk/id/4000000074710876,Coille Coire an Eoin,,,,landcover,Woodland Or Forest,222833,775759,8000,400000,222400,775122,223266,776282,PH34,http://data.ordnancesurvey.co.uk/id/postcodedistrict/PH34,,,,,,,Highland,http://data.ordnancesurvey.co.uk/id/7000000000029638,http://data.ordnancesurvey.co.uk/ontology/admingeo/UnitaryAuthority,Scotland,http://data.ordnancesurvey.co.uk/id/7000000000041429,Scotland,http://data.ordnancesurvey.co.uk/id/country/scotland,,,
osgb4000000074719416,http://data.ordnancesurvey.co.uk/id/4000000074719416,Coire Choimhlidh,,,,landform,Cirque Or Hollow,224194,775725,4000,30000,223850,775431,224535,776018,PH34,http://data.ordnancesurvey.co.uk/id/postcodedistrict/PH34,,,,,,,Highland,http://data.ordnancesurvey.co.uk/id/7000000000029638,http://data.ordnancesurvey.co.uk/ontology/admingeo/UnitaryAuthority,Scotland,http://data.ordnancesurvey.co.uk/id/7000000000041429,Scotland,http://data.ordnancesurvey.co.uk/id/country/scotland,,,
osgb4000000074719152,http://data.ordnancesurvey.co.uk/id/4000000074719152,Coire Cruinn,,,,landform,Cirque Or Hollow,230096,771850,2000,30000,229842,771600,230342,772100,PH31,http://data.ordnancesurvey.co.uk/id/postcodedistrict/PH31,,,,,,,Highland,http://data.ordnancesurvey.co.uk/id/7000000000029638,http://data.ordnancesurvey.co.uk/ontology/admingeo/UnitaryAuthority,Scotland,http://data.ordnancesurvey.co.uk/id/7000000000041429,Scotland,http://data.ordnancesurvey.co.uk/id/country/scotland,,,
osgb4000000074719205,http://data.ordnancesurvey.co.uk/id/4000000074719205,Coir' a' Bhric Mòr,,,,landform,Cirque Or Hollow,231793,763341,6000,30000,231292,762939,232290,763743,PH49,http://data.ordnancesurvey.co.uk/id/postcodedistrict/PH49,,,,,,,Highland,http://data.ordnancesurvey.co.uk/id/7000000000029638,http://data.ordnancesurvey.co.uk/ontology/admingeo/UnitaryAuthority,Scotland,http://data.ordnancesurvey.co.uk/id/7000000000041429,Scotland,http://data.ordnancesurvey.co.uk/id/country/scotland,,,
osgb4000000074793470,http://data.ordnancesurvey.co.uk/id/4000000074793470,Blackwater Reservoir,,,,hydrography,Inland Water,229748,760351,82000,500000,224616,759280,237229,761421,PH49,http://data.ordnancesurvey.co.uk/id/postcodedistrict/PH49,,,,,,,Highland,http://data.ordnancesurvey.co.uk/id/7000000000029638,http://data.ordnancesurvey.co.uk/ontology/admingeo/UnitaryAuthority,Scotland,http://data.ordnancesurvey.co.uk/id/7000000000041429,Scotland,http://data.ordnancesurvey.co.uk/id/country/scotland,,,
osgb4000000074591932,http://data.ordnancesurvey.co.uk/id/4000000074591932,Beinn a' Bhric,,,,landform,Hill Or Mountain,231803,764225,1000,300000,231553,763975,232053,764475,PH30,http://data.ordnancesurvey.co.uk/id/postcodedistrict/PH30,,,,,,,Highland,http://data.ordnancesurvey.co.uk/id/7000000000029638,http://data.ordnancesurvey.co.uk/ontology/admingeo/UnitaryAuthority,Scotland,http://data.ordnancesurvey.co.uk/id/7000000000041429,Scotland,http://data.ordnancesurvey.co.uk/id/country/scotland,,,
osgb4000000074778618,http://data.ordnancesurvey.co.uk/id/4000000074778618,Sròn na Gàrbh-bheinne,,,,landform,Other Landform,235734,775575,3000,15000,235484,775326,235984,775826,PH31,http://data.ordnancesurvey.co.uk/id/postcodedistrict/PH31,,,,,,,Highland,http://data.ordnancesurvey.co.uk/id/7000000000029638,http://data.ordnancesurvey.co.uk/ontology/admingeo/UnitaryAuthority,Scotland,http://data.ordnancesurvey.co.uk/id/7000000000041429,Scotland,http://data.ordnancesurvey.co.uk/id/country/scotland,,,
osgb4000000074598647,http://data.ordnancesurvey.co.uk/id/4000000074598647,Stob Coire Easain,,,,landform,Hill Or Mountain,223480,772736,1000,300000,223230,772486,223730,772986,PH34,http://data.ordnancesurvey.co.uk/id/postcodedistrict/PH34,,,,,,,Highland,http://data.ordnancesurvey.co.uk/id/7000000000029638,http://data.ordnancesurvey.co.uk/ontology/admingeo/UnitaryAuthority,Scotland,http://data.ordnancesurvey.co.uk/id/7000000000041429,Scotland,http://data.ordnancesurvey.co.uk/id/country/scotland,,,
osgb4000000074606231,http://data.ordnancesurvey.co.uk/id/4000000074606231,Meall Garbh,,,,landform,Hill Or Mountain,237165,772761,1000,300000,236915,772511,237415,773011,PH30,http://data.ordnancesurvey.co.uk/id/postcodedistrict/PH30,,,,,,,Highland,http://data.ordnancesurvey.co.uk/id/7000000000029638,http://data.ordnancesurvey.co.uk/ontology/admingeo/UnitaryAuthority,Scotland,http://data.ordnancesurvey.co.uk/id/7000000000041429,Scotland,http://data.ordnancesurvey.co.uk/id/country/scotland,,,
osgb4000000074606233,http://data.ordnancesurvey.co.uk/id/4000000074606233,Stob a' Choire Mheadhoin,,,,landform,Hill Or Mountain,231664,773636,1000,300000,231414,773386,231914,773886,PH31,http://data.ordnancesurvey.co.uk/id/postcodedistrict/PH31,,,,,,,Highland,http://data.ordnancesurvey.co.uk/id/7000000000029638,http://data.ordnancesurvey.co.uk/ontology/admingeo/UnitaryAuthority,Scotland,http://data.ordnancesurvey.co.uk/id/7000000000041429,Scotland,http://data.ordnancesurvey.co.uk/id/country/scotland,,,
osgb4000000074591943,http://data.ordnancesurvey.co.uk/id/4000000074591943,Beinn na Cloiche,,,,landform,Hill Or Mountain,228474,764872,1000,300000,228224,764622,228724,765122,PH50,http://data.ordnancesurvey.co.uk/id/postcodedistrict/PH50,,,,,,,Highland,http://data.ordnancesurvey.co.uk/id/7000000000029638,http://data.ordnancesurvey.co.uk/ontology/admingeo/UnitaryAuthority,Scotland,http://data.ordnancesurvey.co.uk/id/7000000000041429,Scotland,http://data.ordnancesurvey.co.uk/id/country/scotland,,,
osgb4000000074718783,http://data.ordnancesurvey.co.uk/id/4000000074718783,Coire an Eas Bhàin,,,,landform,Cirque Or Hollow,223785,774946,3000,30000,223528,774696,224036,775196,PH34,http://data.ordnancesurvey.co.uk/id/postcodedistrict/PH34,,,,,,,Highland,http://data.ordnancesurvey.co.uk/id/7000000000029638,http://data.ordnancesurvey.co.uk/ontology/admingeo/UnitaryAuthority,Scotland,http://data.ordnancesurvey.co.uk/id/7000000000041429,Scotland,http://data.ordnancesurvey.co.uk/id/country/scotland,,,
osgb4000000074793632,http://data.ordnancesurvey.co.uk/id/4000000074793632,Loch Ossian,,,,hydrography,Inland Water,239775,768368,29000,500000,236797,766961,241263,769776,PH30,http://data.ordnancesurvey.co.uk/id/postcodedistrict/PH30,,,,,,,Highland,http://data.ordnancesurvey.co.uk/id/7000000000029638,http://data.ordnancesurvey.co.uk/ontology/admingeo/UnitaryAuthority,Scotland,http://data.ordnancesurvey.co.uk/id/7000000000041429,Scotland,http://data.ordnancesurvey.co.uk/id/country/scotland,,,
osgb4000000074588657,http://data.ordnancesurvey.co.uk/id/4000000074588657,Coire an Easain,,,,landform,Cirque Or Hollow,222151,771550,3000,30000,221901,771300,222401,771800,PH33,http://data.ordnancesurvey.co.uk/id/postcodedistrict/PH33,,,,,,,Highland,http://data.ordnancesurvey.co.uk/id/7000000000029638,http://data.ordnancesurvey.co.uk/ontology/admingeo/UnitaryAuthority,Scotland,http://data.ordnancesurvey.co.uk/id/7000000000041429,Scotland,http://data.ordnancesurvey.co.uk/id/country/scotland,,,
osgb4000000074719216,http://data.ordnancesurvey.co.uk/id/4000000074719216,Coire na Cabaig,,,,landform,Cirque Or Hollow,229591,774423,5000,30000,229225,774174,229965,774674,PH31,http://data.ordnancesurvey.co.uk/id/postcodedistrict/PH31,,,,,,,Highland,http://data.ordnancesurvey.co.uk/id/7000000000029638,http://data.ordnancesurvey.co.uk/ontology/admingeo/UnitaryAuthority,Scotland,http://data.ordnancesurvey.co.uk/id/7000000000041429,Scotland,http://data.ordnancesurvey.co.uk/id/country/scotland,,,
osgb4000000074606230,http://data.ordnancesurvey.co.uk/id/4000000074606230,Meall a' Bhainne,,,,landform,Hill Or Mountain,230630,766381,1000,300000,230380,766131,230880,766631,PH30,http://data.ordnancesurvey.co.uk/id/postcodedistrict/PH30,,,,,,,Highland,http://data.ordnancesurvey.co.uk/id/7000000000029638,http://data.ordnancesurvey.co.uk/ontology/admingeo/UnitaryAuthority,Scotland,http://data.ordnancesurvey.co.uk/id/7000000000041429,Scotland,http://data.ordnancesurvey.co.uk/id/country/scotland,,,
osgb4000000074719214,http://data.ordnancesurvey.co.uk/id/4000000074719214,Coire Ruigh na Braoileig,,,,landform,Cirque Or Hollow,230297,773134,2000,30000,230049,772884,230549,773384,PH31,http://data.ordnancesurvey.co.uk/id/postcodedistrict/PH31,,,,,,,Highland,http://data.ordnancesurvey.co.uk/id/7000000000029638,http://data.ordnancesurvey.co.uk/ontology/admingeo/UnitaryAuthority,Scotland,http://data.ordnancesurvey.co.uk/id/7000000000041429,Scotland,http://data.ordnancesurvey.co.uk/id/country/scotland,,,
osgb4000000074793176,http://data.ordnancesurvey.co.uk/id/4000000074793176,Loch Eilde Beag,,,,hydrography,Inland Water,225469,765368,6000,500000,225026,765033,225913,765951,PH50,http://data.ordnancesurvey.co.uk/id/postcodedistrict/PH50,,,,,,,Highland,http://data.ordnancesurvey.co.uk/id/7000000000029638,http://data.ordnancesurvey.co.uk/ontology/admingeo/UnitaryAuthority,Scotland,http://data.ordnancesurvey.co.uk/id/7000000000041429,Scotland,http://data.ordnancesurvey.co.uk/id/country/scotland,,,
osgb4000000074719211,http://data.ordnancesurvey.co.uk/id/4000000074719211,Coire Càrnach,,,,landform,Cirque Or Hollow,235104,771286,2000,30000,234853,771036,235353,771536,PH30,http://data.ordnancesurvey.co.uk/id/postcodedistrict/PH30,,,,,,,Highland,http://data.ordnancesurvey.co.uk/id/7000000000029638,http://data.ordnancesurvey.co.uk/ontology/admingeo/UnitaryAuthority,Scotland,http://data.ordnancesurvey.co.uk/id/7000000000041429,Scotland,http://data.ordnancesurvey.co.uk/id/country/scotland,,,
osgb4000000074728171,http://data.ordnancesurvey.co.uk/id/4000000074728171,Coire Odhar,,,,landform,Valley,231640,764874,4000,800000,231350,764624,231935,765124,PH30,http://data.ordnancesurvey.co.uk/id/postcodedistrict/PH30,,,,,,,Highland,http://data.ordnancesurvey.co.uk/id/7000000000029638,http://data.ordnancesurvey.co.uk/ontology/admingeo/UnitaryAuthority,Scotland,http://data.ordnancesurvey.co.uk/id/7000000000041429,Scotland,http://data.ordnancesurvey.co.uk/id/country/scotland,,,
osgb4000000074793347,http://data.ordnancesurvey.co.uk/id/4000000074793347,Lochan a' Chait,,,,hydrography,Inland Water,238973,762484,1000,500000,238750,762234,239250,762734,PH17,http://data.ordnancesurvey.co.uk/id/postcodedistrict/PH17,,,,,,,Highland,http://data.ordnancesurvey.co.uk/id/7000000000029638,http://data.ordnancesurvey.co.uk/ontology/admingeo/UnitaryAuthority,Scotland,http://data.ordnancesurvey.co.uk/id/7000000000041429,Scotland,http://data.ordnancesurvey.co.uk/id/country/scotland,,,
osgb4000000074603286,http://data.ordnancesurvey.co.uk/id/4000000074603286,Meall na Cruaidhe,,,,landform,Hill Or Mountain,224825,762575,1000,300000,224575,762325,225075,762825,PH50,http://data.ordnancesurvey.co.uk/id/postcodedistrict/PH50,,,,,,,Highland,http://data.ordnancesurvey.co.uk/id/7000000000029638,http://data.ordnancesurvey.co.uk/ontology/admingeo/UnitaryAuthority,Scotland,http://data.ordnancesurvey.co.uk/id/7000000000041429,Scotland,http://data.ordnancesurvey.co.uk/id/country/scotland,,,
osgb4000000074606655,http://data.ordnancesurvey.co.uk/id/4000000074606655,Stob Coire Cath na Sìne,,,,landform,Hill Or Mountain,225237,773051,1000,300000,224987,772801,225487,773301,PH34,http://data.ordnancesurvey.co.uk/id/postcodedistrict/PH34,,,,,,,Highland,http://data.ordnancesurvey.co.uk/id/7000000000029638,http://data.ordnancesurvey.co.uk/ontology/admingeo/UnitaryAuthority,Scotland,http://data.ordnancesurvey.co.uk/id/7000000000041429,Scotland,http://data.ordnancesurvey.co.uk/id/country/scotland,,,
osgb4000000074640118,http://data.ordnancesurvey.co.uk/id/4000000074640118,Leanachan Forest,,,,landcover,Woodland Or Forest,220954,778911,60000,400000,216020,776102,225208,781721,PH34,http://data.ordnancesurvey.co.uk/id/postcodedistrict/PH34,,,,,,,Highland,http://data.ordnancesurvey.co.uk/id/7000000000029638,http://data.ordnancesurvey.co.uk/ontology/admingeo/UnitaryAuthority,Scotland,http://data.ordnancesurvey.co.uk/id/7000000000041429,Scotland,http://data.ordnancesurvey.co.uk/id/country/scotland,,,
osgb4000000074719208,http://data.ordnancesurvey.co.uk/id/4000000074719208,Gleann na Giubhsachan,,,,landform,Valley,227692,765302,17000,800000,226856,764210,228528,766827,PH50,http://data.ordnancesurvey.co.uk/id/postcodedistrict/PH50,,,,,,,Highland,http://data.ordnancesurvey.co.uk/id/7000000000029638,http://data.ordnancesurvey.co.uk/ontology/admingeo/UnitaryAuthority,Scotland,http://data.ordnancesurvey.co.uk/id/7000000000041429,Scotland,http://data.ordnancesurvey.co.uk/id/country/scotland,,,
osgb4000000074806436,http://data.ordnancesurvey.co.uk/id/4000000074806436,Lochan nan Caorach,,,,hydrography,Inland Water,236303,777958,1000,500000,236059,777708,236559,778208,PH31,http://data.ordnancesurvey.co.uk/id/postcodedistrict/PH31,,,,,,,Highland,http://data.ordnancesurvey.co.uk/id/7000000000029638,http://data.ordnancesurvey.co.uk/ontology/admingeo/UnitaryAuthority,Scotland,http://data.ordnancesurvey.co.uk/id/7000000000041429,Scotland,http://data.ordnancesurvey.co.uk/id/country/scotland,,,
osgb4000000074762195,http://data.ordnancesurvey.co.uk/id/4000000074762195,Ruigh a' Choire Odhair Bhig,,,,landform,Hill Or Mountain,239021,766958,1000,300000,238771,766708,239271,767208,PH30,http://data.ordnancesurvey.co.uk/id/postcodedistrict/PH30,,,,,,,Highland,http://data.ordnancesurvey.co.uk/id/7000000000029638,http://data.ordnancesurvey.co.uk/ontology/admingeo/UnitaryAuthority,Scotland,http://data.ordnancesurvey.co.uk/id/7000000000041429,Scotland,http://data.ordnancesurvey.co.uk/id/country/scotland,,,
osgb4000000074597044,http://data.ordnancesurvey.co.uk/id/4000000074597044,Stob an Chul-Choire,,,,landform,Hill Or Mountain,220313,773114,1000,300000,220063,772864,220563,773364,PH33,http://data.ordnancesurvey.co.uk/id/postcodedistrict/PH33,,,,,,,Highland,http://data.ordnancesurvey.co.uk/id/7000000000029638,http://data.ordnancesurvey.co.uk/ontology/admingeo/UnitaryAuthority,Scotland,http://data.ordnancesurvey.co.uk/id/7000000000041429,Scotland,http://data.ordnancesurvey.co.uk/id/country/scotland,,,
osgb4000000074793267,http://data.ordnancesurvey.co.uk/id/4000000074793267,Lochan Coire an Lochain,,,,hydrography,Inland Water,236332,774357,2000,500000,236082,774074,236582,774574,PH31,http://data.ordnancesurvey.co.uk/id/postcodedistrict/PH31,,,,,,,Highland,http://data.ordnancesurvey.co.uk/id/7000000000029638,http://data.ordnancesurvey.co.uk/ontology/admingeo/UnitaryAuthority,Scotland,http://data.ordnancesurvey.co.uk/id/7000000000041429,Scotland,http://data.ordnancesurvey.co.uk/id/country/scotland,,,
osgb4000000074719154,http://data.ordnancesurvey.co.uk/id/4000000074719154,Coire Easain Mór,,,,landform,Cirque Or Hollow,230802,772247,2000,30000,230552,772000,231052,772500,PH31,http://data.ordnancesurvey.co.uk/id/postcodedistrict/PH31,,,,,,,Highland,http://data.ordnancesurvey.co.uk/id/7000000000029638,http://data.ordnancesurvey.co.uk/ontology/admingeo/UnitaryAuthority,Scotland,http://data.ordnancesurvey.co.uk/id/7000000000041429,Scotland,http://data.ordnancesurvey.co.uk/id/country/scotland,,,
osgb4000000074603291,http://data.ordnancesurvey.co.uk/id/4000000074603291,Sgùrr Eilde Mòr,,,,landform,Hill Or Mountain,223055,765784,1000,300000,222805,765534,223305,766034,PH50,http://data.ordnancesurvey.co.uk/id/postcodedistrict/PH50,,,,,,,Highland,http://data.ordnancesurvey.co.uk/id/7000000000029638,http://data.ordnancesurvey.co.uk/ontology/admingeo/UnitaryAuthority,Scotland,http://data.ordnancesurvey.co.uk/id/7000000000041429,Scotland,http://data.ordnancesurvey.co.uk/id/country/scotland,,,
osgb4000000074793509,http://data.ordnancesurvey.co.uk/id/4000000074793509,Loch nam Breac Mòra,,,,hydrography,Inland Water,227498,761491,1000,500000,227248,761241,227748,761741,PH49,http://data.ordnancesurvey.co.uk/id/postcodedistrict/PH49,,,,,,,Highland,http://data.ordnancesurvey.co.uk/id/7000000000029638,http://data.ordnancesurvey.co.uk/ontology/admingeo/UnitaryAuthority,Scotland,http://data.ordnancesurvey.co.uk/id/7000000000041429,Scotland,http://data.ordnancesurvey.co.uk/id/country/scotland,,,
osgb4000000074793178,http://data.ordnancesurvey.co.uk/id/4000000074793178,Ox-Bow Lake,,,,hydrography,Inland Water,228569,767552,1000,500000,228319,767296,228819,767796,PH50,http://data.ordnancesurvey.co.uk/id/postcodedistrict/PH50,,,,,,,Highland,http://data.ordnancesurvey.co.uk/id/7000000000029638,http://data.ordnancesurvey.co.uk/ontology/admingeo/UnitaryAuthority,Scotland,http://data.ordnancesurvey.co.uk/id/7000000000041429,Scotland,http://data.ordnancesurvey.co.uk/id/country/scotland,,,
osgb4000000074791019,http://data.ordnancesurvey.co.uk/id/4000000074791019,Eas Chlianaig,,,,hydrography,Waterfall,227678,779893,1000,15000,227428,779643,227928,780143,PH31,http://data.ordnancesurvey.co.uk/id/postcodedistrict/PH31,,,,,,,Highland,http://data.ordnancesurvey.co.uk/id/7000000000029638,http://data.ordnancesurvey.co.uk/ontology/admingeo/UnitaryAuthority,Scotland,http://data.ordnancesurvey.co.uk/id/7000000000041429,Scotland,http://data.ordnancesurvey.co.uk/id/country/scotland,,,
osgb4000000074719219,http://data.ordnancesurvey.co.uk/id/4000000074719219,Coire Cath na Sìne,,,,landform,Cirque Or Hollow,225721,773257,3000,30000,225470,773007,225970,773507,PH31,http://data.ordnancesurvey.co.uk/id/postcodedistrict/PH31,,,,,,,Highland,http://data.ordnancesurvey.co.uk/id/7000000000029638,http://data.ordnancesurvey.co.uk/ontology/admingeo/UnitaryAuthority,Scotland,http://data.ordnancesurvey.co.uk/id/7000000000041429,Scotland,http://data.ordnancesurvey.co.uk/id/country/scotland,,,
osgb4000000074606234,http://data.ordnancesurvey.co.uk/id/4000000074606234,Creag Ghuanach,,,,landform,Hill Or Mountain,229994,769001,1000,300000,229744,768751,230244,769251,PH30,http://data.ordnancesurvey.co.uk/id/postcodedistrict/PH30,,,,,,,Highland,http://data.ordnancesurvey.co.uk/id/7000000000029638,http://data.ordnancesurvey.co.uk/ontology/admingeo/UnitaryAuthority,Scotland,http://data.ordnancesurvey.co.uk/id/7000000000041429,Scotland,http://data.ordnancesurvey.co.uk/id/country/scotland,,,
osgb4000000074718784,http://data.ordnancesurvey.co.uk/id/4000000074718784,Coire an Eòin,,,,landform,Valley,222248,773731,5000,800000,221998,773336,222498,774085,PH33,http://data.ordnancesurvey.co.uk/id/postcodedistrict/PH33,,,,,,,Highland,http://data.ordnancesurvey.co.uk/id/7000000000029638,http://data.ordnancesurvey.co.uk/ontology/admingeo/UnitaryAuthority,Scotland,http://data.ordnancesurvey.co.uk/id/7000000000041429,Scotland,http://data.ordnancesurvey.co.uk/id/country/scotland,,,
osgb4000000074604137,http://data.ordnancesurvey.co.uk/id/4000000074604137,Sgùrr Choinnich Mòr,,,,landform,Hill Or Mountain,222770,771417,1000,300000,222520,771167,223020,771667,PH33,http://data.ordnancesurvey.co.uk/id/postcodedistrict/PH33,,,,,,,Highland,http://data.ordnancesurvey.co.uk/id/7000000000029638,http://data.ordnancesurvey.co.uk/ontology/admingeo/UnitaryAuthority,Scotland,http://data.ordnancesurvey.co.uk/id/7000000000041429,Scotland,http://data.ordnancesurvey.co.uk/id/country/scotland,,,
osgb4000000074815870,http://data.ordnancesurvey.co.uk/id/4000000074815870,Sròn Ruadh,,,,landform,Other Landform,237789,773517,4000,15000,237539,773252,238089,773782,PH30,http://data.ordnancesurvey.co.uk/id/postcodedistrict/PH30,,,,,,,Highland,http://data.ordnancesurvey.co.uk/id/7000000000029638,http://data.ordnancesurvey.co.uk/ontology/admingeo/UnitaryAuthority,Scotland,http://data.ordnancesurvey.co.uk/id/7000000000041429,Scotland,http://data.ordnancesurvey.co.uk/id/country/scotland,,,
osgb4000000074778568,http://data.ordnancesurvey.co.uk/id/4000000074778568,Sròn an Lochain,,,,landform,Other Landform,224630,773723,4000,15000,224380,773440,224880,774085,PH34,http://data.ordnancesurvey.co.uk/id/postcodedistrict/PH34,,,,,,,Highland,http://data.ordnancesurvey.co.uk/id/7000000000029638,http://data.ordnancesurvey.co.uk/ontology/admingeo/UnitaryAuthority,Scotland,http://data.ordnancesurvey.co.uk/id/7000000000041429,Scotland,http://data.ordnancesurvey.co.uk/id/country/scotland,,,
osgb4000000074603710,http://data.ordnancesurvey.co.uk/id/4000000074603710,Binnein Beag,,,,landform,Hill Or Mountain,222175,767721,1000,300000,221925,767471,222425,767971,PH50,http://data.ordnancesurvey.co.uk/id/postcodedistrict/PH50,,,,,,,Highland,http://data.ordnancesurvey.co.uk/id/7000000000029638,http://data.ordnancesurvey.co.uk/ontology/admingeo/UnitaryAuthority,Scotland,http://data.ordnancesurvey.co.uk/id/7000000000041429,Scotland,http://data.ordnancesurvey.co.uk/id/country/scotland,,,
osgb4000000074586027,http://data.ordnancesurvey.co.uk/id/4000000074586027,The Grey Corries,,,,landform,Hill Or Mountain Ranges,225370,773651,53000,3000000,221643,769585,229097,777813,PH34,http://data.ordnancesurvey.co.uk/id/postcodedistrict/PH34,,,,,,,Highland,http://data.ordnancesurvey.co.uk/id/7000000000029638,http://data.ordnancesurvey.co.uk/ontology/admingeo/UnitaryAuthority,Scotland,http://data.ordnancesurvey.co.uk/id/7000000000041429,Scotland,http://data.ordnancesurvey.co.uk/id/country/scotland,,,
osgb4000000074607080,http://data.ordnancesurvey.co.uk/id/4000000074607080,Cnap Cruinn,,,,landform,Hill Or Mountain,230287,777491,1000,300000,230037,777241,230537,777741,PH31,http://data.ordnancesurvey.co.uk/id/postcodedistrict/PH31,,,,,,,Highland,http://data.ordnancesurvey.co.uk/id/7000000000029638,http://data.ordnancesurvey.co.uk/ontology/admingeo/UnitaryAuthority,Scotland,http://data.ordnancesurvey.co.uk/id/7000000000041429,Scotland,http://data.ordnancesurvey.co.uk/id/country/scotland,,,
osgb4000000074778553,http://data.ordnancesurvey.co.uk/id/4000000074778553,Sròn an Lagain Ghaibh,,,,landform,Other Landform,233734,764547,5000,15000,233372,764285,234096,764908,PH30,http://data.ordnancesurvey.co.uk/id/postcodedistrict/PH30,,,,,,,Highland,http://data.ordnancesurvey.co.uk/id/7000000000029638,http://data.ordnancesurvey.co.uk/ontology/admingeo/UnitaryAuthority,Scotland,http://data.ordnancesurvey.co.uk/id/7000000000041429,Scotland,http://data.ordnancesurvey.co.uk/id/country/scotland,,,
osgb4000000074778592,http://data.ordnancesurvey.co.uk/id/4000000074778592,Sròn nam Fead,,,,landform,Other Landform,220612,777920,7000,15000,220064,777432,221159,778405,PH34,http://data.ordnancesurvey.co.uk/id/postcodedistrict/PH34,,,,,,,Highland,http://data.ordnancesurvey.co.uk/id/7000000000029638,http://data.ordnancesurvey.co.uk/ontology/admingeo/UnitaryAuthority,Scotland,http://data.ordnancesurvey.co.uk/id/7000000000041429,Scotland,http://data.ordnancesurvey.co.uk/id/country/scotland,,,
osgb4000000074622093,http://data.ordnancesurvey.co.uk/id/4000000074622093,Cnoc nan Ceann Mòra,,,,landform,Hill Or Mountain,227262,777580,1000,300000,227012,777330,227512,777830,PH31,http://data.ordnancesurvey.co.uk/id/postcodedistrict/PH31,,,,,,,Highland,http://data.ordnancesurvey.co.uk/id/7000000000029638,http://data.ordnancesurvey.co.uk/ontology/admingeo/UnitaryAuthority,Scotland,http://data.ordnancesurvey.co.uk/id/7000000000041429,Scotland,http://data.ordnancesurvey.co.uk/id/country/scotland,,,
osgb4000000074606653,http://data.ordnancesurvey.co.uk/id/4000000074606653,Meall a' Bhùirich,,,,landform,Hill Or Mountain,225474,770637,1000,300000,225224,770387,225724,770887,PH50,http://data.ordnancesurvey.co.uk/id/postcodedistrict/PH50,,,,,,,Highland,http://data.ordnancesurvey.co.uk/id/7000000000029638,http://data.ordnancesurvey.co.uk/ontology/admingeo/UnitaryAuthority,Scotland,http://data.ordnancesurvey.co.uk/id/7000000000041429,Scotland,http://data.ordnancesurvey.co.uk/id/country/scotland,,,
osgb4000000074793767,http://data.ordnancesurvey.co.uk/id/4000000074793767,Feur Lochan,,,,hydrography,Inland Water,236036,766034,1000,500000,235778,765784,236278,766284,PH30,http://data.ordnancesurvey.co.uk/id/postcodedistrict/PH30,,,,,,,Highland,http://data.ordnancesurvey.co.uk/id/7000000000029638,http://data.ordnancesurvey.co.uk/ontology/admingeo/UnitaryAuthority,Scotland,http://data.ordnancesurvey.co.uk/id/7000000000041429,Scotland,http://data.ordnancesurvey.co.uk/id/country/scotland,,,
osgb4000000074716497,http://data.ordnancesurvey.co.uk/id/4000000074716497,Coire an Lochain,,,,landform,Cirque Or Hollow,236899,773852,4000,30000,236583,773602,237219,774102,PH30,http://data.ordnancesurvey.co.uk/id/postcodedistrict/PH30,,,,,,,Highland,http://data.ordnancesurvey.co.uk/id/7000000000029638,http://data.ordnancesurvey.co.uk/ontology/admingeo/UnitaryAuthority,Scotland,http://data.ordnancesurvey.co.uk/id/7000000000041429,Scotland,http://data.ordnancesurvey.co.uk/id/country/scotland,,,
osgb4000000074607082,http://data.ordnancesurvey.co.uk/id/4000000074607082,Stob Coire Gaibhre,eng,Stob Coire na Gaibhre,gla,landform,Hill Or Mountain,226097,775717,1000,300000,225847,775467,226347,775967,PH31,http://data.ordnancesurvey.co.uk/id/postcodedistrict/PH31,,,,,,,Highland,http://data.ordnancesurvey.co.uk/id/7000000000029638,http://data.ordnancesurvey.co.uk/ontology/admingeo/UnitaryAuthority,Scotland,http://data.ordnancesurvey.co.uk/id/7000000000041429,Scotland,http://data.ordnancesurvey.co.uk/id/country/scotland,,,
osgb4000000074793721,http://data.ordnancesurvey.co.uk/id/4000000074793721,Loch na Tota,,,,hydrography,Inland Water,236555,766082,1000,500000,236309,765833,236809,766333,PH30,http://data.ordnancesurvey.co.uk/id/postcodedistrict/PH30,,,,,,,Highland,http://data.ordnancesurvey.co.uk/id/7000000000029638,http://data.ordnancesurvey.co.uk/ontology/admingeo/UnitaryAuthority,Scotland,http://data.ordnancesurvey.co.uk/id/7000000000041429,Scotland,http://data.ordnancesurvey.co.uk/id/country/scotland,,,
osgb4000000074793378,http://data.ordnancesurvey.co.uk/id/4000000074793378,Lochan an Daimh,,,,hydrography,Inland Water,238018,761876,1000,500000,237768,761626,238268,762126,PH17,http://data.ordnancesurvey.co.uk/id/postcodedistrict/PH17,,,,,,,Highland,http://data.ordnancesurvey.co.uk/id/7000000000029638,http://data.ordnancesurvey.co.uk/ontology/admingeo/UnitaryAuthority,Scotland,http://data.ordnancesurvey.co.uk/id/7000000000041429,Scotland,http://data.ordnancesurvey.co.uk/id/country/scotland,,,
osgb4000000074795505,http://data.ordnancesurvey.co.uk/id/4000000074795505,Na h-Easain,,,,hydrography,Waterfall,220306,768511,1000,15000,220057,768261,220557,768761,PH50,http://data.ordnancesurvey.co.uk/id/postcodedistrict/PH50,,,,,,,Highland,http://data.ordnancesurvey.co.uk/id/7000000000029638,http://data.ordnancesurvey.co.uk/ontology/admingeo/UnitaryAuthority,Scotland,http://data.ordnancesurvey.co.uk/id/7000000000041429,Scotland,http://data.ordnancesurvey.co.uk/id/country/scotland,,,
osgb4000000074585910,http://data.ordnancesurvey.co.uk/id/4000000074585910,Loch Treig Hills,,,,landform,Hill Or Mountain Ranges,234770,773722,98000,3000000,226548,767444,241645,780000,PH31,http://data.ordnancesurvey.co.uk/id/postcodedistrict/PH31,,,,,,,Highland,http://data.ordnancesurvey.co.uk/id/7000000000029638,http://data.ordnancesurvey.co.uk/ontology/admingeo/UnitaryAuthority,Scotland,http://data.ordnancesurvey.co.uk/id/7000000000041429,Scotland,http://data.ordnancesurvey.co.uk/id/country/scotland,,,
osgb4000000074591969,http://data.ordnancesurvey.co.uk/id/4000000074591969,Garbh-Bheinn,,,,landform,Hill Or Mountain,235842,771227,1000,300000,235592,770977,236092,771477,PH30,http://data.ordnancesurvey.co.uk/id/postcodedistrict/PH30,,,,,,,Highland,http://data.ordnancesurvey.co.uk/id/7000000000029638,http://data.ordnancesurvey.co.uk/ontology/admingeo/UnitaryAuthority,Scotland,http://data.ordnancesurvey.co.uk/id/7000000000041429,Scotland,http://data.ordnancesurvey.co.uk/id/country/scotland,,,
osgb4000000074717587,http://data.ordnancesurvey.co.uk/id/4000000074717587,Coire nan Each,,,,landform,Cirque Or Hollow,222963,775254,3000,30000,222710,775004,223233,775504,PH34,http://data.ordnancesurvey.co.uk/id/postcodedistrict/PH34,,,,,,,Highland,http://data.ordnancesurvey.co.uk/id/7000000000029638,http://data.ordnancesurvey.co.uk/ontology/admingeo/UnitaryAuthority,Scotland,http://data.ordnancesurvey.co.uk/id/7000000000041429,Scotland,http://data.ordnancesurvey.co.uk/id/country/scotland,,,
osgb4000000074594972,http://data.ordnancesurvey.co.uk/id/4000000074594972,Garbh-choire,,,,landform,Cirque Or Hollow,238992,774501,3000,30000,238742,774251,239242,774751,PH30,http://data.ordnancesurvey.co.uk/id/postcodedistrict/PH30,,,,,,,Highland,http://data.ordnancesurvey.co.uk/id/7000000000029638,http://data.ordnancesurvey.co.uk/ontology/admingeo/UnitaryAuthority,Scotland,http://data.ordnancesurvey.co.uk/id/7000000000041429,Scotland,http://data.ordnancesurvey.co.uk/id/country/scotland,,,
osgb4000000074605811,http://data.ordnancesurvey.co.uk/id/4000000074605811,Chno Dearg,,,,landform,Hill Or Mountain,237741,774106,1000,300000,237491,773856,237991,774356,PH30,http://data.ordnancesurvey.co.uk/id/postcodedistrict/PH30,,,,,,,Highland,http://data.ordnancesurvey.co.uk/id/7000000000029638,http://data.ordnancesurvey.co.uk/ontology/admingeo/UnitaryAuthority,Scotland,http://data.ordnancesurvey.co.uk/id/7000000000041429,Scotland,http://data.ordnancesurvey.co.uk/id/country/scotland,,,
osgb4000000074719147,http://data.ordnancesurvey.co.uk/id/4000000074719147,Coire na Cruaidhe,,,,landform,Valley,225369,763020,4000,800000,225119,762679,225619,763351,PH50,http://data.ordnancesurvey.co.uk/id/postcodedistrict/PH50,,,,,,,Highland,http://data.ordnancesurvey.co.uk/id/7000000000029638,http://data.ordnancesurvey.co.uk/ontology/admingeo/UnitaryAuthority,Scotland,http://data.ordnancesurvey.co.uk/id/7000000000041429,Scotland,http://data.ordnancesurvey.co.uk/id/country/scotland,,,
osgb4000000074606656,http://data.ordnancesurvey.co.uk/id/4000000074606656,Stob Coire na Ceannain,,,,landform,Hill Or Mountain,226786,774584,1000,300000,226536,774334,227036,774834,PH31,http://data.ordnancesurvey.co.uk/id/postcodedistrict/PH31,,,,,,,Highland,http://data.ordnancesurvey.co.uk/id/7000000000029638,http://data.ordnancesurvey.co.uk/ontology/admingeo/UnitaryAuthority,Scotland,http://data.ordnancesurvey.co.uk/id/7000000000041429,Scotland,http://data.ordnancesurvey.co.uk/id/country/scotland,,,
osgb4000000074591986,http://data.ordnancesurvey.co.uk/id/4000000074591986,Beinn na Lap,,,,landform,Hill Or Mountain,237620,769585,1000,300000,237370,769335,237870,769835,PH30,http://data.ordnancesurvey.co.uk/id/postcodedistrict/PH30,,,,,,,Highland,http://data.ordnancesurvey.co.uk/id/7000000000029638,http://data.ordnancesurvey.co.uk/ontology/admingeo/UnitaryAuthority,Scotland,http://data.ordnancesurvey.co.uk/id/7000000000041429,Scotland,http://data.ordnancesurvey.co.uk/id/country/scotland,,,
osgb4000000074620899,http://data.ordnancesurvey.co.uk/id/4000000074620899,Stob Coire Bhealaich,gla,Stob Coire a' Chùl-Choire,gla,landform,Hill Or Mountain,220224,770910,1000,300000,219974,770660,220474,771160,PH33,http://data.ordnancesurvey.co.uk/id/postcodedistrict/PH33,,,,,,,Highland,http://data.ordnancesurvey.co.uk/id/7000000000029638,http://data.ordnancesurvey.co.uk/ontology/admingeo/UnitaryAuthority,Scotland,http://data.ordnancesurvey.co.uk/id/7000000000041429,Scotland,http://data.ordnancesurvey.co.uk/id/country/scotland,,,
osgb4000000074793812,http://data.ordnancesurvey.co.uk/id/4000000074793812,Lochan Tom Ailein,,,,hydrography,Inland Water,227092,764077,1000,500000,226842,763822,227342,764322,PH50,http://data.ordnancesurvey.co.uk/id/postcodedistrict/PH50,,,,,,,Highland,http://data.ordnancesurvey.co.uk/id/7000000000029638,http://data.ordnancesurvey.co.uk/ontology/admingeo/UnitaryAuthority,Scotland,http://data.ordnancesurvey.co.uk/id/7000000000041429,Scotland,http://data.ordnancesurvey.co.uk/id/country/scotland,,,
osgb4000000074603722,http://data.ordnancesurvey.co.uk/id/4000000074603722,An Guirean,,,,landform,Hill Or Mountain,222267,775396,1000,300000,222017,775146,222517,775646,PH34,http://data.ordnancesurvey.co.uk/id/postcodedistrict/PH34,,,,,,,Highland,http://data.ordnancesurvey.co.uk/id/7000000000029638,http://data.ordnancesurvey.co.uk/ontology/admingeo/UnitaryAuthority,Scotland,http://data.ordnancesurvey.co.uk/id/7000000000041429,Scotland,http://data.ordnancesurvey.co.uk/id/country/scotland,,,
osgb4000000074718802,http://data.ordnancesurvey.co.uk/id/4000000074718802,Coire na Ceannain,,,,landform,Cirque Or Hollow,226275,775170,4000,30000,225948,774854,226607,775486,PH31,http://data.ordnancesurvey.co.uk/id/postcodedistrict/PH31,,,,,,,Highland,http://data.ordnancesurvey.co.uk/id/7000000000029638,http://data.ordnancesurvey.co.uk/ontology/admingeo/UnitaryAuthority,Scotland,http://data.ordnancesurvey.co.uk/id/7000000000041429,Scotland,http://data.ordnancesurvey.co.uk/id/country/scotland,,,
osgb4000000074639703,http://data.ordnancesurvey.co.uk/id/4000000074639703,Coille Lèanachain,,,,landcover,Woodland Or Forest,221833,777050,17000,400000,220462,776118,223129,777982,PH34,http://data.ordnancesurvey.co.uk/id/postcodedistrict/PH34,,,,,,,Highland,http://data.ordnancesurvey.co.uk/id/7000000000029638,http://data.ordnancesurvey.co.uk/ontology/admingeo/UnitaryAuthority,Scotland,http://data.ordnancesurvey.co.uk/id/7000000000041429,Scotland,http://data.ordnancesurvey.co.uk/id/country/scotland,,,
osgb4000000074719344,http://data.ordnancesurvey.co.uk/id/4000000074719344,Coire Dhearcaig,,,,landform,Valley,239254,775671,6000,800000,238829,775422,239728,775922,PH31,http://data.ordnancesurvey.co.uk/id/postcodedistrict/PH31,,,,,,,Highland,http://data.ordnancesurvey.co.uk/id/7000000000029638,http://data.ordnancesurvey.co.uk/ontology/admingeo/UnitaryAuthority,Scotland,http://data.ordnancesurvey.co.uk/id/7000000000041429,Scotland,http://data.ordnancesurvey.co.uk/id/country/scotland,,,
osgb4000000074793720,http://data.ordnancesurvey.co.uk/id/4000000074793720,Loch na Sgeallaig,,,,hydrography,Inland Water,236751,765786,6000,500000,236120,765536,237041,766036,PH30,http://data.ordnancesurvey.co.uk/id/postcodedistrict/PH30,,,,,,,Highland,http://data.ordnancesurvey.co.uk/id/7000000000029638,http://data.ordnancesurvey.co.uk/ontology/admingeo/UnitaryAuthority,Scotland,http://data.ordnancesurvey.co.uk/id/7000000000041429,Scotland,http://data.ordnancesurvey.co.uk/id/country/scotland,,,
osgb4000000074719203,http://data.ordnancesurvey.co.uk/id/4000000074719203,Coire nan Cnamh,,,,landform,Cirque Or Hollow,237584,773209,3000,30000,237336,772959,237837,773459,PH30,http://data.ordnancesurvey.co.uk/id/postcodedistrict/PH30,,,,,,,Highland,http://data.ordnancesurvey.co.uk/id/7000000000029638,http://data.ordnancesurvey.co.uk/ontology/admingeo/UnitaryAuthority,Scotland,http://data.ordnancesurvey.co.uk/id/7000000000041429,Scotland,http://data.ordnancesurvey.co.uk/id/country/scotland,,,
osgb4000000074604139,http://data.ordnancesurvey.co.uk/id/4000000074604139,Sgùrr a' Bhuic,,,,landform,Hill Or Mountain,220409,770168,1000,300000,220159,769918,220659,770418,PH50,http://data.ordnancesurvey.co.uk/id/postcodedistrict/PH50,,,,,,,Highland,http://data.ordnancesurvey.co.uk/id/7000000000029638,http://data.ordnancesurvey.co.uk/ontology/admingeo/UnitaryAuthority,Scotland,http://data.ordnancesurvey.co.uk/id/7000000000041429,Scotland,http://data.ordnancesurvey.co.uk/id/country/scotland,,,
osgb4000000074778617,http://data.ordnancesurvey.co.uk/id/4000000074778617,Srath Bàn,,,,landform,Other Landform,222264,775872,3000,15000,222013,775622,222532,776122,PH34,http://data.ordnancesurvey.co.uk/id/postcodedistrict/PH34,,,,,,,Highland,http://data.ordnancesurvey.co.uk/id/7000000000029638,http://data.ordnancesurvey.co.uk/ontology/admingeo/UnitaryAuthority,Scotland,http://data.ordnancesurvey.co.uk/id/7000000000041429,Scotland,http://data.ordnancesurvey.co.uk/id/country/scotland,,,
osgb4000000074793811,http://data.ordnancesurvey.co.uk/id/4000000074793811,Loch Coir' a' Bhric Beag,,,,hydrography,Inland Water,235723,766438,1000,500000,235473,766186,235973,766686,PH30,http://data.ordnancesurvey.co.uk/id/postcodedistrict/PH30,,,,,,,Highland,http://data.ordnancesurvey.co.uk/id/7000000000029638,http://data.ordnancesurvey.co.uk/ontology/admingeo/UnitaryAuthority,Scotland,http://data.ordnancesurvey.co.uk/id/7000000000041429,Scotland,http://data.ordnancesurvey.co.uk/id/country/scotland,,,
osgb4000000074645470,http://data.ordnancesurvey.co.uk/id/4000000074645470,Fersit Wood,,,,landcover,Woodland Or Forest,237576,778897,17000,400000,236237,777596,238915,780281,PH31,http://data.ordnancesurvey.co.uk/id/postcodedistrict/PH31,,,,,,,Highland,http://data.ordnancesurvey.co.uk/id/7000000000029638,http://data.ordnancesurvey.co.uk/ontology/admingeo/UnitaryAuthority,Scotland,http://data.ordnancesurvey.co.uk/id/7000000000041429,Scotland,http://data.ordnancesurvey.co.uk/id/country/scotland,,,
osgb4000000074606239,http://data.ordnancesurvey.co.uk/id/4000000074606239,Meall Chaorach,,,,landform,Hill Or Mountain,238352,775718,1000,300000,238102,775468,238602,775968,PH31,http://data.ordnancesurvey.co.uk/id/postcodedistrict/PH31,,,,,,,Highland,http://data.ordnancesurvey.co.uk/id/7000000000029638,http://data.ordnancesurvey.co.uk/ontology/admingeo/UnitaryAuthority,Scotland,http://data.ordnancesurvey.co.uk/id/7000000000041429,Scotland,http://data.ordnancesurvey.co.uk/id/country/scotland,,,
osgb4000000074793584,http://data.ordnancesurvey.co.uk/id/4000000074793584,Lochan Dubh,,,,hydrography,Inland Water,225176,761638,1000,500000,224926,761388,225426,761888,PH50,http://data.ordnancesurvey.co.uk/id/postcodedistrict/PH50,,,,,,,Highland,http://data.ordnancesurvey.co.uk/id/7000000000029638,http://data.ordnancesurvey.co.uk/ontology/admingeo/UnitaryAuthority,Scotland,http://data.ordnancesurvey.co.uk/id/7000000000041429,Scotland,http://data.ordnancesurvey.co.uk/id/country/scotland,,,
osgb4000000074815928,http://data.ordnancesurvey.co.uk/id/4000000074815928,Tòm a Chruaidh Uillt,,,,landform,Hill Or Mountain,228173,779446,1000,300000,227923,779196,228423,779696,PH31,http://data.ordnancesurvey.co.uk/id/postcodedistrict/PH31,,,,,,,Highland,http://data.ordnancesurvey.co.uk/id/7000000000029638,http://data.ordnancesurvey.co.uk/ontology/admingeo/UnitaryAuthority,Scotland,http://data.ordnancesurvey.co.uk/id/7000000000041429,Scotland,http://data.ordnancesurvey.co.uk/id/country/scotland,,,
osgb4000000074814748,http://data.ordnancesurvey.co.uk/id/4000000074814748,Dubh Lochan,,,,hydrography,Inland Water,223865,760623,5000,500000,223551,760373,224283,760873,PH50,http://data.ordnancesurvey.co.uk/id/postcodedistrict/PH50,,,,,,,Highland,http://data.ordnancesurvey.co.uk/id/7000000000029638,http://data.ordnancesurvey.co.uk/ontology/admingeo/UnitaryAuthority,Scotland,http://data.ordnancesurvey.co.uk/id/7000000000041429,Scotland,http://data.ordnancesurvey.co.uk/id/country/scotland,,,
osgb4000000074778595,http://data.ordnancesurvey.co.uk/id/4000000074778595,Rubha Ceann Aird Thonnaich,,,,landform,Other Landform,234265,776051,2000,15000,234015,775783,234515,776283,PH31,http://data.ordnancesurvey.co.uk/id/postcodedistrict/PH31,,,,,,,Highland,http://data.ordnancesurvey.co.uk/id/7000000000029638,http://data.ordnancesurvey.co.uk/ontology/admingeo/UnitaryAuthority,Scotland,http://data.ordnancesurvey.co.uk/id/7000000000041429,Scotland,http://data.ordnancesurvey.co.uk/id/country/scotland,,,
osgb4000000074806433,http://data.ordnancesurvey.co.uk/id/4000000074806433,Loch Chiarain,,,,hydrography,Inland Water,229164,763690,3000,500000,228914,763415,229414,763918,PH49,http://data.ordnancesurvey.co.uk/id/postcodedistrict/PH49,,,,,,,Highland,http://data.ordnancesurvey.co.uk/id/7000000000029638,http://data.ordnancesurvey.co.uk/ontology/admingeo/UnitaryAuthority,Scotland,http://data.ordnancesurvey.co.uk/id/7000000000041429,Scotland,http://data.ordnancesurvey.co.uk/id/country/scotland,,,
osgb4000000074719332,http://data.ordnancesurvey.co.uk/id/4000000074719332,Coire an Laoigh,,,,landform,Cirque Or Hollow,224340,772471,3000,30000,224095,772222,224595,772722,PH34,http://data.ordnancesurvey.co.uk/id/postcodedistrict/PH34,,,,,,,Highland,http://data.ordnancesurvey.co.uk/id/7000000000029638,http://data.ordnancesurvey.co.uk/ontology/admingeo/UnitaryAuthority,Scotland,http://data.ordnancesurvey.co.uk/id/7000000000041429,Scotland,http://data.ordnancesurvey.co.uk/id/country/scotland,,,
osgb4000000074607079,http://data.ordnancesurvey.co.uk/id/4000000074607079,Meall Laire,,,,landform,Hill Or Mountain,233235,778697,1000,300000,232985,778447,233485,778947,PH31,http://data.ordnancesurvey.co.uk/id/postcodedistrict/PH31,,,,,,,Highland,http://data.ordnancesurvey.co.uk/id/7000000000029638,http://data.ordnancesurvey.co.uk/ontology/admingeo/UnitaryAuthority,Scotland,http://data.ordnancesurvey.co.uk/id/7000000000041429,Scotland,http://data.ordnancesurvey.co.uk/id/country/scotland,,,
osgb4000000074778825,http://data.ordnancesurvey.co.uk/id/4000000074778825,Sìdhean Coire a' Bhinnein,,,,landform,Hill Or Mountain,222825,767068,1000,300000,222575,766818,223075,767318,PH50,http://data.ordnancesurvey.co.uk/id/postcodedistrict/PH50,,,,,,,Highland,http://data.ordnancesurvey.co.uk/id/7000000000029638,http://data.ordnancesurvey.co.uk/ontology/admingeo/UnitaryAuthority,Scotland,http://data.ordnancesurvey.co.uk/id/7000000000041429,Scotland,http://data.ordnancesurvey.co.uk/id/country/scotland,,,
osgb4000000074793680,http://data.ordnancesurvey.co.uk/id/4000000074793680,Loch na Lap,,,,hydrography,Inland Water,239653,771593,4000,500000,239403,771179,239903,771741,PH30,http://data.ordnancesurvey.co.uk/id/postcodedistrict/PH30,,,,,,,Highland,http://data.ordnancesurvey.co.uk/id/7000000000029638,http://data.ordnancesurvey.co.uk/ontology/admingeo/UnitaryAuthority,Scotland,http://data.ordnancesurvey.co.uk/id/7000000000041429,Scotland,http://data.ordnancesurvey.co.uk/id/country/scotland,,,
osgb4000000074719210,http://data.ordnancesurvey.co.uk/id/4000000074719210,Coire Odhar Ruigh Phàil,,,,landform,Cirque Or Hollow,236943,770059,6000,30000,236472,769810,237419,770310,PH30,http://data.ordnancesurvey.co.uk/id/postcodedistrict/PH30,,,,,,,Highland,http://data.ordnancesurvey.co.uk/id/7000000000029638,http://data.ordnancesurvey.co.uk/ontology/admingeo/UnitaryAuthority,Scotland,http://data.ordnancesurvey.co.uk/id/7000000000041429,Scotland,http://data.ordnancesurvey.co.uk/id/country/scotland,,,
osgb4000000073301808,http://data.ordnancesurvey.co.uk/id/4000000073301808,Corrour,,,,transportNetwork,Railway Station,235610,766419,1000,50000,235360,766174,235860,766674,PH30,http://data.ordnancesurvey.co.uk/id/postcodedistrict/PH30,,,,,,,Highland,http://data.ordnancesurvey.co.uk/id/7000000000029638,http://data.ordnancesurvey.co.uk/ontology/admingeo/UnitaryAuthority,Scotland,http://data.ordnancesurvey.co.uk/id/7000000000041429,Scotland,http://data.ordnancesurvey.co.uk/id/country/scotland,,,
osgb4000000074639287,http://data.ordnancesurvey.co.uk/id/4000000074639287,Doire Dubh,,,,landcover,Woodland Or Forest,232042,775854,5000,400000,231655,775487,232429,776104,PH31,http://data.ordnancesurvey.co.uk/id/postcodedistrict/PH31,,,,,,,Highland,http://data.ordnancesurvey.co.uk/id/7000000000029638,http://data.ordnancesurvey.co.uk/ontology/admingeo/UnitaryAuthority,Scotland,http://data.ordnancesurvey.co.uk/id/7000000000041429,Scotland,http://data.ordnancesurvey.co.uk/id/country/scotland,,,
osgb4000000074793179,http://data.ordnancesurvey.co.uk/id/4000000074793179,Lochan a' Chuirn Dheirg,,,,hydrography,Inland Water,227099,766303,1000,500000,226850,766057,227350,766557,PH50,http://data.ordnancesurvey.co.uk/id/postcodedistrict/PH50,,,,,,,Highland,http://data.ordnancesurvey.co.uk/id/7000000000029638,http://data.ordnancesurvey.co.uk/ontology/admingeo/UnitaryAuthority,Scotland,http://data.ordnancesurvey.co.uk/id/7000000000041429,Scotland,http://data.ordnancesurvey.co.uk/id/country/scotland,,,
osgb4000000074606232,http://data.ordnancesurvey.co.uk/id/4000000074606232,Stob Coire Sgrìodain,,,,landform,Hill Or Mountain,235669,774377,1000,300000,235419,774127,235919,774627,PH31,http://data.ordnancesurvey.co.uk/id/postcodedistrict/PH31,,,,,,,Highland,http://data.ordnancesurvey.co.uk/id/7000000000029638,http://data.ordnancesurvey.co.uk/ontology/admingeo/UnitaryAuthority,Scotland,http://data.ordnancesurvey.co.uk/id/7000000000041429,Scotland,http://data.ordnancesurvey.co.uk/id/country/scotland,,,
osgb4000000074604136,http://data.ordnancesurvey.co.uk/id/4000000074604136,Tom an Eite,,,,landform,Hill Or Mountain,223778,769449,1000,300000,223528,769199,224028,769699,PH50,http://data.ordnancesurvey.co.uk/id/postcodedistrict/PH50,,,,,,,Highland,http://data.ordnancesurvey.co.uk/id/7000000000029638,http://data.ordnancesurvey.co.uk/ontology/admingeo/UnitaryAuthority,Scotland,http://data.ordnancesurvey.co.uk/id/7000000000041429,Scotland,http://data.ordnancesurvey.co.uk/id/country/scotland,,,
osgb4000000074603289,http://data.ordnancesurvey.co.uk/id/4000000074603289,Meall an Doire Dharaich,,,,landform,Hill Or Mountain,220721,762786,1000,300000,220471,762536,220971,763036,PH50,http://data.ordnancesurvey.co.uk/id/postcodedistrict/PH50,,,,,,,Highland,http://data.ordnancesurvey.co.uk/id/7000000000029638,http://data.ordnancesurvey.co.uk/ontology/admingeo/UnitaryAuthority,Scotland,http://data.ordnancesurvey.co.uk/id/7000000000041429,Scotland,http://data.ordnancesurvey.co.uk/id/country/scotland,,,
osgb4000000074719212,http://data.ordnancesurvey.co.uk/id/4000000074719212,Coire Sgrìodain,,,,landform,Cirque Or Hollow,235230,774391,3000,30000,234979,774141,235479,774641,PH31,http://data.ordnancesurvey.co.uk/id/postcodedistrict/PH31,,,,,,,Highland,http://data.ordnancesurvey.co.uk/id/7000000000029638,http://data.ordnancesurvey.co.uk/ontology/admingeo/UnitaryAuthority,Scotland,http://data.ordnancesurvey.co.uk/id/7000000000041429,Scotland,http://data.ordnancesurvey.co.uk/id/country/scotland,,,
