DG98JL,http://data.ordnancesurvey.co.uk/id/postcodeunit/DG98JL,DG9 8JL,,,,other,Postcode,199995,554127,3500,18000,,,,,,,Portpatrick,http://data.ordnancesurvey.co.uk/id/4000000074566345,http://www.ordnancesurvey.co.uk/xml/codelists/localtype.xml#village,,,,Dumfries and Galloway,http://data.ordnancesurvey.co.uk/id/7000000000031903,http://data.ordnancesurvey.co.uk/ontology/admingeo/UnitaryAuthority,Scotland,http://data.ordnancesurvey.co.uk/id/7000000000041429,Scotland,http://data.ordnancesurvey.co.uk/id/country/scotland,,,
DG98TF,http://data.ordnancesurvey.co.uk/id/postcodeunit/DG98TF,DG9 8TF,,,,other,Postcode,199578,554454,3500,18000,,,,,,,Portpatrick,http://data.ordnancesurvey.co.uk/id/4000000074566345,http://www.ordnancesurvey.co.uk/xml/codelists/localtype.xml#village,,,,Dumfries and Galloway,http://data.ordnancesurvey.co.uk/id/7000000000031903,http://data.ordnancesurvey.co.uk/ontology/admingeo/UnitaryAuthority,Scotland,http://data.ordnancesurvey.co.uk/id/7000000000041429,Scotland,http://data.ordnancesurvey.co.uk/id/country/scotland,,,
DG98TW,http://data.ordnancesurvey.co.uk/id/postcodeunit/DG98TW,DG9 8TW,,,,other,Postcode,199094,556959,3500,18000,,,,,,,,,,,,,Dumfries and Galloway,http://data.ordnancesurvey.co.uk/id/7000000000031903,http://data.ordnancesurvey.co.uk/ontology/admingeo/UnitaryAuthority,Scotland,http://data.ordnancesurvey.co.uk/id/7000000000041429,Scotland,http://data.ordnancesurvey.co.uk/id/country/scotland,,,
DG98SY,http://data.ordnancesurvey.co.uk/id/postcodeunit/DG98SY,DG9 8SY,,,,other,Postcode,199922,554223,3500,18000,,,,,,,Portpatrick,http://data.ordnancesurvey.co.uk/id/4000000074566345,http://www.ordnancesurvey.co.uk/xml/codelists/localtype.xml#village,,,,Dumfries and Galloway,http://data.ordnancesurvey.co.uk/id/7000000000031903,http://data.ordnancesurvey.co.uk/ontology/admingeo/UnitaryAuthority,Scotland,http://data.ordnancesurvey.co.uk/id/7000000000041429,Scotland,http://data.ordnancesurvey.co.uk/id/country/scotland,,,
DG90ND,http://data.ordnancesurvey.co.uk/id/postcodeunit/DG90ND,DG9 0ND,,,,other,Postcode,198911,559549,3500,18000,,,,,,,,,,,,,Dumfries and Galloway,http://data.ordnancesurvey.co.uk/id/7000000000031903,http://data.ordnancesurvey.co.uk/ontology/admingeo/UnitaryAuthority,Scotland,http://data.ordnancesurvey.co.uk/id/7000000000041429,Scotland,http://data.ordnancesurvey.co.uk/id/country/scotland,,,
DG90NB,http://data.ordnancesurvey.co.uk/id/postcodeunit/DG90NB,DG9 0NB,,,,other,Postcode,199018,557991,3500,18000,,,,,,,,,,,,,Dumfries and Galloway,http://data.ordnancesurvey.co.uk/id/7000000000031903,http://data.ordnancesurvey.co.uk/ontology/admingeo/UnitaryAuthority,Scotland,http://data.ordnancesurvey.co.uk/id/7000000000041429,Scotland,http://data.ordnancesurvey.co.uk/id/country/scotland,,,
DG98SZ,http://data.ordnancesurvey.co.uk/id/postcodeunit/DG98SZ,DG9 8SZ,,,,other,Postcode,199945,554271,3500,18000,,,,,,,Portpatrick,http://data.ordnancesurvey.co.uk/id/4000000074566345,http://www.ordnancesurvey.co.uk/xml/codelists/localtype.xml#village,,,,Dumfries and Galloway,http://data.ordnancesurvey.co.uk/id/7000000000031903,http://data.ordnancesurvey.co.uk/ontology/admingeo/UnitaryAuthority,Scotland,http://data.ordnancesurvey.co.uk/id/7000000000041429,Scotland,http://data.ordnancesurvey.co.uk/id/country/scotland,,,
DG98SX,http://data.ordnancesurvey.co.uk/id/postcodeunit/DG98SX,DG9 8SX,,,,other,Postcode,199908,554167,3500,18000,,,,,,,Portpatrick,http://data.ordnancesurvey.co.uk/id/4000000074566345,http://www.ordnancesurvey.co.uk/xml/codelists/localtype.xml#village,,,,Dumfries and Galloway,http://data.ordnancesurvey.co.uk/id/7000000000031903,http://data.ordnancesurvey.co.uk/ontology/admingeo/UnitaryAuthority,Scotland,http://data.ordnancesurvey.co.uk/id/7000000000041429,Scotland,http://data.ordnancesurvey.co.uk/id/country/scotland,,,
DG98TZ,http://data.ordnancesurvey.co.uk/id/postcodeunit/DG98TZ,DG9 8TZ,,,,other,Postcode,199869,554296,3500,18000,,,,,,,Portpatrick,http://data.ordnancesurvey.co.uk/id/4000000074566345,http://www.ordnancesurvey.co.uk/xml/codelists/localtype.xml#village,,,,Dumfries and Galloway,http://data.ordnancesurvey.co.uk/id/7000000000031903,http://data.ordnancesurvey.co.uk/ontology/admingeo/UnitaryAuthority,Scotland,http://data.ordnancesurvey.co.uk/id/7000000000041429,Scotland,http://data.ordnancesurvey.co.uk/id/country/scotland,,,
DG98DN,http://data.ordnancesurvey.co.uk/id/postcodeunit/DG98DN,DG9 8DN,,,,other,Postcode,199718,554534,3500,18000,,,,,,,,,,,,,Dumfries and Galloway,http://data.ordnancesurvey.co.uk/id/7000000000031903,http://data.ordnancesurvey.co.uk/ontology/admingeo/UnitaryAuthority,Scotland,http://data.ordnancesurvey.co.uk/id/7000000000041429,Scotland,http://data.ordnancesurvey.co.uk/id/country/scotland,,,
DG90NE,http://data.ordnancesurvey.co.uk/id/postcodeunit/DG90NE,DG9 0NE,,,,other,Postcode,199486,559672,3500,18000,,,,,,,,,,,,,Dumfries and Galloway,http://data.ordnancesurvey.co.uk/id/7000000000031903,http://data.ordnancesurvey.co.uk/ontology/admingeo/UnitaryAuthority,Scotland,http://data.ordnancesurvey.co.uk/id/7000000000041429,Scotland,http://data.ordnancesurvey.co.uk/id/country/scotland,,,
DG98JS,http://data.ordnancesurvey.co.uk/id/postcodeunit/DG98JS,DG9 8JS,,,,other,Postcode,199985,553916,3500,18000,,,,,,,Portpatrick,http://data.ordnancesurvey.co.uk/id/4000000074566345,http://www.ordnancesurvey.co.uk/xml/codelists/localtype.xml#village,,,,Dumfries and Galloway,http://data.ordnancesurvey.co.uk/id/7000000000031903,http://data.ordnancesurvey.co.uk/ontology/admingeo/UnitaryAuthority,Scotland,http://data.ordnancesurvey.co.uk/id/7000000000041429,Scotland,http://data.ordnancesurvey.co.uk/id/country/scotland,,,
DG98TX,http://data.ordnancesurvey.co.uk/id/postcodeunit/DG98TX,DG9 8TX,,,,other,Postcode,199923,554327,3500,18000,,,,,,,Portpatrick,http://data.ordnancesurvey.co.uk/id/4000000074566345,http://www.ordnancesurvey.co.uk/xml/codelists/localtype.xml#village,,,,Dumfries and Galloway,http://data.ordnancesurvey.co.uk/id/7000000000031903,http://data.ordnancesurvey.co.uk/ontology/admingeo/UnitaryAuthority,Scotland,http://data.ordnancesurvey.co.uk/id/7000000000041429,Scotland,http://data.ordnancesurvey.co.uk/id/country/scotland,,,
DG90LZ,http://data.ordnancesurvey.co.uk/id/postcodeunit/DG90LZ,DG9 0LZ,,,,other,Postcode,198354,559749,3500,18000,,,,,,,,,,,,,Dumfries and Galloway,http://data.ordnancesurvey.co.uk/id/7000000000031903,http://data.ordnancesurvey.co.uk/ontology/admingeo/UnitaryAuthority,Scotland,http://data.ordnancesurvey.co.uk/id/7000000000041429,Scotland,http://data.ordnancesurvey.co.uk/id/country/scotland,,,
DG98TE,http://data.ordnancesurvey.co.uk/id/postcodeunit/DG98TE,DG9 8TE,,,,other,Postcode,199588,554387,3500,18000,,,,,,,Portpatrick,http://data.ordnancesurvey.co.uk/id/4000000074566345,http://www.ordnancesurvey.co.uk/xml/codelists/localtype.xml#village,,,,Dumfries and Galloway,http://data.ordnancesurvey.co.uk/id/7000000000031903,http://data.ordnancesurvey.co.uk/ontology/admingeo/UnitaryAuthority,Scotland,http://data.ordnancesurvey.co.uk/id/7000000000041429,Scotland,http://data.ordnancesurvey.co.uk/id/country/scotland,,,
DG98TA,http://data.ordnancesurvey.co.uk/id/postcodeunit/DG98TA,DG9 8TA,,,,other,Postcode,199995,554349,3500,18000,,,,,,,Portpatrick,http://data.ordnancesurvey.co.uk/id/4000000074566345,http://www.ordnancesurvey.co.uk/xml/codelists/localtype.xml#village,,,,Dumfries and Galloway,http://data.ordnancesurvey.co.uk/id/7000000000031903,http://data.ordnancesurvey.co.uk/ontology/admingeo/UnitaryAuthority,Scotland,http://data.ordnancesurvey.co.uk/id/7000000000041429,Scotland,http://data.ordnancesurvey.co.uk/id/country/scotland,,,
DG98TQ,http://data.ordnancesurvey.co.uk/id/postcodeunit/DG98TQ,DG9 8TQ,,,,other,Postcode,199715,554321,3500,18000,,,,,,,Portpatrick,http://data.ordnancesurvey.co.uk/id/4000000074566345,http://www.ordnancesurvey.co.uk/xml/codelists/localtype.xml#village,,,,Dumfries and Galloway,http://data.ordnancesurvey.co.uk/id/7000000000031903,http://data.ordnancesurvey.co.uk/ontology/admingeo/UnitaryAuthority,Scotland,http://data.ordnancesurvey.co.uk/id/7000000000041429,Scotland,http://data.ordnancesurvey.co.uk/id/country/scotland,,,
DG98AN,http://data.ordnancesurvey.co.uk/id/postcodeunit/DG98AN,DG9 8AN,,,,other,Postcode,199759,554139,3500,18000,,,,,,,Portpatrick,http://data.ordnancesurvey.co.uk/id/4000000074566345,http://www.ordnancesurvey.co.uk/xml/codelists/localtype.xml#village,,,,Dumfries and Galloway,http://data.ordnancesurvey.co.uk/id/7000000000031903,http://data.ordnancesurvey.co.uk/ontology/admingeo/UnitaryAuthority,Scotland,http://data.ordnancesurvey.co.uk/id/7000000000041429,Scotland,http://data.ordnancesurvey.co.uk/id/country/scotland,,,
DG90NA,http://data.ordnancesurvey.co.uk/id/postcodeunit/DG90NA,DG9 0NA,,,,other,Postcode,198818,559009,3500,18000,,,,,,,,,,,,,Dumfries and Galloway,http://data.ordnancesurvey.co.uk/id/7000000000031903,http://data.ordnancesurvey.co.uk/ontology/admingeo/UnitaryAuthority,Scotland,http://data.ordnancesurvey.co.uk/id/7000000000041429,Scotland,http://data.ordnancesurvey.co.uk/id/country/scotland,,,
1264df73-d6ab-41f7-a4e0-634770569a06,http://data.ordnancesurvey.co.uk/id/1264df73-d6ab-41f7-a4e0-634770569a06,Chalet Road,,,,transportNetwork,Section Of Named Road,199789,554440,1000,25000,199763,554400,199811,554485,DG9,http://data.ordnancesurvey.co.uk/id/postcodedistrict/DG9,Portpatrick,http://data.ordnancesurvey.co.uk/id/4000000074566345,http://www.ordnancesurvey.co.uk/xml/codelists/localtype.xml#village,,,,Dumfries and Galloway,http://data.ordnancesurvey.co.uk/id/7000000000031903,http://data.ordnancesurvey.co.uk/ontology/admingeo/UnitaryAuthority,Scotland,http://data.ordnancesurvey.co.uk/id/7000000000041429,Scotland,http://data.ordnancesurvey.co.uk/id/country/scotland,osgb5000005161536473,,
osgb4000000006850304,http://data.ordnancesurvey.co.uk/id/4000000006850304,South Crescent,,,,transportNetwork,Named Road,199954,553970,2000,20000,199906,553785,200008,554147,DG9,http://data.ordnancesurvey.co.uk/id/postcodedistrict/DG9,Portpatrick,http://data.ordnancesurvey.co.uk/id/4000000074566345,http://www.ordnancesurvey.co.uk/xml/codelists/localtype.xml#village,,,,Dumfries and Galloway,http://data.ordnancesurvey.co.uk/id/7000000000031903,http://data.ordnancesurvey.co.uk/ontology/admingeo/UnitaryAuthority,Scotland,http://data.ordnancesurvey.co.uk/id/7000000000041429,Scotland,http://data.ordnancesurvey.co.uk/id/country/scotland,,,
osgb4000000006850306,http://data.ordnancesurvey.co.uk/id/4000000006850306,Blair Terrace,,,,transportNetwork,Named Road,199911,554223,1000,20000,199887,554160,199920,554265,DG9,http://data.ordnancesurvey.co.uk/id/postcodedistrict/DG9,Portpatrick,http://data.ordnancesurvey.co.uk/id/4000000074566345,http://www.ordnancesurvey.co.uk/xml/codelists/localtype.xml#village,,,,Dumfries and Galloway,http://data.ordnancesurvey.co.uk/id/7000000000031903,http://data.ordnancesurvey.co.uk/ontology/admingeo/UnitaryAuthority,Scotland,http://data.ordnancesurvey.co.uk/id/7000000000041429,Scotland,http://data.ordnancesurvey.co.uk/id/country/scotland,,,
osgb4000000006850308,http://data.ordnancesurvey.co.uk/id/4000000006850308,Dean Place,,,,transportNetwork,Named Road,199906,554280,1000,20000,199895,554280,199906,554312,DG9,http://data.ordnancesurvey.co.uk/id/postcodedistrict/DG9,Portpatrick,http://data.ordnancesurvey.co.uk/id/4000000074566345,http://www.ordnancesurvey.co.uk/xml/codelists/localtype.xml#village,,,,Dumfries and Galloway,http://data.ordnancesurvey.co.uk/id/7000000000031903,http://data.ordnancesurvey.co.uk/ontology/admingeo/UnitaryAuthority,Scotland,http://data.ordnancesurvey.co.uk/id/7000000000041429,Scotland,http://data.ordnancesurvey.co.uk/id/country/scotland,,,
osgb4000000006895569,http://data.ordnancesurvey.co.uk/id/4000000006895569,Dunskey Street,,,,transportNetwork,Named Road,199978,553953,1000,20000,199951,553855,199999,554044,DG9,http://data.ordnancesurvey.co.uk/id/postcodedistrict/DG9,Portpatrick,http://data.ordnancesurvey.co.uk/id/4000000074566345,http://www.ordnancesurvey.co.uk/xml/codelists/localtype.xml#village,,,,Dumfries and Galloway,http://data.ordnancesurvey.co.uk/id/7000000000031903,http://data.ordnancesurvey.co.uk/ontology/admingeo/UnitaryAuthority,Scotland,http://data.ordnancesurvey.co.uk/id/7000000000041429,Scotland,http://data.ordnancesurvey.co.uk/id/country/scotland,,,
osgb4000000006850305,http://data.ordnancesurvey.co.uk/id/4000000006850305,Welsh Place,,,,transportNetwork,Named Road,199869,554284,1000,20000,199823,554261,199906,554284,DG9,http://data.ordnancesurvey.co.uk/id/postcodedistrict/DG9,Portpatrick,http://data.ordnancesurvey.co.uk/id/4000000074566345,http://www.ordnancesurvey.co.uk/xml/codelists/localtype.xml#village,,,,Dumfries and Galloway,http://data.ordnancesurvey.co.uk/id/7000000000031903,http://data.ordnancesurvey.co.uk/ontology/admingeo/UnitaryAuthority,Scotland,http://data.ordnancesurvey.co.uk/id/7000000000041429,Scotland,http://data.ordnancesurvey.co.uk/id/country/scotland,,,
osgb4000000006895572,http://data.ordnancesurvey.co.uk/id/4000000006895572,Dinvin Street,,,,transportNetwork,Named Road,199988,554265,1000,20000,199906,554257,200063,554280,DG9,http://data.ordnancesurvey.co.uk/id/postcodedistrict/DG9,Portpatrick,http://data.ordnancesurvey.co.uk/id/4000000074566345,http://www.ordnancesurvey.co.uk/xml/codelists/localtype.xml#village,,,,Dumfries and Galloway,http://data.ordnancesurvey.co.uk/id/7000000000031903,http://data.ordnancesurvey.co.uk/ontology/admingeo/UnitaryAuthority,Scotland,http://data.ordnancesurvey.co.uk/id/7000000000041429,Scotland,http://data.ordnancesurvey.co.uk/id/country/scotland,,,
efda8315-f571-4da5-a08a-02bee76efad6,http://data.ordnancesurvey.co.uk/id/efda8315-f571-4da5-a08a-02bee76efad6,Dunskey Street,,,,transportNetwork,Section Of Named Road,199978,553953,1000,25000,199955,553861,199999,554044,DG9,http://data.ordnancesurvey.co.uk/id/postcodedistrict/DG9,Portpatrick,http://data.ordnancesurvey.co.uk/id/4000000074566345,http://www.ordnancesurvey.co.uk/xml/codelists/localtype.xml#village,,,,Dumfries and Galloway,http://data.ordnancesurvey.co.uk/id/7000000000031903,http://data.ordnancesurvey.co.uk/ontology/admingeo/UnitaryAuthority,Scotland,http://data.ordnancesurvey.co.uk/id/7000000000041429,Scotland,http://data.ordnancesurvey.co.uk/id/country/scotland,osgb4000000006895569,,
osgb4000000006895570,http://data.ordnancesurvey.co.uk/id/4000000006895570,Braefield Road,,,,transportNetwork,Named Road,199971,554405,1000,20000,199947,554315,200088,554444,DG9,http://data.ordnancesurvey.co.uk/id/postcodedistrict/DG9,Portpatrick,http://data.ordnancesurvey.co.uk/id/4000000074566345,http://www.ordnancesurvey.co.uk/xml/codelists/localtype.xml#village,,,,Dumfries and Galloway,http://data.ordnancesurvey.co.uk/id/7000000000031903,http://data.ordnancesurvey.co.uk/ontology/admingeo/UnitaryAuthority,Scotland,http://data.ordnancesurvey.co.uk/id/7000000000041429,Scotland,http://data.ordnancesurvey.co.uk/id/country/scotland,,,
osgb4000000006850307,http://data.ordnancesurvey.co.uk/id/4000000006850307,North Crescent,,,,transportNetwork,Named Road,199863,554171,1000,20000,199820,554147,199906,554241,DG9,http://data.ordnancesurvey.co.uk/id/postcodedistrict/DG9,Portpatrick,http://data.ordnancesurvey.co.uk/id/4000000074566345,http://www.ordnancesurvey.co.uk/xml/codelists/localtype.xml#village,,,,Dumfries and Galloway,http://data.ordnancesurvey.co.uk/id/7000000000031903,http://data.ordnancesurvey.co.uk/ontology/admingeo/UnitaryAuthority,Scotland,http://data.ordnancesurvey.co.uk/id/7000000000041429,Scotland,http://data.ordnancesurvey.co.uk/id/country/scotland,,,
osgb5000005161536473,http://data.ordnancesurvey.co.uk/id/5000005161536473,Chalet Road,,,,transportNetwork,Named Road,199776,554463,1000,20000,199708,554400,199811,554510,DG9,http://data.ordnancesurvey.co.uk/id/postcodedistrict/DG9,Portpatrick,http://data.ordnancesurvey.co.uk/id/4000000074566345,http://www.ordnancesurvey.co.uk/xml/codelists/localtype.xml#village,,,,Dumfries and Galloway,http://data.ordnancesurvey.co.uk/id/7000000000031903,http://data.ordnancesurvey.co.uk/ontology/admingeo/UnitaryAuthority,Scotland,http://data.ordnancesurvey.co.uk/id/7000000000041429,Scotland,http://data.ordnancesurvey.co.uk/id/country/scotland,,,
osgb4000000074751754,http://data.ordnancesurvey.co.uk/id/4000000074751754,Catelig,,,,landform,Other Coastal Landform,199274,554594,1000,20000,199025,554344,199525,554844,DG9,http://data.ordnancesurvey.co.uk/id/postcodedistrict/DG9,,,,,,,Dumfries and Galloway,http://data.ordnancesurvey.co.uk/id/7000000000031903,http://data.ordnancesurvey.co.uk/ontology/admingeo/UnitaryAuthority,Scotland,http://data.ordnancesurvey.co.uk/id/7000000000041429,Scotland,http://data.ordnancesurvey.co.uk/id/country/scotland,,,
osgb4000000074646810,http://data.ordnancesurvey.co.uk/id/4000000074646810,Moor Plantation,,,,landcover,Woodland Or Forest,199106,555613,3000,400000,198856,555347,199356,555847,DG9,http://data.ordnancesurvey.co.uk/id/postcodedistrict/DG9,,,,,,,Dumfries and Galloway,http://data.ordnancesurvey.co.uk/id/7000000000031903,http://data.ordnancesurvey.co.uk/ontology/admingeo/UnitaryAuthority,Scotland,http://data.ordnancesurvey.co.uk/id/7000000000041429,Scotland,http://data.ordnancesurvey.co.uk/id/country/scotland,,,
osgb4000000074752023,http://data.ordnancesurvey.co.uk/id/4000000074752023,Sloganabaa,,,,landform,Island,198485,555621,1000,800000,198235,555373,198735,555873,DG9,http://data.ordnancesurvey.co.uk/id/postcodedistrict/DG9,,,,,,,Dumfries and Galloway,http://data.ordnancesurvey.co.uk/id/7000000000031903,http://data.ordnancesurvey.co.uk/ontology/admingeo/UnitaryAuthority,Scotland,http://data.ordnancesurvey.co.uk/id/7000000000041429,Scotland,http://data.ordnancesurvey.co.uk/id/country/scotland,,,
osgb4000000074723005,http://data.ordnancesurvey.co.uk/id/4000000074723005,Morroch Glen,,,,landform,Valley,199457,555195,2000,800000,199206,554945,199706,555445,DG9,http://data.ordnancesurvey.co.uk/id/postcodedistrict/DG9,,,,,,,Dumfries and Galloway,http://data.ordnancesurvey.co.uk/id/7000000000031903,http://data.ordnancesurvey.co.uk/ontology/admingeo/UnitaryAuthority,Scotland,http://data.ordnancesurvey.co.uk/id/7000000000041429,Scotland,http://data.ordnancesurvey.co.uk/id/country/scotland,,,
osgb4000000074751834,http://data.ordnancesurvey.co.uk/id/4000000074751834,Catebraid,,,,landform,Island,198752,555069,1000,800000,198502,554819,199002,555319,DG9,http://data.ordnancesurvey.co.uk/id/postcodedistrict/DG9,,,,,,,Dumfries and Galloway,http://data.ordnancesurvey.co.uk/id/7000000000031903,http://data.ordnancesurvey.co.uk/ontology/admingeo/UnitaryAuthority,Scotland,http://data.ordnancesurvey.co.uk/id/7000000000041429,Scotland,http://data.ordnancesurvey.co.uk/id/country/scotland,,,
osgb4000000074787087,http://data.ordnancesurvey.co.uk/id/4000000074787087,Portamaggie,,,,hydrography,Bay,198142,556303,1000,150000,197894,556053,198394,556553,DG9,http://data.ordnancesurvey.co.uk/id/postcodedistrict/DG9,,,,,,,Dumfries and Galloway,http://data.ordnancesurvey.co.uk/id/7000000000031903,http://data.ordnancesurvey.co.uk/ontology/admingeo/UnitaryAuthority,Scotland,http://data.ordnancesurvey.co.uk/id/7000000000041429,Scotland,http://data.ordnancesurvey.co.uk/id/country/scotland,,,
osgb4000000074787128,http://data.ordnancesurvey.co.uk/id/4000000074787128,Larbrax Bay,,,,hydrography,Bay,197127,559947,4000,150000,196877,559672,197377,560263,DG9,http://data.ordnancesurvey.co.uk/id/postcodedistrict/DG9,,,,,,,Dumfries and Galloway,http://data.ordnancesurvey.co.uk/id/7000000000031903,http://data.ordnancesurvey.co.uk/ontology/admingeo/UnitaryAuthority,Scotland,http://data.ordnancesurvey.co.uk/id/7000000000041429,Scotland,http://data.ordnancesurvey.co.uk/id/country/scotland,,,
osgb4000000074752272,http://data.ordnancesurvey.co.uk/id/4000000074752272,Cave Ochtree Point,,,,landform,Other Coastal Landform,197616,559085,1000,20000,197367,558835,197867,559335,DG9,http://data.ordnancesurvey.co.uk/id/postcodedistrict/DG9,,,,,,,Dumfries and Galloway,http://data.ordnancesurvey.co.uk/id/7000000000031903,http://data.ordnancesurvey.co.uk/ontology/admingeo/UnitaryAuthority,Scotland,http://data.ordnancesurvey.co.uk/id/7000000000041429,Scotland,http://data.ordnancesurvey.co.uk/id/country/scotland,,,
osgb4000000074752183,http://data.ordnancesurvey.co.uk/id/4000000074752183,Craig Anthony,,,,landform,Other Coastal Landform,198694,556355,1000,20000,198444,556101,198944,556601,DG9,http://data.ordnancesurvey.co.uk/id/postcodedistrict/DG9,,,,,,,Dumfries and Galloway,http://data.ordnancesurvey.co.uk/id/7000000000031903,http://data.ordnancesurvey.co.uk/ontology/admingeo/UnitaryAuthority,Scotland,http://data.ordnancesurvey.co.uk/id/7000000000041429,Scotland,http://data.ordnancesurvey.co.uk/id/country/scotland,,,
osgb4000000074787056,http://data.ordnancesurvey.co.uk/id/4000000074787056,Port Mora,,,,hydrography,Tidal Water,199177,555128,1000,150000,198927,554881,199427,555381,DG9,http://data.ordnancesurvey.co.uk/id/postcodedistrict/DG9,,,,,,,Dumfries and Galloway,http://data.ordnancesurvey.co.uk/id/7000000000031903,http://data.ordnancesurvey.co.uk/ontology/admingeo/UnitaryAuthority,Scotland,http://data.ordnancesurvey.co.uk/id/7000000000041429,Scotland,http://data.ordnancesurvey.co.uk/id/country/scotland,,,
osgb4000000074751832,http://data.ordnancesurvey.co.uk/id/4000000074751832,Laird's Loup,,,,landform,Cliff Or Slope,199191,555065,1000,40000,198942,554761,199442,555261,DG9,http://data.ordnancesurvey.co.uk/id/postcodedistrict/DG9,,,,,,,Dumfries and Galloway,http://data.ordnancesurvey.co.uk/id/7000000000031903,http://data.ordnancesurvey.co.uk/ontology/admingeo/UnitaryAuthority,Scotland,http://data.ordnancesurvey.co.uk/id/7000000000041429,Scotland,http://data.ordnancesurvey.co.uk/id/country/scotland,,,
osgb4000000074646813,http://data.ordnancesurvey.co.uk/id/4000000074646813,Killantringan Wood,,,,landcover,Woodland Or Forest,199906,556729,2000,400000,199657,556444,200157,556944,DG9,http://data.ordnancesurvey.co.uk/id/postcodedistrict/DG9,,,,,,,Dumfries and Galloway,http://data.ordnancesurvey.co.uk/id/7000000000031903,http://data.ordnancesurvey.co.uk/ontology/admingeo/UnitaryAuthority,Scotland,http://data.ordnancesurvey.co.uk/id/7000000000041429,Scotland,http://data.ordnancesurvey.co.uk/id/country/scotland,,,
osgb4000000074752181,http://data.ordnancesurvey.co.uk/id/4000000074752181,Bere Holm,,,,landform,Other Coastal Landform,198053,558081,1000,20000,197803,557864,198303,558364,DG9,http://data.ordnancesurvey.co.uk/id/postcodedistrict/DG9,,,,,,,Dumfries and Galloway,http://data.ordnancesurvey.co.uk/id/7000000000031903,http://data.ordnancesurvey.co.uk/ontology/admingeo/UnitaryAuthority,Scotland,http://data.ordnancesurvey.co.uk/id/7000000000041429,Scotland,http://data.ordnancesurvey.co.uk/id/country/scotland,,,
osgb4000000074752182,http://data.ordnancesurvey.co.uk/id/4000000074752182,Scabby's Loup,,,,landform,Cliff Or Slope,197755,558583,1000,40000,197541,558333,198041,558833,DG9,http://data.ordnancesurvey.co.uk/id/postcodedistrict/DG9,,,,,,,Dumfries and Galloway,http://data.ordnancesurvey.co.uk/id/7000000000031903,http://data.ordnancesurvey.co.uk/ontology/admingeo/UnitaryAuthority,Scotland,http://data.ordnancesurvey.co.uk/id/7000000000041429,Scotland,http://data.ordnancesurvey.co.uk/id/country/scotland,,,
osgb4000000074611008,http://data.ordnancesurvey.co.uk/id/4000000074611008,Partan Isles,,,,landform,Island,198566,555328,1000,800000,198316,555078,198816,555578,DG9,http://data.ordnancesurvey.co.uk/id/postcodedistrict/DG9,,,,,,,Dumfries and Galloway,http://data.ordnancesurvey.co.uk/id/7000000000031903,http://data.ordnancesurvey.co.uk/ontology/admingeo/UnitaryAuthority,Scotland,http://data.ordnancesurvey.co.uk/id/7000000000041429,Scotland,http://data.ordnancesurvey.co.uk/id/country/scotland,,,
osgb4000000074751752,http://data.ordnancesurvey.co.uk/id/4000000074751752,Catevennan,,,,landform,Other Coastal Landform,199500,554272,1000,20000,199251,554022,199751,554522,DG9,http://data.ordnancesurvey.co.uk/id/postcodedistrict/DG9,,,,,,,Dumfries and Galloway,http://data.ordnancesurvey.co.uk/id/7000000000031903,http://data.ordnancesurvey.co.uk/ontology/admingeo/UnitaryAuthority,Scotland,http://data.ordnancesurvey.co.uk/id/7000000000041429,Scotland,http://data.ordnancesurvey.co.uk/id/country/scotland,,,
osgb4000000074736072,http://data.ordnancesurvey.co.uk/id/4000000074736072,Ouchtriemakain Moor,,,,landcover,Other Landcover,198961,555866,9000,800000,198526,555149,199395,556463,DG9,http://data.ordnancesurvey.co.uk/id/postcodedistrict/DG9,,,,,,,Dumfries and Galloway,http://data.ordnancesurvey.co.uk/id/7000000000031903,http://data.ordnancesurvey.co.uk/ontology/admingeo/UnitaryAuthority,Scotland,http://data.ordnancesurvey.co.uk/id/7000000000041429,Scotland,http://data.ordnancesurvey.co.uk/id/country/scotland,,,
osgb4000000074787125,http://data.ordnancesurvey.co.uk/id/4000000074787125,Cod Hole,,,,hydrography,Tidal Water,198088,556801,1000,150000,197833,556551,198333,557051,DG9,http://data.ordnancesurvey.co.uk/id/postcodedistrict/DG9,,,,,,,Dumfries and Galloway,http://data.ordnancesurvey.co.uk/id/7000000000031903,http://data.ordnancesurvey.co.uk/ontology/admingeo/UnitaryAuthority,Scotland,http://data.ordnancesurvey.co.uk/id/7000000000041429,Scotland,http://data.ordnancesurvey.co.uk/id/country/scotland,,,
osgb4000000074652413,http://data.ordnancesurvey.co.uk/id/4000000074652413,Colonel's Wood,,,,landcover,Woodland Or Forest,199685,555900,2000,400000,199436,555731,199936,556231,DG9,http://data.ordnancesurvey.co.uk/id/postcodedistrict/DG9,,,,,,,Dumfries and Galloway,http://data.ordnancesurvey.co.uk/id/7000000000031903,http://data.ordnancesurvey.co.uk/ontology/admingeo/UnitaryAuthority,Scotland,http://data.ordnancesurvey.co.uk/id/7000000000041429,Scotland,http://data.ordnancesurvey.co.uk/id/country/scotland,,,
osgb4000000074787057,http://data.ordnancesurvey.co.uk/id/4000000074787057,Port Kale,,,,hydrography,Tidal Water,199012,555204,1000,150000,198743,554955,199243,555455,DG9,http://data.ordnancesurvey.co.uk/id/postcodedistrict/DG9,,,,,,,Dumfries and Galloway,http://data.ordnancesurvey.co.uk/id/7000000000031903,http://data.ordnancesurvey.co.uk/ontology/admingeo/UnitaryAuthority,Scotland,http://data.ordnancesurvey.co.uk/id/7000000000041429,Scotland,http://data.ordnancesurvey.co.uk/id/country/scotland,,,
osgb4000000074752099,http://data.ordnancesurvey.co.uk/id/4000000074752099,March Howe,,,,landform,Cliff Or Slope,198609,555871,2000,40000,198340,555621,198840,556121,DG9,http://data.ordnancesurvey.co.uk/id/postcodedistrict/DG9,,,,,,,Dumfries and Galloway,http://data.ordnancesurvey.co.uk/id/7000000000031903,http://data.ordnancesurvey.co.uk/ontology/admingeo/UnitaryAuthority,Scotland,http://data.ordnancesurvey.co.uk/id/7000000000041429,Scotland,http://data.ordnancesurvey.co.uk/id/country/scotland,,,
osgb4000000074776009,http://data.ordnancesurvey.co.uk/id/4000000074776009,Rough Cairn Hill,,,,landform,Hill Or Mountain,198257,559005,1000,300000,198007,558755,198507,559255,DG9,http://data.ordnancesurvey.co.uk/id/postcodedistrict/DG9,,,,,,,Dumfries and Galloway,http://data.ordnancesurvey.co.uk/id/7000000000031903,http://data.ordnancesurvey.co.uk/ontology/admingeo/UnitaryAuthority,Scotland,http://data.ordnancesurvey.co.uk/id/7000000000041429,Scotland,http://data.ordnancesurvey.co.uk/id/country/scotland,,,
osgb4000000074751833,http://data.ordnancesurvey.co.uk/id/4000000074751833,Islayfitz,,,,landform,Other Coastal Landform,199034,555089,1000,50000,198785,554840,199285,555340,DG9,http://data.ordnancesurvey.co.uk/id/postcodedistrict/DG9,,,,,,,Dumfries and Galloway,http://data.ordnancesurvey.co.uk/id/7000000000031903,http://data.ordnancesurvey.co.uk/ontology/admingeo/UnitaryAuthority,Scotland,http://data.ordnancesurvey.co.uk/id/7000000000041429,Scotland,http://data.ordnancesurvey.co.uk/id/country/scotland,,,
osgb4000000074752097,http://data.ordnancesurvey.co.uk/id/4000000074752097,Mill Bawn,,,,landform,Cliff Or Slope,198231,556087,1000,40000,197981,555791,198481,556291,DG9,http://data.ordnancesurvey.co.uk/id/postcodedistrict/DG9,,,,,,,Dumfries and Galloway,http://data.ordnancesurvey.co.uk/id/7000000000031903,http://data.ordnancesurvey.co.uk/ontology/admingeo/UnitaryAuthority,Scotland,http://data.ordnancesurvey.co.uk/id/7000000000041429,Scotland,http://data.ordnancesurvey.co.uk/id/country/scotland,,,
osgb4000000074787055,http://data.ordnancesurvey.co.uk/id/4000000074787055,Nook,,,,hydrography,Tidal Water,199248,554642,1000,150000,198998,554394,199498,554894,DG9,http://data.ordnancesurvey.co.uk/id/postcodedistrict/DG9,,,,,,,Dumfries and Galloway,http://data.ordnancesurvey.co.uk/id/7000000000031903,http://data.ordnancesurvey.co.uk/ontology/admingeo/UnitaryAuthority,Scotland,http://data.ordnancesurvey.co.uk/id/7000000000041429,Scotland,http://data.ordnancesurvey.co.uk/id/country/scotland,,,
osgb4000000074776027,http://data.ordnancesurvey.co.uk/id/4000000074776027,Shepherd's Hill,,,,landform,Hill Or Mountain,199180,558230,1000,300000,198930,557980,199430,558480,DG9,http://data.ordnancesurvey.co.uk/id/postcodedistrict/DG9,,,,,,,Dumfries and Galloway,http://data.ordnancesurvey.co.uk/id/7000000000031903,http://data.ordnancesurvey.co.uk/ontology/admingeo/UnitaryAuthority,Scotland,http://data.ordnancesurvey.co.uk/id/7000000000041429,Scotland,http://data.ordnancesurvey.co.uk/id/country/scotland,,,
osgb4000000074798664,http://data.ordnancesurvey.co.uk/id/4000000074798664,Broadsea Bay,,,,hydrography,Bay,197108,559797,14000,150000,196592,558671,197624,560795,DG9,http://data.ordnancesurvey.co.uk/id/postcodedistrict/DG9,,,,,,,Dumfries and Galloway,http://data.ordnancesurvey.co.uk/id/7000000000031903,http://data.ordnancesurvey.co.uk/ontology/admingeo/UnitaryAuthority,Scotland,http://data.ordnancesurvey.co.uk/id/7000000000041429,Scotland,http://data.ordnancesurvey.co.uk/id/country/scotland,,,
osgb4000000074816707,http://data.ordnancesurvey.co.uk/id/4000000074816707,Cairn Hill,,,,landform,Hill Or Mountain,198780,557510,1000,300000,198530,557260,199030,557760,DG9,http://data.ordnancesurvey.co.uk/id/postcodedistrict/DG9,,,,,,,Dumfries and Galloway,http://data.ordnancesurvey.co.uk/id/7000000000031903,http://data.ordnancesurvey.co.uk/ontology/admingeo/UnitaryAuthority,Scotland,http://data.ordnancesurvey.co.uk/id/7000000000041429,Scotland,http://data.ordnancesurvey.co.uk/id/country/scotland,,,
osgb4000000074787058,http://data.ordnancesurvey.co.uk/id/4000000074787058,Hairyhorroch,,,,hydrography,Bay,198558,555448,1000,150000,198308,555203,198808,555703,DG9,http://data.ordnancesurvey.co.uk/id/postcodedistrict/DG9,,,,,,,Dumfries and Galloway,http://data.ordnancesurvey.co.uk/id/7000000000031903,http://data.ordnancesurvey.co.uk/ontology/admingeo/UnitaryAuthority,Scotland,http://data.ordnancesurvey.co.uk/id/7000000000041429,Scotland,http://data.ordnancesurvey.co.uk/id/country/scotland,,,
osgb4000000074776010,http://data.ordnancesurvey.co.uk/id/4000000074776010,Glaik Hill,,,,landform,Hill Or Mountain,199300,559240,1000,300000,199050,558990,199550,559490,DG9,http://data.ordnancesurvey.co.uk/id/postcodedistrict/DG9,,,,,,,Dumfries and Galloway,http://data.ordnancesurvey.co.uk/id/7000000000031903,http://data.ordnancesurvey.co.uk/ontology/admingeo/UnitaryAuthority,Scotland,http://data.ordnancesurvey.co.uk/id/7000000000041429,Scotland,http://data.ordnancesurvey.co.uk/id/country/scotland,,,
osgb4000000074610594,http://data.ordnancesurvey.co.uk/id/4000000074610594,Yellow Isle,,,,landform,Coastal Headland,199206,554691,1000,750000,198956,554441,199456,554941,DG9,http://data.ordnancesurvey.co.uk/id/postcodedistrict/DG9,,,,,,,Dumfries and Galloway,http://data.ordnancesurvey.co.uk/id/7000000000031903,http://data.ordnancesurvey.co.uk/ontology/admingeo/UnitaryAuthority,Scotland,http://data.ordnancesurvey.co.uk/id/7000000000041429,Scotland,http://data.ordnancesurvey.co.uk/id/country/scotland,,,
osgb4000000074723006,http://data.ordnancesurvey.co.uk/id/4000000074723006,Vance's Glen,,,,landform,Valley,199436,555906,2000,800000,199186,555643,199686,556143,DG9,http://data.ordnancesurvey.co.uk/id/postcodedistrict/DG9,,,,,,,Dumfries and Galloway,http://data.ordnancesurvey.co.uk/id/7000000000031903,http://data.ordnancesurvey.co.uk/ontology/admingeo/UnitaryAuthority,Scotland,http://data.ordnancesurvey.co.uk/id/7000000000041429,Scotland,http://data.ordnancesurvey.co.uk/id/country/scotland,,,
osgb4000000074751750,http://data.ordnancesurvey.co.uk/id/4000000074751750,Dorn Rock,,,,landform,Other Coastal Landform,199818,554075,1000,20000,199568,553825,200068,554325,DG9,http://data.ordnancesurvey.co.uk/id/postcodedistrict/DG9,,,,,,,Dumfries and Galloway,http://data.ordnancesurvey.co.uk/id/7000000000031903,http://data.ordnancesurvey.co.uk/ontology/admingeo/UnitaryAuthority,Scotland,http://data.ordnancesurvey.co.uk/id/7000000000041429,Scotland,http://data.ordnancesurvey.co.uk/id/country/scotland,,,
osgb4000000074774220,http://data.ordnancesurvey.co.uk/id/4000000074774220,Craigbouie Fell,,,,landform,Hill Or Mountain,199990,556130,1000,300000,199740,555880,200240,556380,DG9,http://data.ordnancesurvey.co.uk/id/postcodedistrict/DG9,,,,,,,Dumfries and Galloway,http://data.ordnancesurvey.co.uk/id/7000000000031903,http://data.ordnancesurvey.co.uk/ontology/admingeo/UnitaryAuthority,Scotland,http://data.ordnancesurvey.co.uk/id/7000000000041429,Scotland,http://data.ordnancesurvey.co.uk/id/country/scotland,,,
osgb4000000074754364,http://data.ordnancesurvey.co.uk/id/4000000074754364,Barnaugh,,,,landform,Island,199387,554340,1000,800000,199137,554090,199637,554590,DG9,http://data.ordnancesurvey.co.uk/id/postcodedistrict/DG9,,,,,,,Dumfries and Galloway,http://data.ordnancesurvey.co.uk/id/7000000000031903,http://data.ordnancesurvey.co.uk/ontology/admingeo/UnitaryAuthority,Scotland,http://data.ordnancesurvey.co.uk/id/7000000000041429,Scotland,http://data.ordnancesurvey.co.uk/id/country/scotland,,,
osgb4000000074723008,http://data.ordnancesurvey.co.uk/id/4000000074723008,Lashendarroch Glen,,,,landform,Valley,198201,558244,3000,800000,197988,557994,198488,558494,DG9,http://data.ordnancesurvey.co.uk/id/postcodedistrict/DG9,,,,,,,Dumfries and Galloway,http://data.ordnancesurvey.co.uk/id/7000000000031903,http://data.ordnancesurvey.co.uk/ontology/admingeo/UnitaryAuthority,Scotland,http://data.ordnancesurvey.co.uk/id/7000000000041429,Scotland,http://data.ordnancesurvey.co.uk/id/country/scotland,,,
osgb4000000074751753,http://data.ordnancesurvey.co.uk/id/4000000074751753,Tulig,,,,landform,Other Coastal Landform,199281,554547,1000,20000,199032,554298,199532,554798,DG9,http://data.ordnancesurvey.co.uk/id/postcodedistrict/DG9,,,,,,,Dumfries and Galloway,http://data.ordnancesurvey.co.uk/id/7000000000031903,http://data.ordnancesurvey.co.uk/ontology/admingeo/UnitaryAuthority,Scotland,http://data.ordnancesurvey.co.uk/id/7000000000041429,Scotland,http://data.ordnancesurvey.co.uk/id/country/scotland,,,
osgb4000000074751755,http://data.ordnancesurvey.co.uk/id/4000000074751755,Sloganaglassin,,,,landform,Island,199190,554795,1000,800000,198941,554531,199441,555031,DG9,http://data.ordnancesurvey.co.uk/id/postcodedistrict/DG9,,,,,,,Dumfries and Galloway,http://data.ordnancesurvey.co.uk/id/7000000000031903,http://data.ordnancesurvey.co.uk/ontology/admingeo/UnitaryAuthority,Scotland,http://data.ordnancesurvey.co.uk/id/7000000000041429,Scotland,http://data.ordnancesurvey.co.uk/id/country/scotland,,,
osgb4000000074776026,http://data.ordnancesurvey.co.uk/id/4000000074776026,Lashendarroch Hill,,,,landform,Hill Or Mountain,198670,558090,1000,300000,198420,557840,198920,558340,DG9,http://data.ordnancesurvey.co.uk/id/postcodedistrict/DG9,,,,,,,Dumfries and Galloway,http://data.ordnancesurvey.co.uk/id/7000000000031903,http://data.ordnancesurvey.co.uk/ontology/admingeo/UnitaryAuthority,Scotland,http://data.ordnancesurvey.co.uk/id/7000000000041429,Scotland,http://data.ordnancesurvey.co.uk/id/country/scotland,,,
osgb4000000074816850,http://data.ordnancesurvey.co.uk/id/4000000074816850,Cairn Hill,,,,landform,Hill Or Mountain,198348,559501,1000,300000,198098,559251,198598,559751,DG9,http://data.ordnancesurvey.co.uk/id/postcodedistrict/DG9,,,,,,,Dumfries and Galloway,http://data.ordnancesurvey.co.uk/id/7000000000031903,http://data.ordnancesurvey.co.uk/ontology/admingeo/UnitaryAuthority,Scotland,http://data.ordnancesurvey.co.uk/id/7000000000041429,Scotland,http://data.ordnancesurvey.co.uk/id/country/scotland,,,
osgb4000000074752179,http://data.ordnancesurvey.co.uk/id/4000000074752179,Black Head,,,,landform,Coastal Headland,198135,556640,3000,750000,197886,556353,198386,556853,DG9,http://data.ordnancesurvey.co.uk/id/postcodedistrict/DG9,,,,,,,Dumfries and Galloway,http://data.ordnancesurvey.co.uk/id/7000000000031903,http://data.ordnancesurvey.co.uk/ontology/admingeo/UnitaryAuthority,Scotland,http://data.ordnancesurvey.co.uk/id/7000000000041429,Scotland,http://data.ordnancesurvey.co.uk/id/country/scotland,,,
osgb4000000074751835,http://data.ordnancesurvey.co.uk/id/4000000074751835,Gate Crease,,,,landform,Other Coastal Landform,198602,555226,1000,50000,198354,554976,198854,555476,DG9,http://data.ordnancesurvey.co.uk/id/postcodedistrict/DG9,,,,,,,Dumfries and Galloway,http://data.ordnancesurvey.co.uk/id/7000000000031903,http://data.ordnancesurvey.co.uk/ontology/admingeo/UnitaryAuthority,Scotland,http://data.ordnancesurvey.co.uk/id/7000000000041429,Scotland,http://data.ordnancesurvey.co.uk/id/country/scotland,,,
osgb4000000074751836,http://data.ordnancesurvey.co.uk/id/4000000074751836,Ringwee,,,,landform,Other Coastal Landform,199131,554951,1000,50000,198881,554698,199381,555198,DG9,http://data.ordnancesurvey.co.uk/id/postcodedistrict/DG9,,,,,,,Dumfries and Galloway,http://data.ordnancesurvey.co.uk/id/7000000000031903,http://data.ordnancesurvey.co.uk/ontology/admingeo/UnitaryAuthority,Scotland,http://data.ordnancesurvey.co.uk/id/7000000000041429,Scotland,http://data.ordnancesurvey.co.uk/id/country/scotland,,,
osgb4000000074787124,http://data.ordnancesurvey.co.uk/id/4000000074787124,The Chair,,,,hydrography,Channel,198024,556562,1000,100000,197775,556290,198275,556790,DG9,http://data.ordnancesurvey.co.uk/id/postcodedistrict/DG9,,,,,,,Dumfries and Galloway,http://data.ordnancesurvey.co.uk/id/7000000000031903,http://data.ordnancesurvey.co.uk/ontology/admingeo/UnitaryAuthority,Scotland,http://data.ordnancesurvey.co.uk/id/7000000000041429,Scotland,http://data.ordnancesurvey.co.uk/id/country/scotland,,,
osgb4000000074797118,http://data.ordnancesurvey.co.uk/id/4000000074797118,Portpatrick Harbour,,,,transportNetwork,Harbour,199843,554073,2000,20000,199593,553848,200093,554348,DG9,http://data.ordnancesurvey.co.uk/id/postcodedistrict/DG9,,,,,,,Dumfries and Galloway,http://data.ordnancesurvey.co.uk/id/7000000000031903,http://data.ordnancesurvey.co.uk/ontology/admingeo/UnitaryAuthority,Scotland,http://data.ordnancesurvey.co.uk/id/7000000000041429,Scotland,http://data.ordnancesurvey.co.uk/id/country/scotland,,,
osgb4000000074752098,http://data.ordnancesurvey.co.uk/id/4000000074752098,Stony Rees,,,,landform,Other Coastal Landform,198223,556203,1000,20000,197974,555923,198474,556423,DG9,http://data.ordnancesurvey.co.uk/id/postcodedistrict/DG9,,,,,,,Dumfries and Galloway,http://data.ordnancesurvey.co.uk/id/7000000000031903,http://data.ordnancesurvey.co.uk/ontology/admingeo/UnitaryAuthority,Scotland,http://data.ordnancesurvey.co.uk/id/7000000000041429,Scotland,http://data.ordnancesurvey.co.uk/id/country/scotland,,,
osgb4000000074787126,http://data.ordnancesurvey.co.uk/id/4000000074787126,Killantringan Bay,,,,hydrography,Bay,198216,556916,2000,150000,197966,556702,198466,557202,DG9,http://data.ordnancesurvey.co.uk/id/postcodedistrict/DG9,,,,,,,Dumfries and Galloway,http://data.ordnancesurvey.co.uk/id/7000000000031903,http://data.ordnancesurvey.co.uk/ontology/admingeo/UnitaryAuthority,Scotland,http://data.ordnancesurvey.co.uk/id/7000000000041429,Scotland,http://data.ordnancesurvey.co.uk/id/country/scotland,,,
osgb4000000074787086,http://data.ordnancesurvey.co.uk/id/4000000074787086,Cubbies Hole,,,,hydrography,Tidal Water,198230,555927,1000,150000,197983,555677,198483,556177,DG9,http://data.ordnancesurvey.co.uk/id/postcodedistrict/DG9,,,,,,,Dumfries and Galloway,http://data.ordnancesurvey.co.uk/id/7000000000031903,http://data.ordnancesurvey.co.uk/ontology/admingeo/UnitaryAuthority,Scotland,http://data.ordnancesurvey.co.uk/id/7000000000041429,Scotland,http://data.ordnancesurvey.co.uk/id/country/scotland,,,
osgb4000000074736071,http://data.ordnancesurvey.co.uk/id/4000000074736071,The Wilderness,,,,landcover,Other Landcover,199732,554299,1000,800000,199532,554049,200032,554549,DG9,http://data.ordnancesurvey.co.uk/id/postcodedistrict/DG9,,,,,,,Dumfries and Galloway,http://data.ordnancesurvey.co.uk/id/7000000000031903,http://data.ordnancesurvey.co.uk/ontology/admingeo/UnitaryAuthority,Scotland,http://data.ordnancesurvey.co.uk/id/7000000000041429,Scotland,http://data.ordnancesurvey.co.uk/id/country/scotland,,,
osgb4000000074789278,http://data.ordnancesurvey.co.uk/id/4000000074789278,Maidenhead Bay,,,,hydrography,Bay,199217,554746,1000,150000,198917,554602,199417,555102,DG9,http://data.ordnancesurvey.co.uk/id/postcodedistrict/DG9,,,,,,,Dumfries and Galloway,http://data.ordnancesurvey.co.uk/id/7000000000031903,http://data.ordnancesurvey.co.uk/ontology/admingeo/UnitaryAuthority,Scotland,http://data.ordnancesurvey.co.uk/id/7000000000041429,Scotland,http://data.ordnancesurvey.co.uk/id/country/scotland,,,
osgb4000000074751751,http://data.ordnancesurvey.co.uk/id/4000000074751751,Slockgarroch,,,,landform,Other Coastal Landform,199584,554180,1000,50000,199334,553930,199834,554430,DG9,http://data.ordnancesurvey.co.uk/id/postcodedistrict/DG9,,,,,,,Dumfries and Galloway,http://data.ordnancesurvey.co.uk/id/7000000000031903,http://data.ordnancesurvey.co.uk/ontology/admingeo/UnitaryAuthority,Scotland,http://data.ordnancesurvey.co.uk/id/7000000000041429,Scotland,http://data.ordnancesurvey.co.uk/id/country/scotland,,,
osgb4000000074754365,http://data.ordnancesurvey.co.uk/id/4000000074754365,North Witch Rock,,,,landform,Island,199361,554409,1000,800000,199111,554163,199611,554663,DG9,http://data.ordnancesurvey.co.uk/id/postcodedistrict/DG9,,,,,,,Dumfries and Galloway,http://data.ordnancesurvey.co.uk/id/7000000000031903,http://data.ordnancesurvey.co.uk/ontology/admingeo/UnitaryAuthority,Scotland,http://data.ordnancesurvey.co.uk/id/7000000000041429,Scotland,http://data.ordnancesurvey.co.uk/id/country/scotland,,,
osgb4000000074652412,http://data.ordnancesurvey.co.uk/id/4000000074652412,Keeper's Wood,,,,landcover,Woodland Or Forest,199920,555163,2000,400000,199670,554943,200170,555443,DG9,http://data.ordnancesurvey.co.uk/id/postcodedistrict/DG9,,,,,,,Dumfries and Galloway,http://data.ordnancesurvey.co.uk/id/7000000000031903,http://data.ordnancesurvey.co.uk/ontology/admingeo/UnitaryAuthority,Scotland,http://data.ordnancesurvey.co.uk/id/7000000000041429,Scotland,http://data.ordnancesurvey.co.uk/id/country/scotland,,,
osgb4000000074586515,http://data.ordnancesurvey.co.uk/id/4000000074586515,Black Isle,,,,landform,Other Coastal Landform,199097,555018,1000,50000,198847,554768,199347,555268,DG9,http://data.ordnancesurvey.co.uk/id/postcodedistrict/DG9,,,,,,,Dumfries and Galloway,http://data.ordnancesurvey.co.uk/id/7000000000031903,http://data.ordnancesurvey.co.uk/ontology/admingeo/UnitaryAuthority,Scotland,http://data.ordnancesurvey.co.uk/id/7000000000041429,Scotland,http://data.ordnancesurvey.co.uk/id/country/scotland,,,
osgb4000000074751749,http://data.ordnancesurvey.co.uk/id/4000000074751749,Lagnawinny,,,,landform,Other Coastal Landform,199926,553788,1000,50000,199677,553565,200177,554065,DG9,http://data.ordnancesurvey.co.uk/id/postcodedistrict/DG9,,,,,,,Dumfries and Galloway,http://data.ordnancesurvey.co.uk/id/7000000000031903,http://data.ordnancesurvey.co.uk/ontology/admingeo/UnitaryAuthority,Scotland,http://data.ordnancesurvey.co.uk/id/7000000000041429,Scotland,http://data.ordnancesurvey.co.uk/id/country/scotland,,,
osgb4000000074776120,http://data.ordnancesurvey.co.uk/id/4000000074776120,Cove Hill,,,,landform,Hill Or Mountain,199340,554780,1000,300000,199090,554530,199590,555030,DG9,http://data.ordnancesurvey.co.uk/id/postcodedistrict/DG9,,,,,,,Dumfries and Galloway,http://data.ordnancesurvey.co.uk/id/7000000000031903,http://data.ordnancesurvey.co.uk/ontology/admingeo/UnitaryAuthority,Scotland,http://data.ordnancesurvey.co.uk/id/7000000000041429,Scotland,http://data.ordnancesurvey.co.uk/id/country/scotland,,,
osgb4000000074787059,http://data.ordnancesurvey.co.uk/id/4000000074787059,Portavaddie,,,,hydrography,Bay,198433,555809,1000,150000,198190,555559,198690,556059,DG9,http://data.ordnancesurvey.co.uk/id/postcodedistrict/DG9,,,,,,,Dumfries and Galloway,http://data.ordnancesurvey.co.uk/id/7000000000031903,http://data.ordnancesurvey.co.uk/ontology/admingeo/UnitaryAuthority,Scotland,http://data.ordnancesurvey.co.uk/id/7000000000041429,Scotland,http://data.ordnancesurvey.co.uk/id/country/scotland,,,
osgb4000000074787127,http://data.ordnancesurvey.co.uk/id/4000000074787127,Knock Bay,,,,hydrography,Bay,198111,557622,5000,150000,197861,557112,198361,557912,DG9,http://data.ordnancesurvey.co.uk/id/postcodedistrict/DG9,,,,,,,Dumfries and Galloway,http://data.ordnancesurvey.co.uk/id/7000000000031903,http://data.ordnancesurvey.co.uk/ontology/admingeo/UnitaryAuthority,Scotland,http://data.ordnancesurvey.co.uk/id/7000000000041429,Scotland,http://data.ordnancesurvey.co.uk/id/country/scotland,,,
osgb4000000074787088,http://data.ordnancesurvey.co.uk/id/4000000074787088,Slognaglass,,,,hydrography,Channel,198019,556352,1000,100000,197769,556128,198269,556628,DG9,http://data.ordnancesurvey.co.uk/id/postcodedistrict/DG9,,,,,,,Dumfries and Galloway,http://data.ordnancesurvey.co.uk/id/7000000000031903,http://data.ordnancesurvey.co.uk/ontology/admingeo/UnitaryAuthority,Scotland,http://data.ordnancesurvey.co.uk/id/7000000000041429,Scotland,http://data.ordnancesurvey.co.uk/id/country/scotland,,,
osgb4000000074752024,http://data.ordnancesurvey.co.uk/id/4000000074752024,Stronie,,,,landform,Coastal Headland,198524,555539,1000,750000,198274,555291,198774,555791,DG9,http://data.ordnancesurvey.co.uk/id/postcodedistrict/DG9,,,,,,,Dumfries and Galloway,http://data.ordnancesurvey.co.uk/id/7000000000031903,http://data.ordnancesurvey.co.uk/ontology/admingeo/UnitaryAuthority,Scotland,http://data.ordnancesurvey.co.uk/id/7000000000041429,Scotland,http://data.ordnancesurvey.co.uk/id/country/scotland,,,
osgb4000000074723007,http://data.ordnancesurvey.co.uk/id/4000000074723007,Dunskey Glen,,,,landform,Valley,199610,555687,8000,800000,199200,555437,200021,556696,DG9,http://data.ordnancesurvey.co.uk/id/postcodedistrict/DG9,,,,,,,Dumfries and Galloway,http://data.ordnancesurvey.co.uk/id/7000000000031903,http://data.ordnancesurvey.co.uk/ontology/admingeo/UnitaryAuthority,Scotland,http://data.ordnancesurvey.co.uk/id/7000000000041429,Scotland,http://data.ordnancesurvey.co.uk/id/country/scotland,,,
osgb4000000074775982,http://data.ordnancesurvey.co.uk/id/4000000074775982,Brochdoo Hill,,,,landform,Hill Or Mountain,198901,559885,1000,300000,198651,559635,199151,560135,DG9,http://data.ordnancesurvey.co.uk/id/postcodedistrict/DG9,,,,,,,Dumfries and Galloway,http://data.ordnancesurvey.co.uk/id/7000000000031903,http://data.ordnancesurvey.co.uk/ontology/admingeo/UnitaryAuthority,Scotland,http://data.ordnancesurvey.co.uk/id/7000000000041429,Scotland,http://data.ordnancesurvey.co.uk/id/country/scotland,,,
osgb4000000074752180,http://data.ordnancesurvey.co.uk/id/4000000074752180,Light of the Maize,,,,landform,Cliff Or Slope,198135,557928,3000,40000,197952,557678,198452,558178,DG9,http://data.ordnancesurvey.co.uk/id/postcodedistrict/DG9,,,,,,,Dumfries and Galloway,http://data.ordnancesurvey.co.uk/id/7000000000031903,http://data.ordnancesurvey.co.uk/ontology/admingeo/UnitaryAuthority,Scotland,http://data.ordnancesurvey.co.uk/id/7000000000041429,Scotland,http://data.ordnancesurvey.co.uk/id/country/scotland,,,
osgb4000000074646811,http://data.ordnancesurvey.co.uk/id/4000000074646811,Trenched Wood,,,,landcover,Woodland Or Forest,199142,555950,2000,400000,198892,555716,199392,556216,DG9,http://data.ordnancesurvey.co.uk/id/postcodedistrict/DG9,,,,,,,Dumfries and Galloway,http://data.ordnancesurvey.co.uk/id/7000000000031903,http://data.ordnancesurvey.co.uk/ontology/admingeo/UnitaryAuthority,Scotland,http://data.ordnancesurvey.co.uk/id/7000000000041429,Scotland,http://data.ordnancesurvey.co.uk/id/country/scotland,,,
osgb4000000074646812,http://data.ordnancesurvey.co.uk/id/4000000074646812,Punch Bowl Wood,,,,landcover,Woodland Or Forest,199721,556289,3000,400000,199471,556060,199971,556560,DG9,http://data.ordnancesurvey.co.uk/id/postcodedistrict/DG9,,,,,,,Dumfries and Galloway,http://data.ordnancesurvey.co.uk/id/7000000000031903,http://data.ordnancesurvey.co.uk/ontology/admingeo/UnitaryAuthority,Scotland,http://data.ordnancesurvey.co.uk/id/7000000000041429,Scotland,http://data.ordnancesurvey.co.uk/id/country/scotland,,,
b537dce6-7615-4bfc-b377-8229e393c29b,http://data.ordnancesurvey.co.uk/id/b537dce6-7615-4bfc-b377-8229e393c29b,South Crescent,,,,transportNetwork,Section Of Named Road,199978,554000,2000,25000,199906,553892,199988,554147,DG9,http://data.ordnancesurvey.co.uk/id/postcodedistrict/DG9,Portpatrick,http://data.ordnancesurvey.co.uk/id/4000000074566345,http://www.ordnancesurvey.co.uk/xml/codelists/localtype.xml#village,,,,Dumfries and Galloway,http://data.ordnancesurvey.co.uk/id/7000000000031903,http://data.ordnancesurvey.co.uk/ontology/admingeo/UnitaryAuthority,Scotland,http://data.ordnancesurvey.co.uk/id/7000000000041429,Scotland,http://data.ordnancesurvey.co.uk/id/country/scotland,osgb4000000006850304,,
osgb4000000006896255,http://data.ordnancesurvey.co.uk/id/4000000006896255,Barrack Street,,,,transportNetwork,Named Road,200000,554056,1000,20000,199986,554051,200045,554072,DG9,http://data.ordnancesurvey.co.uk/id/postcodedistrict/DG9,Portpatrick,http://data.ordnancesurvey.co.uk/id/4000000074566345,http://www.ordnancesurvey.co.uk/xml/codelists/localtype.xml#village,,,,Dumfries and Galloway,http://data.ordnancesurvey.co.uk/id/7000000000031903,http://data.ordnancesurvey.co.uk/ontology/admingeo/UnitaryAuthority,Scotland,http://data.ordnancesurvey.co.uk/id/7000000000041429,Scotland,http://data.ordnancesurvey.co.uk/id/country/scotland,,,
