osgb4000000074338456,http://data.ordnancesurvey.co.uk/id/4000000074338456,Portyerrock,,,,populatedPlace,Hamlet,247750,538805,5000,25000,247402,538620,247902,539120,DG8,http://data.ordnancesurvey.co.uk/id/postcodedistrict/DG8,,,,,,,Dumfries and Galloway,http://data.ordnancesurvey.co.uk/id/7000000000031903,http://data.ordnancesurvey.co.uk/ontology/admingeo/UnitaryAuthority,Scotland,http://data.ordnancesurvey.co.uk/id/7000000000041429,Scotland,http://data.ordnancesurvey.co.uk/id/country/scotland,,,http://sws.geonames.org/2639984
osgb4000000074564743,http://data.ordnancesurvey.co.uk/id/4000000074564743,Glasserton,,,,populatedPlace,Other Settlement,241285,539449,15000,25000,239855,538686,242158,539595,DG8,http://data.ordnancesurvey.co.uk/id/postcodedistrict/DG8,,,,,,,Dumfries and Galloway,http://data.ordnancesurvey.co.uk/id/7000000000031903,http://data.ordnancesurvey.co.uk/ontology/admingeo/UnitaryAuthority,Scotland,http://data.ordnancesurvey.co.uk/id/7000000000041429,Scotland,http://data.ordnancesurvey.co.uk/id/country/scotland,,http://dbpedia.org/resource/Glasserton,
osgb4000000074564741,http://data.ordnancesurvey.co.uk/id/4000000074564741,Isle of Whithorn,,,,populatedPlace,Village,247567,536547,6000,250000,247081,536140,247996,536729,DG8,http://data.ordnancesurvey.co.uk/id/postcodedistrict/DG8,,,,,,,Dumfries and Galloway,http://data.ordnancesurvey.co.uk/id/7000000000031903,http://data.ordnancesurvey.co.uk/ontology/admingeo/UnitaryAuthority,Scotland,http://data.ordnancesurvey.co.uk/id/7000000000041429,Scotland,http://data.ordnancesurvey.co.uk/id/country/scotland,,http://dbpedia.org/resource/Isle_of_Whithorn,http://sws.geonames.org/2646008
DG88ND,http://data.ordnancesurvey.co.uk/id/postcodeunit/DG88ND,DG8 8ND,,,,other,Postcode,241166,538834,3500,18000,,,,,,,Glasserton,http://data.ordnancesurvey.co.uk/id/4000000074564743,http://www.ordnancesurvey.co.uk/xml/codelists/localtype.xml#otherSettlement,,,,Dumfries and Galloway,http://data.ordnancesurvey.co.uk/id/7000000000031903,http://data.ordnancesurvey.co.uk/ontology/admingeo/UnitaryAuthority,Scotland,http://data.ordnancesurvey.co.uk/id/7000000000041429,Scotland,http://data.ordnancesurvey.co.uk/id/country/scotland,,,
DG88QW,http://data.ordnancesurvey.co.uk/id/postcodeunit/DG88QW,DG8 8QW,,,,other,Postcode,244462,539907,3500,18000,,,,,,,Whithorn,http://data.ordnancesurvey.co.uk/id/4000000074564742,http://www.ordnancesurvey.co.uk/xml/codelists/localtype.xml#town,,,,Dumfries and Galloway,http://data.ordnancesurvey.co.uk/id/7000000000031903,http://data.ordnancesurvey.co.uk/ontology/admingeo/UnitaryAuthority,Scotland,http://data.ordnancesurvey.co.uk/id/7000000000041429,Scotland,http://data.ordnancesurvey.co.uk/id/country/scotland,,,
DG88NE,http://data.ordnancesurvey.co.uk/id/postcodeunit/DG88NE,DG8 8NE,,,,other,Postcode,240371,539255,3500,18000,,,,,,,Glasserton,http://data.ordnancesurvey.co.uk/id/4000000074564743,http://www.ordnancesurvey.co.uk/xml/codelists/localtype.xml#otherSettlement,,,,Dumfries and Galloway,http://data.ordnancesurvey.co.uk/id/7000000000031903,http://data.ordnancesurvey.co.uk/ontology/admingeo/UnitaryAuthority,Scotland,http://data.ordnancesurvey.co.uk/id/7000000000041429,Scotland,http://data.ordnancesurvey.co.uk/id/country/scotland,,,
DG88LT,http://data.ordnancesurvey.co.uk/id/postcodeunit/DG88LT,DG8 8LT,,,,other,Postcode,247262,536402,3500,18000,,,,,,,Isle of Whithorn,http://data.ordnancesurvey.co.uk/id/4000000074564741,http://www.ordnancesurvey.co.uk/xml/codelists/localtype.xml#village,,,,Dumfries and Galloway,http://data.ordnancesurvey.co.uk/id/7000000000031903,http://data.ordnancesurvey.co.uk/ontology/admingeo/UnitaryAuthority,Scotland,http://data.ordnancesurvey.co.uk/id/7000000000041429,Scotland,http://data.ordnancesurvey.co.uk/id/country/scotland,,,
DG88JZ,http://data.ordnancesurvey.co.uk/id/postcodeunit/DG88JZ,DG8 8JZ,,,,other,Postcode,246057,537446,3500,18000,,,,,,,,,,,,,Dumfries and Galloway,http://data.ordnancesurvey.co.uk/id/7000000000031903,http://data.ordnancesurvey.co.uk/ontology/admingeo/UnitaryAuthority,Scotland,http://data.ordnancesurvey.co.uk/id/7000000000041429,Scotland,http://data.ordnancesurvey.co.uk/id/country/scotland,,,
DG88JE,http://data.ordnancesurvey.co.uk/id/postcodeunit/DG88JE,DG8 8JE,,,,other,Postcode,247406,536179,3500,18000,,,,,,,Isle of Whithorn,http://data.ordnancesurvey.co.uk/id/4000000074564741,http://www.ordnancesurvey.co.uk/xml/codelists/localtype.xml#village,,,,Dumfries and Galloway,http://data.ordnancesurvey.co.uk/id/7000000000031903,http://data.ordnancesurvey.co.uk/ontology/admingeo/UnitaryAuthority,Scotland,http://data.ordnancesurvey.co.uk/id/7000000000041429,Scotland,http://data.ordnancesurvey.co.uk/id/country/scotland,,,
DG88LA,http://data.ordnancesurvey.co.uk/id/postcodeunit/DG88LA,DG8 8LA,,,,other,Postcode,247180,536463,3500,18000,,,,,,,Isle of Whithorn,http://data.ordnancesurvey.co.uk/id/4000000074564741,http://www.ordnancesurvey.co.uk/xml/codelists/localtype.xml#village,,,,Dumfries and Galloway,http://data.ordnancesurvey.co.uk/id/7000000000031903,http://data.ordnancesurvey.co.uk/ontology/admingeo/UnitaryAuthority,Scotland,http://data.ordnancesurvey.co.uk/id/7000000000041429,Scotland,http://data.ordnancesurvey.co.uk/id/country/scotland,,,
DG88LE,http://data.ordnancesurvey.co.uk/id/postcodeunit/DG88LE,DG8 8LE,,,,other,Postcode,247610,536525,3500,18000,,,,,,,Isle of Whithorn,http://data.ordnancesurvey.co.uk/id/4000000074564741,http://www.ordnancesurvey.co.uk/xml/codelists/localtype.xml#village,,,,Dumfries and Galloway,http://data.ordnancesurvey.co.uk/id/7000000000031903,http://data.ordnancesurvey.co.uk/ontology/admingeo/UnitaryAuthority,Scotland,http://data.ordnancesurvey.co.uk/id/7000000000041429,Scotland,http://data.ordnancesurvey.co.uk/id/country/scotland,,,
DG88NA,http://data.ordnancesurvey.co.uk/id/postcodeunit/DG88NA,DG8 8NA,,,,other,Postcode,243529,539515,3500,18000,,,,,,,,,,,,,Dumfries and Galloway,http://data.ordnancesurvey.co.uk/id/7000000000031903,http://data.ordnancesurvey.co.uk/ontology/admingeo/UnitaryAuthority,Scotland,http://data.ordnancesurvey.co.uk/id/7000000000041429,Scotland,http://data.ordnancesurvey.co.uk/id/country/scotland,,,
DG88HZ,http://data.ordnancesurvey.co.uk/id/postcodeunit/DG88HZ,DG8 8HZ,,,,other,Postcode,244306,535670,3500,18000,,,,,,,,,,,,,Dumfries and Galloway,http://data.ordnancesurvey.co.uk/id/7000000000031903,http://data.ordnancesurvey.co.uk/ontology/admingeo/UnitaryAuthority,Scotland,http://data.ordnancesurvey.co.uk/id/7000000000041429,Scotland,http://data.ordnancesurvey.co.uk/id/country/scotland,,,
DG88JS,http://data.ordnancesurvey.co.uk/id/postcodeunit/DG88JS,DG8 8JS,,,,other,Postcode,244185,538556,3500,18000,,,,,,,,,,,,,Dumfries and Galloway,http://data.ordnancesurvey.co.uk/id/7000000000031903,http://data.ordnancesurvey.co.uk/ontology/admingeo/UnitaryAuthority,Scotland,http://data.ordnancesurvey.co.uk/id/7000000000041429,Scotland,http://data.ordnancesurvey.co.uk/id/country/scotland,,,
DG88LZ,http://data.ordnancesurvey.co.uk/id/postcodeunit/DG88LZ,DG8 8LZ,,,,other,Postcode,242618,538833,3500,18000,,,,,,,,,,,,,Dumfries and Galloway,http://data.ordnancesurvey.co.uk/id/7000000000031903,http://data.ordnancesurvey.co.uk/ontology/admingeo/UnitaryAuthority,Scotland,http://data.ordnancesurvey.co.uk/id/7000000000041429,Scotland,http://data.ordnancesurvey.co.uk/id/country/scotland,,,
DG88HT,http://data.ordnancesurvey.co.uk/id/postcodeunit/DG88HT,DG8 8HT,,,,other,Postcode,244658,539592,3500,18000,,,,,,,,,,,,,Dumfries and Galloway,http://data.ordnancesurvey.co.uk/id/7000000000031903,http://data.ordnancesurvey.co.uk/ontology/admingeo/UnitaryAuthority,Scotland,http://data.ordnancesurvey.co.uk/id/7000000000041429,Scotland,http://data.ordnancesurvey.co.uk/id/country/scotland,,,
DG88JB,http://data.ordnancesurvey.co.uk/id/postcodeunit/DG88JB,DG8 8JB,,,,other,Postcode,245072,534433,3500,18000,,,,,,,,,,,,,Dumfries and Galloway,http://data.ordnancesurvey.co.uk/id/7000000000031903,http://data.ordnancesurvey.co.uk/ontology/admingeo/UnitaryAuthority,Scotland,http://data.ordnancesurvey.co.uk/id/7000000000041429,Scotland,http://data.ordnancesurvey.co.uk/id/country/scotland,,,
DG88QF,http://data.ordnancesurvey.co.uk/id/postcodeunit/DG88QF,DG8 8QF,,,,other,Postcode,244404,539911,3500,18000,,,,,,,Whithorn,http://data.ordnancesurvey.co.uk/id/4000000074564742,http://www.ordnancesurvey.co.uk/xml/codelists/localtype.xml#town,,,,Dumfries and Galloway,http://data.ordnancesurvey.co.uk/id/7000000000031903,http://data.ordnancesurvey.co.uk/ontology/admingeo/UnitaryAuthority,Scotland,http://data.ordnancesurvey.co.uk/id/7000000000041429,Scotland,http://data.ordnancesurvey.co.uk/id/country/scotland,,,
DG88QL,http://data.ordnancesurvey.co.uk/id/postcodeunit/DG88QL,DG8 8QL,,,,other,Postcode,244369,539741,3500,18000,,,,,,,Whithorn,http://data.ordnancesurvey.co.uk/id/4000000074564742,http://www.ordnancesurvey.co.uk/xml/codelists/localtype.xml#town,,,,Dumfries and Galloway,http://data.ordnancesurvey.co.uk/id/7000000000031903,http://data.ordnancesurvey.co.uk/ontology/admingeo/UnitaryAuthority,Scotland,http://data.ordnancesurvey.co.uk/id/7000000000041429,Scotland,http://data.ordnancesurvey.co.uk/id/country/scotland,,,
DG88QJ,http://data.ordnancesurvey.co.uk/id/postcodeunit/DG88QJ,DG8 8QJ,,,,other,Postcode,244341,539735,3500,18000,,,,,,,Whithorn,http://data.ordnancesurvey.co.uk/id/4000000074564742,http://www.ordnancesurvey.co.uk/xml/codelists/localtype.xml#town,,,,Dumfries and Galloway,http://data.ordnancesurvey.co.uk/id/7000000000031903,http://data.ordnancesurvey.co.uk/ontology/admingeo/UnitaryAuthority,Scotland,http://data.ordnancesurvey.co.uk/id/7000000000041429,Scotland,http://data.ordnancesurvey.co.uk/id/country/scotland,,,
DG88LU,http://data.ordnancesurvey.co.uk/id/postcodeunit/DG88LU,DG8 8LU,,,,other,Postcode,242849,538103,3500,18000,,,,,,,,,,,,,Dumfries and Galloway,http://data.ordnancesurvey.co.uk/id/7000000000031903,http://data.ordnancesurvey.co.uk/ontology/admingeo/UnitaryAuthority,Scotland,http://data.ordnancesurvey.co.uk/id/7000000000041429,Scotland,http://data.ordnancesurvey.co.uk/id/country/scotland,,,
DG88QP,http://data.ordnancesurvey.co.uk/id/postcodeunit/DG88QP,DG8 8QP,,,,other,Postcode,244299,539797,3500,18000,,,,,,,Whithorn,http://data.ordnancesurvey.co.uk/id/4000000074564742,http://www.ordnancesurvey.co.uk/xml/codelists/localtype.xml#town,,,,Dumfries and Galloway,http://data.ordnancesurvey.co.uk/id/7000000000031903,http://data.ordnancesurvey.co.uk/ontology/admingeo/UnitaryAuthority,Scotland,http://data.ordnancesurvey.co.uk/id/7000000000041429,Scotland,http://data.ordnancesurvey.co.uk/id/country/scotland,,,
DG88JA,http://data.ordnancesurvey.co.uk/id/postcodeunit/DG88JA,DG8 8JA,,,,other,Postcode,245247,535144,3500,18000,,,,,,,,,,,,,Dumfries and Galloway,http://data.ordnancesurvey.co.uk/id/7000000000031903,http://data.ordnancesurvey.co.uk/ontology/admingeo/UnitaryAuthority,Scotland,http://data.ordnancesurvey.co.uk/id/7000000000041429,Scotland,http://data.ordnancesurvey.co.uk/id/country/scotland,,,
DG88JG,http://data.ordnancesurvey.co.uk/id/postcodeunit/DG88JG,DG8 8JG,,,,other,Postcode,247972,538226,3500,18000,,,,,,,,,,,,,Dumfries and Galloway,http://data.ordnancesurvey.co.uk/id/7000000000031903,http://data.ordnancesurvey.co.uk/ontology/admingeo/UnitaryAuthority,Scotland,http://data.ordnancesurvey.co.uk/id/7000000000041429,Scotland,http://data.ordnancesurvey.co.uk/id/country/scotland,,,
DG88HY,http://data.ordnancesurvey.co.uk/id/postcodeunit/DG88HY,DG8 8HY,,,,other,Postcode,244834,537077,3500,18000,,,,,,,,,,,,,Dumfries and Galloway,http://data.ordnancesurvey.co.uk/id/7000000000031903,http://data.ordnancesurvey.co.uk/ontology/admingeo/UnitaryAuthority,Scotland,http://data.ordnancesurvey.co.uk/id/7000000000041429,Scotland,http://data.ordnancesurvey.co.uk/id/country/scotland,,,
DG88HU,http://data.ordnancesurvey.co.uk/id/postcodeunit/DG88HU,DG8 8HU,,,,other,Postcode,244716,539014,3500,18000,,,,,,,,,,,,,Dumfries and Galloway,http://data.ordnancesurvey.co.uk/id/7000000000031903,http://data.ordnancesurvey.co.uk/ontology/admingeo/UnitaryAuthority,Scotland,http://data.ordnancesurvey.co.uk/id/7000000000041429,Scotland,http://data.ordnancesurvey.co.uk/id/country/scotland,,,
DG88QG,http://data.ordnancesurvey.co.uk/id/postcodeunit/DG88QG,DG8 8QG,,,,other,Postcode,244261,539746,3500,18000,,,,,,,Whithorn,http://data.ordnancesurvey.co.uk/id/4000000074564742,http://www.ordnancesurvey.co.uk/xml/codelists/localtype.xml#town,,,,Dumfries and Galloway,http://data.ordnancesurvey.co.uk/id/7000000000031903,http://data.ordnancesurvey.co.uk/ontology/admingeo/UnitaryAuthority,Scotland,http://data.ordnancesurvey.co.uk/id/7000000000041429,Scotland,http://data.ordnancesurvey.co.uk/id/country/scotland,,,
DG88LH,http://data.ordnancesurvey.co.uk/id/postcodeunit/DG88LH,DG8 8LH,,,,other,Postcode,247721,536627,3500,18000,,,,,,,Isle of Whithorn,http://data.ordnancesurvey.co.uk/id/4000000074564741,http://www.ordnancesurvey.co.uk/xml/codelists/localtype.xml#village,,,,Dumfries and Galloway,http://data.ordnancesurvey.co.uk/id/7000000000031903,http://data.ordnancesurvey.co.uk/ontology/admingeo/UnitaryAuthority,Scotland,http://data.ordnancesurvey.co.uk/id/7000000000041429,Scotland,http://data.ordnancesurvey.co.uk/id/country/scotland,,,
DG88QN,http://data.ordnancesurvey.co.uk/id/postcodeunit/DG88QN,DG8 8QN,,,,other,Postcode,244452,539771,3500,18000,,,,,,,Whithorn,http://data.ordnancesurvey.co.uk/id/4000000074564742,http://www.ordnancesurvey.co.uk/xml/codelists/localtype.xml#town,,,,Dumfries and Galloway,http://data.ordnancesurvey.co.uk/id/7000000000031903,http://data.ordnancesurvey.co.uk/ontology/admingeo/UnitaryAuthority,Scotland,http://data.ordnancesurvey.co.uk/id/7000000000041429,Scotland,http://data.ordnancesurvey.co.uk/id/country/scotland,,,
DG88JX,http://data.ordnancesurvey.co.uk/id/postcodeunit/DG88JX,DG8 8JX,,,,other,Postcode,244338,537830,3500,18000,,,,,,,,,,,,,Dumfries and Galloway,http://data.ordnancesurvey.co.uk/id/7000000000031903,http://data.ordnancesurvey.co.uk/ontology/admingeo/UnitaryAuthority,Scotland,http://data.ordnancesurvey.co.uk/id/7000000000041429,Scotland,http://data.ordnancesurvey.co.uk/id/country/scotland,,,
DG88LR,http://data.ordnancesurvey.co.uk/id/postcodeunit/DG88LR,DG8 8LR,,,,other,Postcode,247939,536345,3500,18000,,,,,,,Isle of Whithorn,http://data.ordnancesurvey.co.uk/id/4000000074564741,http://www.ordnancesurvey.co.uk/xml/codelists/localtype.xml#village,,,,Dumfries and Galloway,http://data.ordnancesurvey.co.uk/id/7000000000031903,http://data.ordnancesurvey.co.uk/ontology/admingeo/UnitaryAuthority,Scotland,http://data.ordnancesurvey.co.uk/id/7000000000041429,Scotland,http://data.ordnancesurvey.co.uk/id/country/scotland,,,
DG88LG,http://data.ordnancesurvey.co.uk/id/postcodeunit/DG88LG,DG8 8LG,,,,other,Postcode,247858,536435,3500,18000,,,,,,,Isle of Whithorn,http://data.ordnancesurvey.co.uk/id/4000000074564741,http://www.ordnancesurvey.co.uk/xml/codelists/localtype.xml#village,,,,Dumfries and Galloway,http://data.ordnancesurvey.co.uk/id/7000000000031903,http://data.ordnancesurvey.co.uk/ontology/admingeo/UnitaryAuthority,Scotland,http://data.ordnancesurvey.co.uk/id/7000000000041429,Scotland,http://data.ordnancesurvey.co.uk/id/country/scotland,,,
DG88JU,http://data.ordnancesurvey.co.uk/id/postcodeunit/DG88JU,DG8 8JU,,,,other,Postcode,243022,536575,3500,18000,,,,,,,,,,,,,Dumfries and Galloway,http://data.ordnancesurvey.co.uk/id/7000000000031903,http://data.ordnancesurvey.co.uk/ontology/admingeo/UnitaryAuthority,Scotland,http://data.ordnancesurvey.co.uk/id/7000000000041429,Scotland,http://data.ordnancesurvey.co.uk/id/country/scotland,,,
DG88LJ,http://data.ordnancesurvey.co.uk/id/postcodeunit/DG88LJ,DG8 8LJ,,,,other,Postcode,247756,536559,3500,18000,,,,,,,Isle of Whithorn,http://data.ordnancesurvey.co.uk/id/4000000074564741,http://www.ordnancesurvey.co.uk/xml/codelists/localtype.xml#village,,,,Dumfries and Galloway,http://data.ordnancesurvey.co.uk/id/7000000000031903,http://data.ordnancesurvey.co.uk/ontology/admingeo/UnitaryAuthority,Scotland,http://data.ordnancesurvey.co.uk/id/7000000000041429,Scotland,http://data.ordnancesurvey.co.uk/id/country/scotland,,,
DG88HS,http://data.ordnancesurvey.co.uk/id/postcodeunit/DG88HS,DG8 8HS,,,,other,Postcode,245512,539605,3500,18000,,,,,,,,,,,,,Dumfries and Galloway,http://data.ordnancesurvey.co.uk/id/7000000000031903,http://data.ordnancesurvey.co.uk/ontology/admingeo/UnitaryAuthority,Scotland,http://data.ordnancesurvey.co.uk/id/7000000000041429,Scotland,http://data.ordnancesurvey.co.uk/id/country/scotland,,,
DG88HX,http://data.ordnancesurvey.co.uk/id/postcodeunit/DG88HX,DG8 8HX,,,,other,Postcode,245411,538097,3500,18000,,,,,,,,,,,,,Dumfries and Galloway,http://data.ordnancesurvey.co.uk/id/7000000000031903,http://data.ordnancesurvey.co.uk/ontology/admingeo/UnitaryAuthority,Scotland,http://data.ordnancesurvey.co.uk/id/7000000000041429,Scotland,http://data.ordnancesurvey.co.uk/id/country/scotland,,,
DG88JT,http://data.ordnancesurvey.co.uk/id/postcodeunit/DG88JT,DG8 8JT,,,,other,Postcode,243430,537969,3500,18000,,,,,,,,,,,,,Dumfries and Galloway,http://data.ordnancesurvey.co.uk/id/7000000000031903,http://data.ordnancesurvey.co.uk/ontology/admingeo/UnitaryAuthority,Scotland,http://data.ordnancesurvey.co.uk/id/7000000000041429,Scotland,http://data.ordnancesurvey.co.uk/id/country/scotland,,,
DG88JY,http://data.ordnancesurvey.co.uk/id/postcodeunit/DG88JY,DG8 8JY,,,,other,Postcode,245488,537463,3500,18000,,,,,,,,,,,,,Dumfries and Galloway,http://data.ordnancesurvey.co.uk/id/7000000000031903,http://data.ordnancesurvey.co.uk/ontology/admingeo/UnitaryAuthority,Scotland,http://data.ordnancesurvey.co.uk/id/7000000000041429,Scotland,http://data.ordnancesurvey.co.uk/id/country/scotland,,,
DG88QQ,http://data.ordnancesurvey.co.uk/id/postcodeunit/DG88QQ,DG8 8QQ,,,,other,Postcode,244327,539831,3500,18000,,,,,,,Whithorn,http://data.ordnancesurvey.co.uk/id/4000000074564742,http://www.ordnancesurvey.co.uk/xml/codelists/localtype.xml#town,,,,Dumfries and Galloway,http://data.ordnancesurvey.co.uk/id/7000000000031903,http://data.ordnancesurvey.co.uk/ontology/admingeo/UnitaryAuthority,Scotland,http://data.ordnancesurvey.co.uk/id/7000000000041429,Scotland,http://data.ordnancesurvey.co.uk/id/country/scotland,,,
DG88QE,http://data.ordnancesurvey.co.uk/id/postcodeunit/DG88QE,DG8 8QE,,,,other,Postcode,244377,539905,3500,18000,,,,,,,Whithorn,http://data.ordnancesurvey.co.uk/id/4000000074564742,http://www.ordnancesurvey.co.uk/xml/codelists/localtype.xml#town,,,,Dumfries and Galloway,http://data.ordnancesurvey.co.uk/id/7000000000031903,http://data.ordnancesurvey.co.uk/ontology/admingeo/UnitaryAuthority,Scotland,http://data.ordnancesurvey.co.uk/id/7000000000041429,Scotland,http://data.ordnancesurvey.co.uk/id/country/scotland,,,
DG88HP,http://data.ordnancesurvey.co.uk/id/postcodeunit/DG88HP,DG8 8HP,,,,other,Postcode,246265,539650,3500,18000,,,,,,,,,,,,,Dumfries and Galloway,http://data.ordnancesurvey.co.uk/id/7000000000031903,http://data.ordnancesurvey.co.uk/ontology/admingeo/UnitaryAuthority,Scotland,http://data.ordnancesurvey.co.uk/id/7000000000041429,Scotland,http://data.ordnancesurvey.co.uk/id/country/scotland,,,
DG88LD,http://data.ordnancesurvey.co.uk/id/postcodeunit/DG88LD,DG8 8LD,,,,other,Postcode,247465,536512,3500,18000,,,,,,,Isle of Whithorn,http://data.ordnancesurvey.co.uk/id/4000000074564741,http://www.ordnancesurvey.co.uk/xml/codelists/localtype.xml#village,,,,Dumfries and Galloway,http://data.ordnancesurvey.co.uk/id/7000000000031903,http://data.ordnancesurvey.co.uk/ontology/admingeo/UnitaryAuthority,Scotland,http://data.ordnancesurvey.co.uk/id/7000000000041429,Scotland,http://data.ordnancesurvey.co.uk/id/country/scotland,,,
DG88LF,http://data.ordnancesurvey.co.uk/id/postcodeunit/DG88LF,DG8 8LF,,,,other,Postcode,247576,536557,3500,18000,,,,,,,Isle of Whithorn,http://data.ordnancesurvey.co.uk/id/4000000074564741,http://www.ordnancesurvey.co.uk/xml/codelists/localtype.xml#village,,,,Dumfries and Galloway,http://data.ordnancesurvey.co.uk/id/7000000000031903,http://data.ordnancesurvey.co.uk/ontology/admingeo/UnitaryAuthority,Scotland,http://data.ordnancesurvey.co.uk/id/7000000000041429,Scotland,http://data.ordnancesurvey.co.uk/id/country/scotland,,,
DG88JF,http://data.ordnancesurvey.co.uk/id/postcodeunit/DG88JF,DG8 8JF,,,,other,Postcode,247713,537350,3500,18000,,,,,,,,,,,,,Dumfries and Galloway,http://data.ordnancesurvey.co.uk/id/7000000000031903,http://data.ordnancesurvey.co.uk/ontology/admingeo/UnitaryAuthority,Scotland,http://data.ordnancesurvey.co.uk/id/7000000000041429,Scotland,http://data.ordnancesurvey.co.uk/id/country/scotland,,,
DG88LB,http://data.ordnancesurvey.co.uk/id/postcodeunit/DG88LB,DG8 8LB,,,,other,Postcode,247440,536576,3500,18000,,,,,,,Isle of Whithorn,http://data.ordnancesurvey.co.uk/id/4000000074564741,http://www.ordnancesurvey.co.uk/xml/codelists/localtype.xml#village,,,,Dumfries and Galloway,http://data.ordnancesurvey.co.uk/id/7000000000031903,http://data.ordnancesurvey.co.uk/ontology/admingeo/UnitaryAuthority,Scotland,http://data.ordnancesurvey.co.uk/id/7000000000041429,Scotland,http://data.ordnancesurvey.co.uk/id/country/scotland,,,
DG88LX,http://data.ordnancesurvey.co.uk/id/postcodeunit/DG88LX,DG8 8LX,,,,other,Postcode,242109,537130,3500,18000,,,,,,,,,,,,,Dumfries and Galloway,http://data.ordnancesurvey.co.uk/id/7000000000031903,http://data.ordnancesurvey.co.uk/ontology/admingeo/UnitaryAuthority,Scotland,http://data.ordnancesurvey.co.uk/id/7000000000041429,Scotland,http://data.ordnancesurvey.co.uk/id/country/scotland,,,
DG88LQ,http://data.ordnancesurvey.co.uk/id/postcodeunit/DG88LQ,DG8 8LQ,,,,other,Postcode,247514,536420,3500,18000,,,,,,,Isle of Whithorn,http://data.ordnancesurvey.co.uk/id/4000000074564741,http://www.ordnancesurvey.co.uk/xml/codelists/localtype.xml#village,,,,Dumfries and Galloway,http://data.ordnancesurvey.co.uk/id/7000000000031903,http://data.ordnancesurvey.co.uk/ontology/admingeo/UnitaryAuthority,Scotland,http://data.ordnancesurvey.co.uk/id/7000000000041429,Scotland,http://data.ordnancesurvey.co.uk/id/country/scotland,,,
DG88LP,http://data.ordnancesurvey.co.uk/id/postcodeunit/DG88LP,DG8 8LP,,,,other,Postcode,247650,536604,3500,18000,,,,,,,Isle of Whithorn,http://data.ordnancesurvey.co.uk/id/4000000074564741,http://www.ordnancesurvey.co.uk/xml/codelists/localtype.xml#village,,,,Dumfries and Galloway,http://data.ordnancesurvey.co.uk/id/7000000000031903,http://data.ordnancesurvey.co.uk/ontology/admingeo/UnitaryAuthority,Scotland,http://data.ordnancesurvey.co.uk/id/7000000000041429,Scotland,http://data.ordnancesurvey.co.uk/id/country/scotland,,,
DG88NL,http://data.ordnancesurvey.co.uk/id/postcodeunit/DG88NL,DG8 8NL,,,,other,Postcode,247134,536377,3500,18000,,,,,,,Isle of Whithorn,http://data.ordnancesurvey.co.uk/id/4000000074564741,http://www.ordnancesurvey.co.uk/xml/codelists/localtype.xml#village,,,,Dumfries and Galloway,http://data.ordnancesurvey.co.uk/id/7000000000031903,http://data.ordnancesurvey.co.uk/ontology/admingeo/UnitaryAuthority,Scotland,http://data.ordnancesurvey.co.uk/id/7000000000041429,Scotland,http://data.ordnancesurvey.co.uk/id/country/scotland,,,
DG88LL,http://data.ordnancesurvey.co.uk/id/postcodeunit/DG88LL,DG8 8LL,,,,other,Postcode,247852,536304,3500,18000,,,,,,,Isle of Whithorn,http://data.ordnancesurvey.co.uk/id/4000000074564741,http://www.ordnancesurvey.co.uk/xml/codelists/localtype.xml#village,,,,Dumfries and Galloway,http://data.ordnancesurvey.co.uk/id/7000000000031903,http://data.ordnancesurvey.co.uk/ontology/admingeo/UnitaryAuthority,Scotland,http://data.ordnancesurvey.co.uk/id/7000000000041429,Scotland,http://data.ordnancesurvey.co.uk/id/country/scotland,,,
DG88NB,http://data.ordnancesurvey.co.uk/id/postcodeunit/DG88NB,DG8 8NB,,,,other,Postcode,242052,538755,3500,18000,,,,,,,Glasserton,http://data.ordnancesurvey.co.uk/id/4000000074564743,http://www.ordnancesurvey.co.uk/xml/codelists/localtype.xml#otherSettlement,,,,Dumfries and Galloway,http://data.ordnancesurvey.co.uk/id/7000000000031903,http://data.ordnancesurvey.co.uk/ontology/admingeo/UnitaryAuthority,Scotland,http://data.ordnancesurvey.co.uk/id/7000000000041429,Scotland,http://data.ordnancesurvey.co.uk/id/country/scotland,,,
DG88JD,http://data.ordnancesurvey.co.uk/id/postcodeunit/DG88JD,DG8 8JD,,,,other,Postcode,246770,535707,3500,18000,,,,,,,,,,,,,Dumfries and Galloway,http://data.ordnancesurvey.co.uk/id/7000000000031903,http://data.ordnancesurvey.co.uk/ontology/admingeo/UnitaryAuthority,Scotland,http://data.ordnancesurvey.co.uk/id/7000000000041429,Scotland,http://data.ordnancesurvey.co.uk/id/country/scotland,,,
DG88QH,http://data.ordnancesurvey.co.uk/id/postcodeunit/DG88QH,DG8 8QH,,,,other,Postcode,244330,539795,3500,18000,,,,,,,Whithorn,http://data.ordnancesurvey.co.uk/id/4000000074564742,http://www.ordnancesurvey.co.uk/xml/codelists/localtype.xml#town,,,,Dumfries and Galloway,http://data.ordnancesurvey.co.uk/id/7000000000031903,http://data.ordnancesurvey.co.uk/ontology/admingeo/UnitaryAuthority,Scotland,http://data.ordnancesurvey.co.uk/id/7000000000041429,Scotland,http://data.ordnancesurvey.co.uk/id/country/scotland,,,
DG88JQ,http://data.ordnancesurvey.co.uk/id/postcodeunit/DG88JQ,DG8 8JQ,,,,other,Postcode,247748,538892,3500,18000,,,,,,,Portyerrock,http://data.ordnancesurvey.co.uk/id/4000000074338456,http://www.ordnancesurvey.co.uk/xml/codelists/localtype.xml#hamlet,,,,Dumfries and Galloway,http://data.ordnancesurvey.co.uk/id/7000000000031903,http://data.ordnancesurvey.co.uk/ontology/admingeo/UnitaryAuthority,Scotland,http://data.ordnancesurvey.co.uk/id/7000000000041429,Scotland,http://data.ordnancesurvey.co.uk/id/country/scotland,,,
DG88LN,http://data.ordnancesurvey.co.uk/id/postcodeunit/DG88LN,DG8 8LN,,,,other,Postcode,247630,536498,3500,18000,,,,,,,Isle of Whithorn,http://data.ordnancesurvey.co.uk/id/4000000074564741,http://www.ordnancesurvey.co.uk/xml/codelists/localtype.xml#village,,,,Dumfries and Galloway,http://data.ordnancesurvey.co.uk/id/7000000000031903,http://data.ordnancesurvey.co.uk/ontology/admingeo/UnitaryAuthority,Scotland,http://data.ordnancesurvey.co.uk/id/7000000000041429,Scotland,http://data.ordnancesurvey.co.uk/id/country/scotland,,,
DG88LY,http://data.ordnancesurvey.co.uk/id/postcodeunit/DG88LY,DG8 8LY,,,,other,Postcode,242074,538087,3500,18000,,,,,,,,,,,,,Dumfries and Galloway,http://data.ordnancesurvey.co.uk/id/7000000000031903,http://data.ordnancesurvey.co.uk/ontology/admingeo/UnitaryAuthority,Scotland,http://data.ordnancesurvey.co.uk/id/7000000000041429,Scotland,http://data.ordnancesurvey.co.uk/id/country/scotland,,,
DG88LS,http://data.ordnancesurvey.co.uk/id/postcodeunit/DG88LS,DG8 8LS,,,,other,Postcode,247819,536609,3500,18000,,,,,,,Isle of Whithorn,http://data.ordnancesurvey.co.uk/id/4000000074564741,http://www.ordnancesurvey.co.uk/xml/codelists/localtype.xml#village,,,,Dumfries and Galloway,http://data.ordnancesurvey.co.uk/id/7000000000031903,http://data.ordnancesurvey.co.uk/ontology/admingeo/UnitaryAuthority,Scotland,http://data.ordnancesurvey.co.uk/id/7000000000041429,Scotland,http://data.ordnancesurvey.co.uk/id/country/scotland,,,
DG88JH,http://data.ordnancesurvey.co.uk/id/postcodeunit/DG88JH,DG8 8JH,,,,other,Postcode,247167,539302,3500,18000,,,,,,,,,,,,,Dumfries and Galloway,http://data.ordnancesurvey.co.uk/id/7000000000031903,http://data.ordnancesurvey.co.uk/ontology/admingeo/UnitaryAuthority,Scotland,http://data.ordnancesurvey.co.uk/id/7000000000041429,Scotland,http://data.ordnancesurvey.co.uk/id/country/scotland,,,
01ba18d4-457f-4387-a278-5be7b52e406b,http://data.ordnancesurvey.co.uk/id/01ba18d4-457f-4387-a278-5be7b52e406b,Harbour Row,,,,transportNetwork,Section Of Named Road,247815,536259,1000,25000,247809,536249,247882,536373,DG8,http://data.ordnancesurvey.co.uk/id/postcodedistrict/DG8,Isle of Whithorn,http://data.ordnancesurvey.co.uk/id/4000000074564741,http://www.ordnancesurvey.co.uk/xml/codelists/localtype.xml#village,,,,Dumfries and Galloway,http://data.ordnancesurvey.co.uk/id/7000000000031903,http://data.ordnancesurvey.co.uk/ontology/admingeo/UnitaryAuthority,Scotland,http://data.ordnancesurvey.co.uk/id/7000000000041429,Scotland,http://data.ordnancesurvey.co.uk/id/country/scotland,osgb4000000006895879,,
osgb4000000006895881,http://data.ordnancesurvey.co.uk/id/4000000006895881,High Street,,,,transportNetwork,Named Road,244390,539909,1000,20000,244366,539867,244422,539976,DG8,http://data.ordnancesurvey.co.uk/id/postcodedistrict/DG8,Whithorn,http://data.ordnancesurvey.co.uk/id/4000000074564742,http://www.ordnancesurvey.co.uk/xml/codelists/localtype.xml#town,,,,Dumfries and Galloway,http://data.ordnancesurvey.co.uk/id/7000000000031903,http://data.ordnancesurvey.co.uk/ontology/admingeo/UnitaryAuthority,Scotland,http://data.ordnancesurvey.co.uk/id/7000000000041429,Scotland,http://data.ordnancesurvey.co.uk/id/country/scotland,,,
osgb4000000006896501,http://data.ordnancesurvey.co.uk/id/4000000006896501,Boyach Road,,,,transportNetwork,Named Road,247422,536616,1000,20000,247419,536568,247472,536645,DG8,http://data.ordnancesurvey.co.uk/id/postcodedistrict/DG8,Isle of Whithorn,http://data.ordnancesurvey.co.uk/id/4000000074564741,http://www.ordnancesurvey.co.uk/xml/codelists/localtype.xml#village,,,,Dumfries and Galloway,http://data.ordnancesurvey.co.uk/id/7000000000031903,http://data.ordnancesurvey.co.uk/ontology/admingeo/UnitaryAuthority,Scotland,http://data.ordnancesurvey.co.uk/id/7000000000041429,Scotland,http://data.ordnancesurvey.co.uk/id/country/scotland,,,
osgb4000000006895878,http://data.ordnancesurvey.co.uk/id/4000000006895878,Boyach Crescent,,,,transportNetwork,Named Road,247482,536554,1000,20000,247401,536472,247483,536568,DG8,http://data.ordnancesurvey.co.uk/id/postcodedistrict/DG8,Isle of Whithorn,http://data.ordnancesurvey.co.uk/id/4000000074564741,http://www.ordnancesurvey.co.uk/xml/codelists/localtype.xml#village,,,,Dumfries and Galloway,http://data.ordnancesurvey.co.uk/id/7000000000031903,http://data.ordnancesurvey.co.uk/ontology/admingeo/UnitaryAuthority,Scotland,http://data.ordnancesurvey.co.uk/id/7000000000041429,Scotland,http://data.ordnancesurvey.co.uk/id/country/scotland,,,
osgb4000000006895877,http://data.ordnancesurvey.co.uk/id/4000000006895877,Rosie's Brae,,,,transportNetwork,Named Road,247289,536360,1000,20000,247220,536288,247373,536428,DG8,http://data.ordnancesurvey.co.uk/id/postcodedistrict/DG8,Isle of Whithorn,http://data.ordnancesurvey.co.uk/id/4000000074564741,http://www.ordnancesurvey.co.uk/xml/codelists/localtype.xml#village,,,,Dumfries and Galloway,http://data.ordnancesurvey.co.uk/id/7000000000031903,http://data.ordnancesurvey.co.uk/ontology/admingeo/UnitaryAuthority,Scotland,http://data.ordnancesurvey.co.uk/id/7000000000041429,Scotland,http://data.ordnancesurvey.co.uk/id/country/scotland,,,
osgb4000000006895882,http://data.ordnancesurvey.co.uk/id/4000000006895882,Green Croft,,,,transportNetwork,Named Road,244479,539833,1000,20000,244390,539712,244493,539909,DG8,http://data.ordnancesurvey.co.uk/id/postcodedistrict/DG8,Whithorn,http://data.ordnancesurvey.co.uk/id/4000000074564742,http://www.ordnancesurvey.co.uk/xml/codelists/localtype.xml#town,,,,Dumfries and Galloway,http://data.ordnancesurvey.co.uk/id/7000000000031903,http://data.ordnancesurvey.co.uk/ontology/admingeo/UnitaryAuthority,Scotland,http://data.ordnancesurvey.co.uk/id/7000000000041429,Scotland,http://data.ordnancesurvey.co.uk/id/country/scotland,,,
osgb4000000006895348,http://data.ordnancesurvey.co.uk/id/4000000006895348,Main Street,,,,transportNetwork,Named Road,247773,536520,2000,20000,247567,536373,247882,536547,DG8,http://data.ordnancesurvey.co.uk/id/postcodedistrict/DG8,Isle of Whithorn,http://data.ordnancesurvey.co.uk/id/4000000074564741,http://www.ordnancesurvey.co.uk/xml/codelists/localtype.xml#village,,,,Dumfries and Galloway,http://data.ordnancesurvey.co.uk/id/7000000000031903,http://data.ordnancesurvey.co.uk/ontology/admingeo/UnitaryAuthority,Scotland,http://data.ordnancesurvey.co.uk/id/7000000000041429,Scotland,http://data.ordnancesurvey.co.uk/id/country/scotland,,,
aec29d3a-0a55-4cbd-962b-6db8adc6c95d,http://data.ordnancesurvey.co.uk/id/aec29d3a-0a55-4cbd-962b-6db8adc6c95d,B7004,,,,transportNetwork,Section Of Numbered Road,244366,539867,8000,25000,244345,539656,244680,540873,DG8,http://data.ordnancesurvey.co.uk/id/postcodedistrict/DG8,Whithorn,http://data.ordnancesurvey.co.uk/id/4000000074564742,http://www.ordnancesurvey.co.uk/xml/codelists/localtype.xml#town,,,,Dumfries and Galloway,http://data.ordnancesurvey.co.uk/id/7000000000031903,http://data.ordnancesurvey.co.uk/ontology/admingeo/UnitaryAuthority,Scotland,http://data.ordnancesurvey.co.uk/id/7000000000041429,Scotland,http://data.ordnancesurvey.co.uk/id/country/scotland,osgb4000000006899680,,
osgb4000000006896502,http://data.ordnancesurvey.co.uk/id/4000000006896502,Isle Street,,,,transportNetwork,Named Road,244351,539761,1000,20000,244351,539654,244366,539867,DG8,http://data.ordnancesurvey.co.uk/id/postcodedistrict/DG8,Whithorn,http://data.ordnancesurvey.co.uk/id/4000000074564742,http://www.ordnancesurvey.co.uk/xml/codelists/localtype.xml#town,,,,Dumfries and Galloway,http://data.ordnancesurvey.co.uk/id/7000000000031903,http://data.ordnancesurvey.co.uk/ontology/admingeo/UnitaryAuthority,Scotland,http://data.ordnancesurvey.co.uk/id/7000000000041429,Scotland,http://data.ordnancesurvey.co.uk/id/country/scotland,,,
osgb4000000006895347,http://data.ordnancesurvey.co.uk/id/4000000006895347,Tonderghie Road,,,,transportNetwork,Named Road,247513,536398,2000,20000,247373,536288,247567,536547,DG8,http://data.ordnancesurvey.co.uk/id/postcodedistrict/DG8,Isle of Whithorn,http://data.ordnancesurvey.co.uk/id/4000000074564741,http://www.ordnancesurvey.co.uk/xml/codelists/localtype.xml#village,,,,Dumfries and Galloway,http://data.ordnancesurvey.co.uk/id/7000000000031903,http://data.ordnancesurvey.co.uk/ontology/admingeo/UnitaryAuthority,Scotland,http://data.ordnancesurvey.co.uk/id/7000000000041429,Scotland,http://data.ordnancesurvey.co.uk/id/country/scotland,,,
osgb4000000006916045,http://data.ordnancesurvey.co.uk/id/4000000006916045,Boyach Terrace,,,,transportNetwork,Named Road,247359,536493,1000,20000,247356,536463,247403,536527,DG8,http://data.ordnancesurvey.co.uk/id/postcodedistrict/DG8,Isle of Whithorn,http://data.ordnancesurvey.co.uk/id/4000000074564741,http://www.ordnancesurvey.co.uk/xml/codelists/localtype.xml#village,,,,Dumfries and Galloway,http://data.ordnancesurvey.co.uk/id/7000000000031903,http://data.ordnancesurvey.co.uk/ontology/admingeo/UnitaryAuthority,Scotland,http://data.ordnancesurvey.co.uk/id/7000000000041429,Scotland,http://data.ordnancesurvey.co.uk/id/country/scotland,,,
osgb4000000006902821,http://data.ordnancesurvey.co.uk/id/4000000006902821,Green Lane,,,,transportNetwork,Named Road,244383,539946,1000,20000,244356,539881,244422,539976,DG8,http://data.ordnancesurvey.co.uk/id/postcodedistrict/DG8,Whithorn,http://data.ordnancesurvey.co.uk/id/4000000074564742,http://www.ordnancesurvey.co.uk/xml/codelists/localtype.xml#town,,,,Dumfries and Galloway,http://data.ordnancesurvey.co.uk/id/7000000000031903,http://data.ordnancesurvey.co.uk/ontology/admingeo/UnitaryAuthority,Scotland,http://data.ordnancesurvey.co.uk/id/7000000000041429,Scotland,http://data.ordnancesurvey.co.uk/id/country/scotland,,,
328975d2-25e9-4edf-93ed-3d67c3ced750,http://data.ordnancesurvey.co.uk/id/328975d2-25e9-4edf-93ed-3d67c3ced750,Green Croft,,,,transportNetwork,Section Of Named Road,244479,539833,1000,25000,244390,539712,244482,539909,DG8,http://data.ordnancesurvey.co.uk/id/postcodedistrict/DG8,Whithorn,http://data.ordnancesurvey.co.uk/id/4000000074564742,http://www.ordnancesurvey.co.uk/xml/codelists/localtype.xml#town,,,,Dumfries and Galloway,http://data.ordnancesurvey.co.uk/id/7000000000031903,http://data.ordnancesurvey.co.uk/ontology/admingeo/UnitaryAuthority,Scotland,http://data.ordnancesurvey.co.uk/id/7000000000041429,Scotland,http://data.ordnancesurvey.co.uk/id/country/scotland,osgb4000000006895882,,
osgb4000000006895879,http://data.ordnancesurvey.co.uk/id/4000000006895879,Harbour Row,,,,transportNetwork,Named Road,247815,536259,1000,20000,247753,536236,247882,536373,DG8,http://data.ordnancesurvey.co.uk/id/postcodedistrict/DG8,Isle of Whithorn,http://data.ordnancesurvey.co.uk/id/4000000074564741,http://www.ordnancesurvey.co.uk/xml/codelists/localtype.xml#village,,,,Dumfries and Galloway,http://data.ordnancesurvey.co.uk/id/7000000000031903,http://data.ordnancesurvey.co.uk/ontology/admingeo/UnitaryAuthority,Scotland,http://data.ordnancesurvey.co.uk/id/7000000000041429,Scotland,http://data.ordnancesurvey.co.uk/id/country/scotland,,,
osgb4000000006896503,http://data.ordnancesurvey.co.uk/id/4000000006896503,Kilncroft,,,,transportNetwork,Named Road,244440,539936,1000,20000,244420,539896,244468,539940,DG8,http://data.ordnancesurvey.co.uk/id/postcodedistrict/DG8,Whithorn,http://data.ordnancesurvey.co.uk/id/4000000074564742,http://www.ordnancesurvey.co.uk/xml/codelists/localtype.xml#town,,,,Dumfries and Galloway,http://data.ordnancesurvey.co.uk/id/7000000000031903,http://data.ordnancesurvey.co.uk/ontology/admingeo/UnitaryAuthority,Scotland,http://data.ordnancesurvey.co.uk/id/7000000000041429,Scotland,http://data.ordnancesurvey.co.uk/id/country/scotland,,,
osgb4000000074675539,http://data.ordnancesurvey.co.uk/id/4000000074675539,Cairn Plantation,,,,landcover,Woodland Or Forest,241945,539530,8000,400000,241561,538923,242542,540137,DG8,http://data.ordnancesurvey.co.uk/id/postcodedistrict/DG8,,,,,,,Dumfries and Galloway,http://data.ordnancesurvey.co.uk/id/7000000000031903,http://data.ordnancesurvey.co.uk/ontology/admingeo/UnitaryAuthority,Scotland,http://data.ordnancesurvey.co.uk/id/7000000000041429,Scotland,http://data.ordnancesurvey.co.uk/id/country/scotland,,,
osgb4000000074675135,http://data.ordnancesurvey.co.uk/id/4000000074675135,Balcray Plantation,,,,landcover,Woodland Or Forest,245883,538813,2000,400000,245588,538563,246088,539063,DG8,http://data.ordnancesurvey.co.uk/id/postcodedistrict/DG8,,,,,,,Dumfries and Galloway,http://data.ordnancesurvey.co.uk/id/7000000000031903,http://data.ordnancesurvey.co.uk/ontology/admingeo/UnitaryAuthority,Scotland,http://data.ordnancesurvey.co.uk/id/7000000000041429,Scotland,http://data.ordnancesurvey.co.uk/id/country/scotland,,,
osgb4000000074788341,http://data.ordnancesurvey.co.uk/id/4000000074788341,Hespin,,,,hydrography,Tidal Water,243879,534747,1000,150000,243629,534503,244129,535003,DG8,http://data.ordnancesurvey.co.uk/id/postcodedistrict/DG8,,,,,,,Dumfries and Galloway,http://data.ordnancesurvey.co.uk/id/7000000000031903,http://data.ordnancesurvey.co.uk/ontology/admingeo/UnitaryAuthority,Scotland,http://data.ordnancesurvey.co.uk/id/7000000000041429,Scotland,http://data.ordnancesurvey.co.uk/id/country/scotland,,,
osgb4000000074756520,http://data.ordnancesurvey.co.uk/id/4000000074756520,Devil's Footsteps,,,,landform,Cliff Or Slope,246075,534214,1000,40000,245833,533964,246333,534464,DG8,http://data.ordnancesurvey.co.uk/id/postcodedistrict/DG8,,,,,,,Dumfries and Galloway,http://data.ordnancesurvey.co.uk/id/7000000000031903,http://data.ordnancesurvey.co.uk/ontology/admingeo/UnitaryAuthority,Scotland,http://data.ordnancesurvey.co.uk/id/7000000000041429,Scotland,http://data.ordnancesurvey.co.uk/id/country/scotland,,,
osgb4000000074675136,http://data.ordnancesurvey.co.uk/id/4000000074675136,Enoch Plantation,,,,landcover,Woodland Or Forest,243344,538677,3000,400000,243094,538430,243594,538930,DG8,http://data.ordnancesurvey.co.uk/id/postcodedistrict/DG8,,,,,,,Dumfries and Galloway,http://data.ordnancesurvey.co.uk/id/7000000000031903,http://data.ordnancesurvey.co.uk/ontology/admingeo/UnitaryAuthority,Scotland,http://data.ordnancesurvey.co.uk/id/7000000000041429,Scotland,http://data.ordnancesurvey.co.uk/id/country/scotland,,,
osgb4000000074757120,http://data.ordnancesurvey.co.uk/id/4000000074757120,Cairn Head,,,,landform,Other Coastal Landform,248649,538383,1000,50000,248399,538126,248899,538626,DG8,http://data.ordnancesurvey.co.uk/id/postcodedistrict/DG8,,,,,,,Dumfries and Galloway,http://data.ordnancesurvey.co.uk/id/7000000000031903,http://data.ordnancesurvey.co.uk/ontology/admingeo/UnitaryAuthority,Scotland,http://data.ordnancesurvey.co.uk/id/7000000000041429,Scotland,http://data.ordnancesurvey.co.uk/id/country/scotland,,,
osgb4000000074597378,http://data.ordnancesurvey.co.uk/id/4000000074597378,Dykefoot,,,,landform,Other Coastal Landform,247215,535066,1000,50000,246967,534816,247467,535316,DG8,http://data.ordnancesurvey.co.uk/id/postcodedistrict/DG8,,,,,,,Dumfries and Galloway,http://data.ordnancesurvey.co.uk/id/7000000000031903,http://data.ordnancesurvey.co.uk/ontology/admingeo/UnitaryAuthority,Scotland,http://data.ordnancesurvey.co.uk/id/7000000000041429,Scotland,http://data.ordnancesurvey.co.uk/id/country/scotland,,,
osgb4000000074652882,http://data.ordnancesurvey.co.uk/id/4000000074652882,Rouchan Fey Plantation,,,,landcover,Woodland Or Forest,240868,538191,3000,400000,240602,537941,241102,538441,DG8,http://data.ordnancesurvey.co.uk/id/postcodedistrict/DG8,,,,,,,Dumfries and Galloway,http://data.ordnancesurvey.co.uk/id/7000000000031903,http://data.ordnancesurvey.co.uk/ontology/admingeo/UnitaryAuthority,Scotland,http://data.ordnancesurvey.co.uk/id/7000000000041429,Scotland,http://data.ordnancesurvey.co.uk/id/country/scotland,,,
osgb4000000074788312,http://data.ordnancesurvey.co.uk/id/4000000074788312,Stinking Port,,,,hydrography,Bay,247979,536474,1000,150000,247729,536220,248229,536720,DG8,http://data.ordnancesurvey.co.uk/id/postcodedistrict/DG8,,,,,,,Dumfries and Galloway,http://data.ordnancesurvey.co.uk/id/7000000000031903,http://data.ordnancesurvey.co.uk/ontology/admingeo/UnitaryAuthority,Scotland,http://data.ordnancesurvey.co.uk/id/7000000000041429,Scotland,http://data.ordnancesurvey.co.uk/id/country/scotland,,,
osgb4000000074652472,http://data.ordnancesurvey.co.uk/id/4000000074652472,Balsmith Plantation,,,,landcover,Woodland Or Forest,246378,539009,1000,400000,246135,538759,246635,539259,DG8,http://data.ordnancesurvey.co.uk/id/postcodedistrict/DG8,,,,,,,Dumfries and Galloway,http://data.ordnancesurvey.co.uk/id/7000000000031903,http://data.ordnancesurvey.co.uk/ontology/admingeo/UnitaryAuthority,Scotland,http://data.ordnancesurvey.co.uk/id/7000000000041429,Scotland,http://data.ordnancesurvey.co.uk/id/country/scotland,,,
osgb4000000074788377,http://data.ordnancesurvey.co.uk/id/4000000074788377,Miller's Port,,,,hydrography,Bay,247780,539002,2000,150000,247530,538752,248030,539252,DG8,http://data.ordnancesurvey.co.uk/id/postcodedistrict/DG8,,,,,,,Dumfries and Galloway,http://data.ordnancesurvey.co.uk/id/7000000000031903,http://data.ordnancesurvey.co.uk/ontology/admingeo/UnitaryAuthority,Scotland,http://data.ordnancesurvey.co.uk/id/7000000000041429,Scotland,http://data.ordnancesurvey.co.uk/id/country/scotland,,,
osgb4000000074756738,http://data.ordnancesurvey.co.uk/id/4000000074756738,Taylor's Gat,,,,landform,Other Coastal Landform,244479,534387,1000,50000,244230,534139,244730,534639,DG8,http://data.ordnancesurvey.co.uk/id/postcodedistrict/DG8,,,,,,,Dumfries and Galloway,http://data.ordnancesurvey.co.uk/id/7000000000031903,http://data.ordnancesurvey.co.uk/ontology/admingeo/UnitaryAuthority,Scotland,http://data.ordnancesurvey.co.uk/id/7000000000041429,Scotland,http://data.ordnancesurvey.co.uk/id/country/scotland,,,
osgb4000000074675138,http://data.ordnancesurvey.co.uk/id/4000000074675138,South Challochblewn Plantation,,,,landcover,Woodland Or Forest,241326,537928,4000,400000,240943,537679,241592,538179,DG8,http://data.ordnancesurvey.co.uk/id/postcodedistrict/DG8,,,,,,,Dumfries and Galloway,http://data.ordnancesurvey.co.uk/id/7000000000031903,http://data.ordnancesurvey.co.uk/ontology/admingeo/UnitaryAuthority,Scotland,http://data.ordnancesurvey.co.uk/id/7000000000041429,Scotland,http://data.ordnancesurvey.co.uk/id/country/scotland,,,
osgb4000000074798138,http://data.ordnancesurvey.co.uk/id/4000000074798138,Port Castle Bay,,,,hydrography,Bay,242316,535751,6000,150000,241992,535493,242888,536009,DG8,http://data.ordnancesurvey.co.uk/id/postcodedistrict/DG8,,,,,,,Dumfries and Galloway,http://data.ordnancesurvey.co.uk/id/7000000000031903,http://data.ordnancesurvey.co.uk/ontology/admingeo/UnitaryAuthority,Scotland,http://data.ordnancesurvey.co.uk/id/7000000000041429,Scotland,http://data.ordnancesurvey.co.uk/id/country/scotland,,,
osgb4000000074756734,http://data.ordnancesurvey.co.uk/id/4000000074756734,North Slate Craig,,,,landform,Other Coastal Landform,248715,537484,1000,50000,248465,537231,248965,537731,DG8,http://data.ordnancesurvey.co.uk/id/postcodedistrict/DG8,,,,,,,Dumfries and Galloway,http://data.ordnancesurvey.co.uk/id/7000000000031903,http://data.ordnancesurvey.co.uk/ontology/admingeo/UnitaryAuthority,Scotland,http://data.ordnancesurvey.co.uk/id/7000000000041429,Scotland,http://data.ordnancesurvey.co.uk/id/country/scotland,,,
osgb4000000074790199,http://data.ordnancesurvey.co.uk/id/4000000074790199,Port of Counan,,,,hydrography,Bay,241838,536065,5000,150000,241349,535815,242068,536315,DG8,http://data.ordnancesurvey.co.uk/id/postcodedistrict/DG8,,,,,,,Dumfries and Galloway,http://data.ordnancesurvey.co.uk/id/7000000000031903,http://data.ordnancesurvey.co.uk/ontology/admingeo/UnitaryAuthority,Scotland,http://data.ordnancesurvey.co.uk/id/7000000000041429,Scotland,http://data.ordnancesurvey.co.uk/id/country/scotland,,,
osgb4000000074756733,http://data.ordnancesurvey.co.uk/id/4000000074756733,South Slate Craig,,,,landform,Other Coastal Landform,248704,537361,1000,50000,248452,537111,248952,537611,DG8,http://data.ordnancesurvey.co.uk/id/postcodedistrict/DG8,,,,,,,Dumfries and Galloway,http://data.ordnancesurvey.co.uk/id/7000000000031903,http://data.ordnancesurvey.co.uk/ontology/admingeo/UnitaryAuthority,Scotland,http://data.ordnancesurvey.co.uk/id/7000000000041429,Scotland,http://data.ordnancesurvey.co.uk/id/country/scotland,,,
osgb4000000074756735,http://data.ordnancesurvey.co.uk/id/4000000074756735,Isle Head,,,,landform,Other Coastal Landform,248093,536034,1000,50000,247843,535767,248343,536267,DG8,http://data.ordnancesurvey.co.uk/id/postcodedistrict/DG8,,,,,,,Dumfries and Galloway,http://data.ordnancesurvey.co.uk/id/7000000000031903,http://data.ordnancesurvey.co.uk/ontology/admingeo/UnitaryAuthority,Scotland,http://data.ordnancesurvey.co.uk/id/7000000000041429,Scotland,http://data.ordnancesurvey.co.uk/id/country/scotland,,,
osgb4000000074754565,http://data.ordnancesurvey.co.uk/id/4000000074754565,Stank,,,,landform,Other Coastal Landform,244832,534111,1000,50000,244582,533872,245082,534372,DG8,http://data.ordnancesurvey.co.uk/id/postcodedistrict/DG8,,,,,,,Dumfries and Galloway,http://data.ordnancesurvey.co.uk/id/7000000000031903,http://data.ordnancesurvey.co.uk/ontology/admingeo/UnitaryAuthority,Scotland,http://data.ordnancesurvey.co.uk/id/7000000000041429,Scotland,http://data.ordnancesurvey.co.uk/id/country/scotland,,,
osgb4000000074756654,http://data.ordnancesurvey.co.uk/id/4000000074756654,Monaghan,,,,landform,Other Coastal Landform,247963,535933,1000,50000,247713,535684,248213,536184,DG8,http://data.ordnancesurvey.co.uk/id/postcodedistrict/DG8,,,,,,,Dumfries and Galloway,http://data.ordnancesurvey.co.uk/id/7000000000031903,http://data.ordnancesurvey.co.uk/ontology/admingeo/UnitaryAuthority,Scotland,http://data.ordnancesurvey.co.uk/id/7000000000041429,Scotland,http://data.ordnancesurvey.co.uk/id/country/scotland,,,
osgb4000000074769753,http://data.ordnancesurvey.co.uk/id/4000000074769753,Camp Hill,,,,landform,Hill Or Mountain,242907,539909,1000,300000,242657,539659,243157,540159,DG8,http://data.ordnancesurvey.co.uk/id/postcodedistrict/DG8,,,,,,,Dumfries and Galloway,http://data.ordnancesurvey.co.uk/id/7000000000031903,http://data.ordnancesurvey.co.uk/ontology/admingeo/UnitaryAuthority,Scotland,http://data.ordnancesurvey.co.uk/id/7000000000041429,Scotland,http://data.ordnancesurvey.co.uk/id/country/scotland,,,
osgb4000000074756652,http://data.ordnancesurvey.co.uk/id/4000000074756652,Cunnoch,,,,landform,Other Coastal Landform,247727,535680,1000,50000,247477,535427,247977,535927,DG8,http://data.ordnancesurvey.co.uk/id/postcodedistrict/DG8,,,,,,,Dumfries and Galloway,http://data.ordnancesurvey.co.uk/id/7000000000031903,http://data.ordnancesurvey.co.uk/ontology/admingeo/UnitaryAuthority,Scotland,http://data.ordnancesurvey.co.uk/id/7000000000041429,Scotland,http://data.ordnancesurvey.co.uk/id/country/scotland,,,
osgb4000000006895880,http://data.ordnancesurvey.co.uk/id/4000000006895880,Glasserton Street,,,,transportNetwork,Named Road,244307,539771,1000,20000,244169,539698,244366,539867,DG8,http://data.ordnancesurvey.co.uk/id/postcodedistrict/DG8,Whithorn,http://data.ordnancesurvey.co.uk/id/4000000074564742,http://www.ordnancesurvey.co.uk/xml/codelists/localtype.xml#town,,,,Dumfries and Galloway,http://data.ordnancesurvey.co.uk/id/7000000000031903,http://data.ordnancesurvey.co.uk/ontology/admingeo/UnitaryAuthority,Scotland,http://data.ordnancesurvey.co.uk/id/7000000000041429,Scotland,http://data.ordnancesurvey.co.uk/id/country/scotland,,,
osgb4000000074788343,http://data.ordnancesurvey.co.uk/id/4000000074788343,Cairnhead Bay,,,,hydrography,Bay,248375,538372,2000,150000,248125,538131,248625,538631,DG8,http://data.ordnancesurvey.co.uk/id/postcodedistrict/DG8,,,,,,,Dumfries and Galloway,http://data.ordnancesurvey.co.uk/id/7000000000031903,http://data.ordnancesurvey.co.uk/ontology/admingeo/UnitaryAuthority,Scotland,http://data.ordnancesurvey.co.uk/id/7000000000041429,Scotland,http://data.ordnancesurvey.co.uk/id/country/scotland,,,
osgb4000000074652471,http://data.ordnancesurvey.co.uk/id/4000000074652471,Prestrie Plantation,,,,landcover,Woodland Or Forest,246512,538607,2000,400000,246262,538338,246762,538838,DG8,http://data.ordnancesurvey.co.uk/id/postcodedistrict/DG8,,,,,,,Dumfries and Galloway,http://data.ordnancesurvey.co.uk/id/7000000000031903,http://data.ordnancesurvey.co.uk/ontology/admingeo/UnitaryAuthority,Scotland,http://data.ordnancesurvey.co.uk/id/7000000000041429,Scotland,http://data.ordnancesurvey.co.uk/id/country/scotland,,,
osgb4000000074756923,http://data.ordnancesurvey.co.uk/id/4000000074756923,Ducker Craig,,,,landform,Island,243802,534804,1000,800000,243552,534555,244052,535055,DG8,http://data.ordnancesurvey.co.uk/id/postcodedistrict/DG8,,,,,,,Dumfries and Galloway,http://data.ordnancesurvey.co.uk/id/7000000000031903,http://data.ordnancesurvey.co.uk/ontology/admingeo/UnitaryAuthority,Scotland,http://data.ordnancesurvey.co.uk/id/7000000000041429,Scotland,http://data.ordnancesurvey.co.uk/id/country/scotland,,,
osgb4000000074756580,http://data.ordnancesurvey.co.uk/id/4000000074756580,Broom Point,,,,landform,Other Coastal Landform,247021,534904,1000,50000,246771,534659,247271,535159,DG8,http://data.ordnancesurvey.co.uk/id/postcodedistrict/DG8,,,,,,,Dumfries and Galloway,http://data.ordnancesurvey.co.uk/id/7000000000031903,http://data.ordnancesurvey.co.uk/ontology/admingeo/UnitaryAuthority,Scotland,http://data.ordnancesurvey.co.uk/id/7000000000041429,Scotland,http://data.ordnancesurvey.co.uk/id/country/scotland,,,
osgb4000000074756737,http://data.ordnancesurvey.co.uk/id/4000000074756737,The Lick,,,,landform,Island,246775,534635,1000,800000,246510,534385,247010,534885,DG8,http://data.ordnancesurvey.co.uk/id/postcodedistrict/DG8,,,,,,,Dumfries and Galloway,http://data.ordnancesurvey.co.uk/id/7000000000031903,http://data.ordnancesurvey.co.uk/ontology/admingeo/UnitaryAuthority,Scotland,http://data.ordnancesurvey.co.uk/id/7000000000041429,Scotland,http://data.ordnancesurvey.co.uk/id/country/scotland,,,
osgb4000000074754564,http://data.ordnancesurvey.co.uk/id/4000000074754564,Ducker Rock,,,,landform,Other Coastal Landform,245019,534073,1000,50000,244769,533823,245269,534323,DG8,http://data.ordnancesurvey.co.uk/id/postcodedistrict/DG8,,,,,,,Dumfries and Galloway,http://data.ordnancesurvey.co.uk/id/7000000000031903,http://data.ordnancesurvey.co.uk/ontology/admingeo/UnitaryAuthority,Scotland,http://data.ordnancesurvey.co.uk/id/7000000000041429,Scotland,http://data.ordnancesurvey.co.uk/id/country/scotland,,,
osgb4000000074756922,http://data.ordnancesurvey.co.uk/id/4000000074756922,Lobbocks,,,,landform,Cliff Or Slope,243336,535264,1000,40000,243086,534990,243586,535490,DG8,http://data.ordnancesurvey.co.uk/id/postcodedistrict/DG8,,,,,,,Dumfries and Galloway,http://data.ordnancesurvey.co.uk/id/7000000000031903,http://data.ordnancesurvey.co.uk/ontology/admingeo/UnitaryAuthority,Scotland,http://data.ordnancesurvey.co.uk/id/7000000000041429,Scotland,http://data.ordnancesurvey.co.uk/id/country/scotland,,,
osgb4000000074757245,http://data.ordnancesurvey.co.uk/id/4000000074757245,Bob Muir,,,,landform,Other Coastal Landform,247820,539061,1000,50000,247585,538811,248085,539311,DG8,http://data.ordnancesurvey.co.uk/id/postcodedistrict/DG8,,,,,,,Dumfries and Galloway,http://data.ordnancesurvey.co.uk/id/7000000000031903,http://data.ordnancesurvey.co.uk/ontology/admingeo/UnitaryAuthority,Scotland,http://data.ordnancesurvey.co.uk/id/7000000000041429,Scotland,http://data.ordnancesurvey.co.uk/id/country/scotland,,,
osgb4000000074756582,http://data.ordnancesurvey.co.uk/id/4000000074756582,Clachanlaukes,,,,landform,Other Coastal Landform,247294,535141,1000,20000,247020,534892,247520,535392,DG8,http://data.ordnancesurvey.co.uk/id/postcodedistrict/DG8,,,,,,,Dumfries and Galloway,http://data.ordnancesurvey.co.uk/id/7000000000031903,http://data.ordnancesurvey.co.uk/ontology/admingeo/UnitaryAuthority,Scotland,http://data.ordnancesurvey.co.uk/id/7000000000041429,Scotland,http://data.ordnancesurvey.co.uk/id/country/scotland,,,
osgb4000000074757244,http://data.ordnancesurvey.co.uk/id/4000000074757244,Portyerrock Cheek,,,,landform,Other Coastal Landform,247905,538963,1000,50000,247657,538713,248157,539213,DG8,http://data.ordnancesurvey.co.uk/id/postcodedistrict/DG8,,,,,,,Dumfries and Galloway,http://data.ordnancesurvey.co.uk/id/7000000000031903,http://data.ordnancesurvey.co.uk/ontology/admingeo/UnitaryAuthority,Scotland,http://data.ordnancesurvey.co.uk/id/7000000000041429,Scotland,http://data.ordnancesurvey.co.uk/id/country/scotland,,,
osgb4000000074675535,http://data.ordnancesurvey.co.uk/id/4000000074675535,New Lodge Plantation,,,,landcover,Woodland Or Forest,241573,539046,4000,400000,241244,538748,241901,539248,DG8,http://data.ordnancesurvey.co.uk/id/postcodedistrict/DG8,,,,,,,Dumfries and Galloway,http://data.ordnancesurvey.co.uk/id/7000000000031903,http://data.ordnancesurvey.co.uk/ontology/admingeo/UnitaryAuthority,Scotland,http://data.ordnancesurvey.co.uk/id/7000000000041429,Scotland,http://data.ordnancesurvey.co.uk/id/country/scotland,,,
osgb4000000074769907,http://data.ordnancesurvey.co.uk/id/4000000074769907,Marjorie Hill,,,,landform,Hill Or Mountain,243171,538042,1000,300000,242921,537792,243421,538292,DG8,http://data.ordnancesurvey.co.uk/id/postcodedistrict/DG8,,,,,,,Dumfries and Galloway,http://data.ordnancesurvey.co.uk/id/7000000000031903,http://data.ordnancesurvey.co.uk/ontology/admingeo/UnitaryAuthority,Scotland,http://data.ordnancesurvey.co.uk/id/7000000000041429,Scotland,http://data.ordnancesurvey.co.uk/id/country/scotland,,,
osgb4000000074586780,http://data.ordnancesurvey.co.uk/id/4000000074586780,Blockan Hole,,,,landform,Other Coastal Landform,244083,534624,1000,20000,243833,534375,244333,534875,DG8,http://data.ordnancesurvey.co.uk/id/postcodedistrict/DG8,,,,,,,Dumfries and Galloway,http://data.ordnancesurvey.co.uk/id/7000000000031903,http://data.ordnancesurvey.co.uk/ontology/admingeo/UnitaryAuthority,Scotland,http://data.ordnancesurvey.co.uk/id/7000000000041429,Scotland,http://data.ordnancesurvey.co.uk/id/country/scotland,,,
osgb4000000074787862,http://data.ordnancesurvey.co.uk/id/4000000074787862,Howe Hole of Shaddock,,,,hydrography,Bay,247790,539624,2000,150000,247540,539384,248040,539884,DG8,http://data.ordnancesurvey.co.uk/id/postcodedistrict/DG8,,,,,,,Dumfries and Galloway,http://data.ordnancesurvey.co.uk/id/7000000000031903,http://data.ordnancesurvey.co.uk/ontology/admingeo/UnitaryAuthority,Scotland,http://data.ordnancesurvey.co.uk/id/7000000000041429,Scotland,http://data.ordnancesurvey.co.uk/id/country/scotland,,,
osgb4000000074675537,http://data.ordnancesurvey.co.uk/id/4000000074675537,Broad Plantation,,,,landcover,Woodland Or Forest,243065,539379,4000,400000,242815,539218,243315,539764,DG8,http://data.ordnancesurvey.co.uk/id/postcodedistrict/DG8,,,,,,,Dumfries and Galloway,http://data.ordnancesurvey.co.uk/id/7000000000031903,http://data.ordnancesurvey.co.uk/ontology/admingeo/UnitaryAuthority,Scotland,http://data.ordnancesurvey.co.uk/id/7000000000041429,Scotland,http://data.ordnancesurvey.co.uk/id/country/scotland,,,
osgb4000000074754567,http://data.ordnancesurvey.co.uk/id/4000000074754567,Boat Rock,,,,landform,Island,248227,536636,1000,800000,247977,536387,248477,536887,DG8,http://data.ordnancesurvey.co.uk/id/postcodedistrict/DG8,,,,,,,Dumfries and Galloway,http://data.ordnancesurvey.co.uk/id/7000000000031903,http://data.ordnancesurvey.co.uk/ontology/admingeo/UnitaryAuthority,Scotland,http://data.ordnancesurvey.co.uk/id/7000000000041429,Scotland,http://data.ordnancesurvey.co.uk/id/country/scotland,,,
osgb4000000074754566,http://data.ordnancesurvey.co.uk/id/4000000074754566,Mare Rock,,,,landform,Island,247657,535373,1000,800000,247385,535123,247885,535623,DG8,http://data.ordnancesurvey.co.uk/id/postcodedistrict/DG8,,,,,,,Dumfries and Galloway,http://data.ordnancesurvey.co.uk/id/7000000000031903,http://data.ordnancesurvey.co.uk/ontology/admingeo/UnitaryAuthority,Scotland,http://data.ordnancesurvey.co.uk/id/7000000000041429,Scotland,http://data.ordnancesurvey.co.uk/id/country/scotland,,,
osgb4000000074674747,http://data.ordnancesurvey.co.uk/id/4000000074674747,Gilhow Plantation,,,,landcover,Woodland Or Forest,243097,536326,3000,400000,242839,536076,243339,536576,DG8,http://data.ordnancesurvey.co.uk/id/postcodedistrict/DG8,,,,,,,Dumfries and Galloway,http://data.ordnancesurvey.co.uk/id/7000000000031903,http://data.ordnancesurvey.co.uk/ontology/admingeo/UnitaryAuthority,Scotland,http://data.ordnancesurvey.co.uk/id/7000000000041429,Scotland,http://data.ordnancesurvey.co.uk/id/country/scotland,,,
osgb4000000074652470,http://data.ordnancesurvey.co.uk/id/4000000074652470,Cairnhead Plantation,,,,landcover,Woodland Or Forest,248392,538179,2000,400000,248142,537877,248642,538377,DG8,http://data.ordnancesurvey.co.uk/id/postcodedistrict/DG8,,,,,,,Dumfries and Galloway,http://data.ordnancesurvey.co.uk/id/7000000000031903,http://data.ordnancesurvey.co.uk/ontology/admingeo/UnitaryAuthority,Scotland,http://data.ordnancesurvey.co.uk/id/7000000000041429,Scotland,http://data.ordnancesurvey.co.uk/id/country/scotland,,,
osgb4000000074724752,http://data.ordnancesurvey.co.uk/id/4000000074724752,Physgill Glen,,,,landform,Valley,243039,536284,4000,800000,242772,536034,243333,536534,DG8,http://data.ordnancesurvey.co.uk/id/postcodedistrict/DG8,,,,,,,Dumfries and Galloway,http://data.ordnancesurvey.co.uk/id/7000000000031903,http://data.ordnancesurvey.co.uk/ontology/admingeo/UnitaryAuthority,Scotland,http://data.ordnancesurvey.co.uk/id/7000000000041429,Scotland,http://data.ordnancesurvey.co.uk/id/country/scotland,,,
osgb4000000074756519,http://data.ordnancesurvey.co.uk/id/4000000074756519,Burrow Head,,,,landform,Coastal Headland,245806,534063,2000,750000,245551,533813,246051,534313,DG8,http://data.ordnancesurvey.co.uk/id/postcodedistrict/DG8,,,,,,,Dumfries and Galloway,http://data.ordnancesurvey.co.uk/id/7000000000031903,http://data.ordnancesurvey.co.uk/ontology/admingeo/UnitaryAuthority,Scotland,http://data.ordnancesurvey.co.uk/id/7000000000041429,Scotland,http://data.ordnancesurvey.co.uk/id/country/scotland,,,
osgb4000000074754631,http://data.ordnancesurvey.co.uk/id/4000000074754631,Rock of Providence,,,,landform,Other Coastal Landform,244307,534477,1000,50000,244057,534227,244557,534727,DG8,http://data.ordnancesurvey.co.uk/id/postcodedistrict/DG8,,,,,,,Dumfries and Galloway,http://data.ordnancesurvey.co.uk/id/7000000000031903,http://data.ordnancesurvey.co.uk/ontology/admingeo/UnitaryAuthority,Scotland,http://data.ordnancesurvey.co.uk/id/7000000000041429,Scotland,http://data.ordnancesurvey.co.uk/id/country/scotland,,,
osgb4000000074675137,http://data.ordnancesurvey.co.uk/id/4000000074675137,Bank Plantation,,,,landcover,Woodland Or Forest,241965,537379,6000,400000,241498,537021,242431,537936,DG8,http://data.ordnancesurvey.co.uk/id/postcodedistrict/DG8,,,,,,,Dumfries and Galloway,http://data.ordnancesurvey.co.uk/id/7000000000031903,http://data.ordnancesurvey.co.uk/ontology/admingeo/UnitaryAuthority,Scotland,http://data.ordnancesurvey.co.uk/id/7000000000041429,Scotland,http://data.ordnancesurvey.co.uk/id/country/scotland,,,
osgb4000000074788265,http://data.ordnancesurvey.co.uk/id/4000000074788265,Isle of Whithorn Bay,,,,hydrography,Bay,248031,535941,5000,150000,247546,535709,248046,536522,DG8,http://data.ordnancesurvey.co.uk/id/postcodedistrict/DG8,,,,,,,Dumfries and Galloway,http://data.ordnancesurvey.co.uk/id/7000000000031903,http://data.ordnancesurvey.co.uk/ontology/admingeo/UnitaryAuthority,Scotland,http://data.ordnancesurvey.co.uk/id/7000000000041429,Scotland,http://data.ordnancesurvey.co.uk/id/country/scotland,,,
osgb4000000074675139,http://data.ordnancesurvey.co.uk/id/4000000074675139,North Challochblewn Plantation,,,,landcover,Woodland Or Forest,241776,538367,2000,400000,241526,538118,242026,538618,DG8,http://data.ordnancesurvey.co.uk/id/postcodedistrict/DG8,,,,,,,Dumfries and Galloway,http://data.ordnancesurvey.co.uk/id/7000000000031903,http://data.ordnancesurvey.co.uk/ontology/admingeo/UnitaryAuthority,Scotland,http://data.ordnancesurvey.co.uk/id/7000000000041429,Scotland,http://data.ordnancesurvey.co.uk/id/country/scotland,,,
osgb4000000074811641,http://data.ordnancesurvey.co.uk/id/4000000074811641,Shrubbery Park,,,,landcover,Other Landcover,242064,537701,3000,800000,241822,537452,242351,537952,DG8,http://data.ordnancesurvey.co.uk/id/postcodedistrict/DG8,,,,,,,Dumfries and Galloway,http://data.ordnancesurvey.co.uk/id/7000000000031903,http://data.ordnancesurvey.co.uk/ontology/admingeo/UnitaryAuthority,Scotland,http://data.ordnancesurvey.co.uk/id/7000000000041429,Scotland,http://data.ordnancesurvey.co.uk/id/country/scotland,,,
osgb4000000074675536,http://data.ordnancesurvey.co.uk/id/4000000074675536,New England Plantation,,,,landcover,Woodland Or Forest,243652,539644,3000,400000,243402,539177,243902,539680,DG8,http://data.ordnancesurvey.co.uk/id/postcodedistrict/DG8,,,,,,,Dumfries and Galloway,http://data.ordnancesurvey.co.uk/id/7000000000031903,http://data.ordnancesurvey.co.uk/ontology/admingeo/UnitaryAuthority,Scotland,http://data.ordnancesurvey.co.uk/id/7000000000041429,Scotland,http://data.ordnancesurvey.co.uk/id/country/scotland,,,
osgb4000000074740205,http://data.ordnancesurvey.co.uk/id/4000000074740205,Kevan Braes,,,,landcover,Other Landcover,244647,539802,2000,800000,244397,539558,244897,540058,DG8,http://data.ordnancesurvey.co.uk/id/postcodedistrict/DG8,,,,,,,Dumfries and Galloway,http://data.ordnancesurvey.co.uk/id/7000000000031903,http://data.ordnancesurvey.co.uk/ontology/admingeo/UnitaryAuthority,Scotland,http://data.ordnancesurvey.co.uk/id/7000000000041429,Scotland,http://data.ordnancesurvey.co.uk/id/country/scotland,,,
osgb4000000074756658,http://data.ordnancesurvey.co.uk/id/4000000074756658,Steinhead Point,,,,landform,Other Coastal Landform,248636,537235,1000,50000,248387,536999,248887,537499,DG8,http://data.ordnancesurvey.co.uk/id/postcodedistrict/DG8,,,,,,,Dumfries and Galloway,http://data.ordnancesurvey.co.uk/id/7000000000031903,http://data.ordnancesurvey.co.uk/ontology/admingeo/UnitaryAuthority,Scotland,http://data.ordnancesurvey.co.uk/id/7000000000041429,Scotland,http://data.ordnancesurvey.co.uk/id/country/scotland,,,
osgb4000000074788376,http://data.ordnancesurvey.co.uk/id/4000000074788376,Port Henry,,,,hydrography,Bay,247937,538921,1000,150000,247688,538642,248188,539142,DG8,http://data.ordnancesurvey.co.uk/id/postcodedistrict/DG8,,,,,,,Dumfries and Galloway,http://data.ordnancesurvey.co.uk/id/7000000000031903,http://data.ordnancesurvey.co.uk/ontology/admingeo/UnitaryAuthority,Scotland,http://data.ordnancesurvey.co.uk/id/7000000000041429,Scotland,http://data.ordnancesurvey.co.uk/id/country/scotland,,,
osgb4000000074755989,http://data.ordnancesurvey.co.uk/id/4000000074755989,Shaddock Point,,,,landform,Other Coastal Landform,247920,539115,1000,50000,247670,538866,248170,539366,DG8,http://data.ordnancesurvey.co.uk/id/postcodedistrict/DG8,,,,,,,Dumfries and Galloway,http://data.ordnancesurvey.co.uk/id/7000000000031903,http://data.ordnancesurvey.co.uk/ontology/admingeo/UnitaryAuthority,Scotland,http://data.ordnancesurvey.co.uk/id/7000000000041429,Scotland,http://data.ordnancesurvey.co.uk/id/country/scotland,,,
osgb4000000074810442,http://data.ordnancesurvey.co.uk/id/4000000074810442,The Ket,,,,hydrography,Bay,247720,538999,1000,150000,247470,538740,247970,539240,DG8,http://data.ordnancesurvey.co.uk/id/postcodedistrict/DG8,,,,,,,Dumfries and Galloway,http://data.ordnancesurvey.co.uk/id/7000000000031903,http://data.ordnancesurvey.co.uk/ontology/admingeo/UnitaryAuthority,Scotland,http://data.ordnancesurvey.co.uk/id/7000000000041429,Scotland,http://data.ordnancesurvey.co.uk/id/country/scotland,,,
osgb4000000074674750,http://data.ordnancesurvey.co.uk/id/4000000074674750,Long Plantation,,,,landcover,Woodland Or Forest,243024,537122,2000,400000,242775,536856,243275,537356,DG8,http://data.ordnancesurvey.co.uk/id/postcodedistrict/DG8,,,,,,,Dumfries and Galloway,http://data.ordnancesurvey.co.uk/id/7000000000031903,http://data.ordnancesurvey.co.uk/ontology/admingeo/UnitaryAuthority,Scotland,http://data.ordnancesurvey.co.uk/id/7000000000041429,Scotland,http://data.ordnancesurvey.co.uk/id/country/scotland,,,
osgb4000000074674746,http://data.ordnancesurvey.co.uk/id/4000000074674746,Burn Park Plantation,,,,landcover,Woodland Or Forest,243055,536120,2000,400000,242805,535829,243305,536329,DG8,http://data.ordnancesurvey.co.uk/id/postcodedistrict/DG8,,,,,,,Dumfries and Galloway,http://data.ordnancesurvey.co.uk/id/7000000000031903,http://data.ordnancesurvey.co.uk/ontology/admingeo/UnitaryAuthority,Scotland,http://data.ordnancesurvey.co.uk/id/7000000000041429,Scotland,http://data.ordnancesurvey.co.uk/id/country/scotland,,,
osgb4000000074798139,http://data.ordnancesurvey.co.uk/id/4000000074798139,Portyerrock Bay,,,,hydrography,Bay,248168,538710,7000,150000,247665,538297,248670,539185,DG8,http://data.ordnancesurvey.co.uk/id/postcodedistrict/DG8,,,,,,,Dumfries and Galloway,http://data.ordnancesurvey.co.uk/id/7000000000031903,http://data.ordnancesurvey.co.uk/ontology/admingeo/UnitaryAuthority,Scotland,http://data.ordnancesurvey.co.uk/id/7000000000041429,Scotland,http://data.ordnancesurvey.co.uk/id/country/scotland,,,
osgb4000000074619405,http://data.ordnancesurvey.co.uk/id/4000000074619405,Hill of Glasserton,,,,landform,Hill Or Mountain,241240,536843,1000,300000,240990,536593,241490,537093,DG8,http://data.ordnancesurvey.co.uk/id/postcodedistrict/DG8,,,,,,,Dumfries and Galloway,http://data.ordnancesurvey.co.uk/id/7000000000031903,http://data.ordnancesurvey.co.uk/ontology/admingeo/UnitaryAuthority,Scotland,http://data.ordnancesurvey.co.uk/id/7000000000041429,Scotland,http://data.ordnancesurvey.co.uk/id/country/scotland,,,
osgb4000000074788342,http://data.ordnancesurvey.co.uk/id/4000000074788342,Foulflush,,,,hydrography,Bay,243872,534805,1000,150000,243624,534555,244124,535055,DG8,http://data.ordnancesurvey.co.uk/id/postcodedistrict/DG8,,,,,,,Dumfries and Galloway,http://data.ordnancesurvey.co.uk/id/7000000000031903,http://data.ordnancesurvey.co.uk/ontology/admingeo/UnitaryAuthority,Scotland,http://data.ordnancesurvey.co.uk/id/7000000000041429,Scotland,http://data.ordnancesurvey.co.uk/id/country/scotland,,,
osgb4000000074754563,http://data.ordnancesurvey.co.uk/id/4000000074754563,Sheriff Rock,,,,landform,Island,246518,534355,1000,800000,246264,534106,246764,534606,DG8,http://data.ordnancesurvey.co.uk/id/postcodedistrict/DG8,,,,,,,Dumfries and Galloway,http://data.ordnancesurvey.co.uk/id/7000000000031903,http://data.ordnancesurvey.co.uk/ontology/admingeo/UnitaryAuthority,Scotland,http://data.ordnancesurvey.co.uk/id/7000000000041429,Scotland,http://data.ordnancesurvey.co.uk/id/country/scotland,,,
osgb4000000074757246,http://data.ordnancesurvey.co.uk/id/4000000074757246,Craigrow,,,,landform,Other Coastal Landform,247974,539079,1000,50000,247721,538829,248221,539329,DG8,http://data.ordnancesurvey.co.uk/id/postcodedistrict/DG8,,,,,,,Dumfries and Galloway,http://data.ordnancesurvey.co.uk/id/7000000000031903,http://data.ordnancesurvey.co.uk/ontology/admingeo/UnitaryAuthority,Scotland,http://data.ordnancesurvey.co.uk/id/7000000000041429,Scotland,http://data.ordnancesurvey.co.uk/id/country/scotland,,,
osgb4000000074769911,http://data.ordnancesurvey.co.uk/id/4000000074769911,Leakin Hill,,,,landform,Hill Or Mountain,246190,536350,1000,300000,245940,536100,246440,536600,DG8,http://data.ordnancesurvey.co.uk/id/postcodedistrict/DG8,,,,,,,Dumfries and Galloway,http://data.ordnancesurvey.co.uk/id/7000000000031903,http://data.ordnancesurvey.co.uk/ontology/admingeo/UnitaryAuthority,Scotland,http://data.ordnancesurvey.co.uk/id/7000000000041429,Scotland,http://data.ordnancesurvey.co.uk/id/country/scotland,,,
osgb4000000074756736,http://data.ordnancesurvey.co.uk/id/4000000074756736,The Clept,,,,landform,Island,248334,536719,1000,800000,248084,536474,248584,536974,DG8,http://data.ordnancesurvey.co.uk/id/postcodedistrict/DG8,,,,,,,Dumfries and Galloway,http://data.ordnancesurvey.co.uk/id/7000000000031903,http://data.ordnancesurvey.co.uk/ontology/admingeo/UnitaryAuthority,Scotland,http://data.ordnancesurvey.co.uk/id/7000000000041429,Scotland,http://data.ordnancesurvey.co.uk/id/country/scotland,,,
osgb4000000074769752,http://data.ordnancesurvey.co.uk/id/4000000074769752,Rouchan Hill,,,,landform,Hill Or Mountain,241748,539342,1000,300000,241498,539092,241998,539592,DG8,http://data.ordnancesurvey.co.uk/id/postcodedistrict/DG8,,,,,,,Dumfries and Galloway,http://data.ordnancesurvey.co.uk/id/7000000000031903,http://data.ordnancesurvey.co.uk/ontology/admingeo/UnitaryAuthority,Scotland,http://data.ordnancesurvey.co.uk/id/7000000000041429,Scotland,http://data.ordnancesurvey.co.uk/id/country/scotland,,,
osgb4000000074609858,http://data.ordnancesurvey.co.uk/id/4000000074609858,Isle of Whithorn,,,,landform,Island,247964,536194,3000,800000,247714,535893,248214,536417,DG8,http://data.ordnancesurvey.co.uk/id/postcodedistrict/DG8,,,,,,,Dumfries and Galloway,http://data.ordnancesurvey.co.uk/id/7000000000031903,http://data.ordnancesurvey.co.uk/ontology/admingeo/UnitaryAuthority,Scotland,http://data.ordnancesurvey.co.uk/id/7000000000041429,Scotland,http://data.ordnancesurvey.co.uk/id/country/scotland,,,
osgb4000000074754675,http://data.ordnancesurvey.co.uk/id/4000000074754675,Doctor's Rock,,,,landform,Other Coastal Landform,248705,538176,1000,50000,248458,537927,248958,538427,DG8,http://data.ordnancesurvey.co.uk/id/postcodedistrict/DG8,,,,,,,Dumfries and Galloway,http://data.ordnancesurvey.co.uk/id/7000000000031903,http://data.ordnancesurvey.co.uk/ontology/admingeo/UnitaryAuthority,Scotland,http://data.ordnancesurvey.co.uk/id/7000000000041429,Scotland,http://data.ordnancesurvey.co.uk/id/country/scotland,,,
osgb4000000074769508,http://data.ordnancesurvey.co.uk/id/4000000074769508,Court Hill,,,,landform,Hill Or Mountain,245439,539779,1000,300000,245189,539529,245689,540029,DG8,http://data.ordnancesurvey.co.uk/id/postcodedistrict/DG8,,,,,,,Dumfries and Galloway,http://data.ordnancesurvey.co.uk/id/7000000000031903,http://data.ordnancesurvey.co.uk/ontology/admingeo/UnitaryAuthority,Scotland,http://data.ordnancesurvey.co.uk/id/7000000000041429,Scotland,http://data.ordnancesurvey.co.uk/id/country/scotland,,,
osgb4000000074756657,http://data.ordnancesurvey.co.uk/id/4000000074756657,Stein Head,,,,landform,Coastal Headland,248508,537082,2000,750000,248259,536808,248759,537308,DG8,http://data.ordnancesurvey.co.uk/id/postcodedistrict/DG8,,,,,,,Dumfries and Galloway,http://data.ordnancesurvey.co.uk/id/7000000000031903,http://data.ordnancesurvey.co.uk/ontology/admingeo/UnitaryAuthority,Scotland,http://data.ordnancesurvey.co.uk/id/7000000000041429,Scotland,http://data.ordnancesurvey.co.uk/id/country/scotland,,,
osgb4000000074674749,http://data.ordnancesurvey.co.uk/id/4000000074674749,Bog Plantation,,,,landcover,Woodland Or Forest,243521,537267,3000,400000,243271,536899,243771,537436,DG8,http://data.ordnancesurvey.co.uk/id/postcodedistrict/DG8,,,,,,,Dumfries and Galloway,http://data.ordnancesurvey.co.uk/id/7000000000031903,http://data.ordnancesurvey.co.uk/ontology/admingeo/UnitaryAuthority,Scotland,http://data.ordnancesurvey.co.uk/id/7000000000041429,Scotland,http://data.ordnancesurvey.co.uk/id/country/scotland,,,
osgb4000000074756653,http://data.ordnancesurvey.co.uk/id/4000000074756653,Ramsey,,,,landform,Other Coastal Landform,248008,535896,1000,50000,247759,535650,248259,536150,DG8,http://data.ordnancesurvey.co.uk/id/postcodedistrict/DG8,,,,,,,Dumfries and Galloway,http://data.ordnancesurvey.co.uk/id/7000000000031903,http://data.ordnancesurvey.co.uk/ontology/admingeo/UnitaryAuthority,Scotland,http://data.ordnancesurvey.co.uk/id/7000000000041429,Scotland,http://data.ordnancesurvey.co.uk/id/country/scotland,,,
osgb4000000074757121,http://data.ordnancesurvey.co.uk/id/4000000074757121,Old Hugh,,,,landform,Other Coastal Landform,248214,538466,1000,50000,247943,538216,248443,538716,DG8,http://data.ordnancesurvey.co.uk/id/postcodedistrict/DG8,,,,,,,Dumfries and Galloway,http://data.ordnancesurvey.co.uk/id/7000000000031903,http://data.ordnancesurvey.co.uk/ontology/admingeo/UnitaryAuthority,Scotland,http://data.ordnancesurvey.co.uk/id/7000000000041429,Scotland,http://data.ordnancesurvey.co.uk/id/country/scotland,,,
osgb4000000074658681,http://data.ordnancesurvey.co.uk/id/4000000074658681,Smirle Wood,,,,landcover,Woodland Or Forest,243363,535732,4000,400000,243249,535482,243900,535982,DG8,http://data.ordnancesurvey.co.uk/id/postcodedistrict/DG8,,,,,,,Dumfries and Galloway,http://data.ordnancesurvey.co.uk/id/7000000000031903,http://data.ordnancesurvey.co.uk/ontology/admingeo/UnitaryAuthority,Scotland,http://data.ordnancesurvey.co.uk/id/7000000000041429,Scotland,http://data.ordnancesurvey.co.uk/id/country/scotland,,,
osgb4000000074807961,http://data.ordnancesurvey.co.uk/id/4000000074807961,Boyach Loch,,,,hydrography,Inland Water,246726,536004,1000,500000,246471,535754,246971,536254,DG8,http://data.ordnancesurvey.co.uk/id/postcodedistrict/DG8,,,,,,,Dumfries and Galloway,http://data.ordnancesurvey.co.uk/id/7000000000031903,http://data.ordnancesurvey.co.uk/ontology/admingeo/UnitaryAuthority,Scotland,http://data.ordnancesurvey.co.uk/id/7000000000041429,Scotland,http://data.ordnancesurvey.co.uk/id/country/scotland,,,
osgb4000000074756585,http://data.ordnancesurvey.co.uk/id/4000000074756585,Nelson,,,,landform,Other Coastal Landform,247814,535582,1000,50000,247564,535332,248064,535832,DG8,http://data.ordnancesurvey.co.uk/id/postcodedistrict/DG8,,,,,,,Dumfries and Galloway,http://data.ordnancesurvey.co.uk/id/7000000000031903,http://data.ordnancesurvey.co.uk/ontology/admingeo/UnitaryAuthority,Scotland,http://data.ordnancesurvey.co.uk/id/7000000000041429,Scotland,http://data.ordnancesurvey.co.uk/id/country/scotland,,,
osgb4000000074807967,http://data.ordnancesurvey.co.uk/id/4000000074807967,Rouchan Pond,,,,hydrography,Inland Water,241184,538287,1000,500000,240934,538040,241434,538540,DG8,http://data.ordnancesurvey.co.uk/id/postcodedistrict/DG8,,,,,,,Dumfries and Galloway,http://data.ordnancesurvey.co.uk/id/7000000000031903,http://data.ordnancesurvey.co.uk/ontology/admingeo/UnitaryAuthority,Scotland,http://data.ordnancesurvey.co.uk/id/7000000000041429,Scotland,http://data.ordnancesurvey.co.uk/id/country/scotland,,,
osgb4000000074770059,http://data.ordnancesurvey.co.uk/id/4000000074770059,Gallows Hill,,,,landform,Hill Or Mountain,246590,535650,1000,300000,246340,535400,246840,535900,DG8,http://data.ordnancesurvey.co.uk/id/postcodedistrict/DG8,,,,,,,Dumfries and Galloway,http://data.ordnancesurvey.co.uk/id/7000000000031903,http://data.ordnancesurvey.co.uk/ontology/admingeo/UnitaryAuthority,Scotland,http://data.ordnancesurvey.co.uk/id/7000000000041429,Scotland,http://data.ordnancesurvey.co.uk/id/country/scotland,,,
osgb4000000074756921,http://data.ordnancesurvey.co.uk/id/4000000074756921,Carghidown,,,,landform,Other Coastal Landform,243498,535056,2000,50000,243248,534807,243748,535307,DG8,http://data.ordnancesurvey.co.uk/id/postcodedistrict/DG8,,,,,,,Dumfries and Galloway,http://data.ordnancesurvey.co.uk/id/7000000000031903,http://data.ordnancesurvey.co.uk/ontology/admingeo/UnitaryAuthority,Scotland,http://data.ordnancesurvey.co.uk/id/7000000000041429,Scotland,http://data.ordnancesurvey.co.uk/id/country/scotland,,,
osgb4000000074756655,http://data.ordnancesurvey.co.uk/id/4000000074756655,Knockanharrie,,,,landform,Other Coastal Landform,247716,535968,1000,50000,247466,535712,247966,536212,DG8,http://data.ordnancesurvey.co.uk/id/postcodedistrict/DG8,,,,,,,Dumfries and Galloway,http://data.ordnancesurvey.co.uk/id/7000000000031903,http://data.ordnancesurvey.co.uk/ontology/admingeo/UnitaryAuthority,Scotland,http://data.ordnancesurvey.co.uk/id/7000000000041429,Scotland,http://data.ordnancesurvey.co.uk/id/country/scotland,,,
osgb4000000074788313,http://data.ordnancesurvey.co.uk/id/4000000074788313,Watering Port,,,,hydrography,Bay,247624,536167,1000,150000,247374,535921,247874,536421,DG8,http://data.ordnancesurvey.co.uk/id/postcodedistrict/DG8,,,,,,,Dumfries and Galloway,http://data.ordnancesurvey.co.uk/id/7000000000031903,http://data.ordnancesurvey.co.uk/ontology/admingeo/UnitaryAuthority,Scotland,http://data.ordnancesurvey.co.uk/id/7000000000041429,Scotland,http://data.ordnancesurvey.co.uk/id/country/scotland,,,
osgb4000000074756583,http://data.ordnancesurvey.co.uk/id/4000000074756583,Screen,,,,landform,Other Coastal Landform,247769,535599,1000,50000,247519,535348,248019,535848,DG8,http://data.ordnancesurvey.co.uk/id/postcodedistrict/DG8,,,,,,,Dumfries and Galloway,http://data.ordnancesurvey.co.uk/id/7000000000031903,http://data.ordnancesurvey.co.uk/ontology/admingeo/UnitaryAuthority,Scotland,http://data.ordnancesurvey.co.uk/id/7000000000041429,Scotland,http://data.ordnancesurvey.co.uk/id/country/scotland,,,
osgb4000000074757122,http://data.ordnancesurvey.co.uk/id/4000000074757122,Carrickaboys,,,,landform,Other Coastal Landform,248775,537708,1000,50000,248525,537386,249025,537886,DG8,http://data.ordnancesurvey.co.uk/id/postcodedistrict/DG8,,,,,,,Dumfries and Galloway,http://data.ordnancesurvey.co.uk/id/7000000000031903,http://data.ordnancesurvey.co.uk/ontology/admingeo/UnitaryAuthority,Scotland,http://data.ordnancesurvey.co.uk/id/7000000000041429,Scotland,http://data.ordnancesurvey.co.uk/id/country/scotland,,,
osgb4000000074756581,http://data.ordnancesurvey.co.uk/id/4000000074756581,Dykefoot,,,,landform,Other Coastal Landform,244152,534578,1000,50000,243908,534328,244408,534828,DG8,http://data.ordnancesurvey.co.uk/id/postcodedistrict/DG8,,,,,,,Dumfries and Galloway,http://data.ordnancesurvey.co.uk/id/7000000000031903,http://data.ordnancesurvey.co.uk/ontology/admingeo/UnitaryAuthority,Scotland,http://data.ordnancesurvey.co.uk/id/7000000000041429,Scotland,http://data.ordnancesurvey.co.uk/id/country/scotland,,,
osgb4000000074756920,http://data.ordnancesurvey.co.uk/id/4000000074756920,Devil's Arch,,,,landform,Other Coastal Landform,243650,534937,1000,20000,243400,534687,243900,535187,DG8,http://data.ordnancesurvey.co.uk/id/postcodedistrict/DG8,,,,,,,Dumfries and Galloway,http://data.ordnancesurvey.co.uk/id/7000000000031903,http://data.ordnancesurvey.co.uk/ontology/admingeo/UnitaryAuthority,Scotland,http://data.ordnancesurvey.co.uk/id/7000000000041429,Scotland,http://data.ordnancesurvey.co.uk/id/country/scotland,,,
osgb4000000074589234,http://data.ordnancesurvey.co.uk/id/4000000074589234,Isles of Burrow,,,,landform,Island,246185,534126,1000,800000,245936,533880,246436,534380,DG8,http://data.ordnancesurvey.co.uk/id/postcodedistrict/DG8,,,,,,,Dumfries and Galloway,http://data.ordnancesurvey.co.uk/id/7000000000031903,http://data.ordnancesurvey.co.uk/ontology/admingeo/UnitaryAuthority,Scotland,http://data.ordnancesurvey.co.uk/id/7000000000041429,Scotland,http://data.ordnancesurvey.co.uk/id/country/scotland,,,
osgb4000000074754676,http://data.ordnancesurvey.co.uk/id/4000000074754676,Yellow Top,,,,landform,Other Coastal Landform,247878,538856,1000,50000,247640,538607,248140,539107,DG8,http://data.ordnancesurvey.co.uk/id/postcodedistrict/DG8,,,,,,,Dumfries and Galloway,http://data.ordnancesurvey.co.uk/id/7000000000031903,http://data.ordnancesurvey.co.uk/ontology/admingeo/UnitaryAuthority,Scotland,http://data.ordnancesurvey.co.uk/id/7000000000041429,Scotland,http://data.ordnancesurvey.co.uk/id/country/scotland,,,
osgb4000000074807962,http://data.ordnancesurvey.co.uk/id/4000000074807962,Ersock Loch,,,,hydrography,Inland Water,243708,536959,2000,500000,243458,536707,243958,537207,DG8,http://data.ordnancesurvey.co.uk/id/postcodedistrict/DG8,,,,,,,Dumfries and Galloway,http://data.ordnancesurvey.co.uk/id/7000000000031903,http://data.ordnancesurvey.co.uk/ontology/admingeo/UnitaryAuthority,Scotland,http://data.ordnancesurvey.co.uk/id/7000000000041429,Scotland,http://data.ordnancesurvey.co.uk/id/country/scotland,,,
osgb4000000074756584,http://data.ordnancesurvey.co.uk/id/4000000074756584,Slockanglass,,,,landform,Other Coastal Landform,244608,534297,1000,50000,244358,534049,244858,534549,DG8,http://data.ordnancesurvey.co.uk/id/postcodedistrict/DG8,,,,,,,Dumfries and Galloway,http://data.ordnancesurvey.co.uk/id/7000000000031903,http://data.ordnancesurvey.co.uk/ontology/admingeo/UnitaryAuthority,Scotland,http://data.ordnancesurvey.co.uk/id/7000000000041429,Scotland,http://data.ordnancesurvey.co.uk/id/country/scotland,,,
osgb4000000074652475,http://data.ordnancesurvey.co.uk/id/4000000074652475,Broad Lane Wood,,,,landcover,Woodland Or Forest,241210,537208,5000,400000,240853,536963,241566,537708,DG8,http://data.ordnancesurvey.co.uk/id/postcodedistrict/DG8,,,,,,,Dumfries and Galloway,http://data.ordnancesurvey.co.uk/id/7000000000031903,http://data.ordnancesurvey.co.uk/ontology/admingeo/UnitaryAuthority,Scotland,http://data.ordnancesurvey.co.uk/id/7000000000041429,Scotland,http://data.ordnancesurvey.co.uk/id/country/scotland,,,
osgb4000000074769908,http://data.ordnancesurvey.co.uk/id/4000000074769908,Ersock Hill,,,,landform,Hill Or Mountain,243682,537751,1000,300000,243432,537501,243932,538001,DG8,http://data.ordnancesurvey.co.uk/id/postcodedistrict/DG8,,,,,,,Dumfries and Galloway,http://data.ordnancesurvey.co.uk/id/7000000000031903,http://data.ordnancesurvey.co.uk/ontology/admingeo/UnitaryAuthority,Scotland,http://data.ordnancesurvey.co.uk/id/7000000000041429,Scotland,http://data.ordnancesurvey.co.uk/id/country/scotland,,,
osgb4000000074756829,http://data.ordnancesurvey.co.uk/id/4000000074756829,Carghision,,,,landform,Other Coastal Landform,243917,534716,1000,20000,243671,534467,244171,534967,DG8,http://data.ordnancesurvey.co.uk/id/postcodedistrict/DG8,,,,,,,Dumfries and Galloway,http://data.ordnancesurvey.co.uk/id/7000000000031903,http://data.ordnancesurvey.co.uk/ontology/admingeo/UnitaryAuthority,Scotland,http://data.ordnancesurvey.co.uk/id/7000000000041429,Scotland,http://data.ordnancesurvey.co.uk/id/country/scotland,,,
osgb4000000074674748,http://data.ordnancesurvey.co.uk/id/4000000074674748,Glen Plantation,,,,landcover,Woodland Or Forest,242732,536043,2000,400000,242482,535844,242982,536344,DG8,http://data.ordnancesurvey.co.uk/id/postcodedistrict/DG8,,,,,,,Dumfries and Galloway,http://data.ordnancesurvey.co.uk/id/7000000000031903,http://data.ordnancesurvey.co.uk/ontology/admingeo/UnitaryAuthority,Scotland,http://data.ordnancesurvey.co.uk/id/7000000000041429,Scotland,http://data.ordnancesurvey.co.uk/id/country/scotland,,,
osgb4000000074652883,http://data.ordnancesurvey.co.uk/id/4000000074652883,Row Plantation,,,,landcover,Woodland Or Forest,241431,538403,1000,400000,241172,538154,241672,538654,DG8,http://data.ordnancesurvey.co.uk/id/postcodedistrict/DG8,,,,,,,Dumfries and Galloway,http://data.ordnancesurvey.co.uk/id/7000000000031903,http://data.ordnancesurvey.co.uk/ontology/admingeo/UnitaryAuthority,Scotland,http://data.ordnancesurvey.co.uk/id/7000000000041429,Scotland,http://data.ordnancesurvey.co.uk/id/country/scotland,,,
osgb4000000074807964,http://data.ordnancesurvey.co.uk/id/4000000074807964,Mains Loch,,,,hydrography,Inland Water,245209,538880,1000,500000,244962,538630,245462,539130,DG8,http://data.ordnancesurvey.co.uk/id/postcodedistrict/DG8,,,,,,,Dumfries and Galloway,http://data.ordnancesurvey.co.uk/id/7000000000031903,http://data.ordnancesurvey.co.uk/ontology/admingeo/UnitaryAuthority,Scotland,http://data.ordnancesurvey.co.uk/id/7000000000041429,Scotland,http://data.ordnancesurvey.co.uk/id/country/scotland,,,
osgb4000000074652884,http://data.ordnancesurvey.co.uk/id/4000000074652884,Horse Park Plantation,,,,landcover,Woodland Or Forest,241228,538597,2000,400000,240979,538412,241479,538912,DG8,http://data.ordnancesurvey.co.uk/id/postcodedistrict/DG8,,,,,,,Dumfries and Galloway,http://data.ordnancesurvey.co.uk/id/7000000000031903,http://data.ordnancesurvey.co.uk/ontology/admingeo/UnitaryAuthority,Scotland,http://data.ordnancesurvey.co.uk/id/7000000000041429,Scotland,http://data.ordnancesurvey.co.uk/id/country/scotland,,,
osgb4000000074674751,http://data.ordnancesurvey.co.uk/id/4000000074674751,Briar Plantation,,,,landcover,Woodland Or Forest,242674,537192,3000,400000,242424,536835,242924,537335,DG8,http://data.ordnancesurvey.co.uk/id/postcodedistrict/DG8,,,,,,,Dumfries and Galloway,http://data.ordnancesurvey.co.uk/id/7000000000031903,http://data.ordnancesurvey.co.uk/ontology/admingeo/UnitaryAuthority,Scotland,http://data.ordnancesurvey.co.uk/id/7000000000041429,Scotland,http://data.ordnancesurvey.co.uk/id/country/scotland,,,
osgb4000000074754568,http://data.ordnancesurvey.co.uk/id/4000000074754568,Black Rock,,,,landform,Island,247818,536379,1000,800000,247568,536129,248068,536629,DG8,http://data.ordnancesurvey.co.uk/id/postcodedistrict/DG8,,,,,,,Dumfries and Galloway,http://data.ordnancesurvey.co.uk/id/7000000000031903,http://data.ordnancesurvey.co.uk/ontology/admingeo/UnitaryAuthority,Scotland,http://data.ordnancesurvey.co.uk/id/7000000000041429,Scotland,http://data.ordnancesurvey.co.uk/id/country/scotland,,,
osgb4000000074757009,http://data.ordnancesurvey.co.uk/id/4000000074757009,Bloody Neuk,,,,landform,Other Coastal Landform,242119,536074,1000,20000,241869,535798,242369,536298,DG8,http://data.ordnancesurvey.co.uk/id/postcodedistrict/DG8,,,,,,,Dumfries and Galloway,http://data.ordnancesurvey.co.uk/id/7000000000031903,http://data.ordnancesurvey.co.uk/ontology/admingeo/UnitaryAuthority,Scotland,http://data.ordnancesurvey.co.uk/id/7000000000041429,Scotland,http://data.ordnancesurvey.co.uk/id/country/scotland,,,
osgb4000000074788344,http://data.ordnancesurvey.co.uk/id/4000000074788344,Lady Bay,,,,hydrography,Tidal Water,247917,538653,2000,150000,247667,538406,248167,538906,DG8,http://data.ordnancesurvey.co.uk/id/postcodedistrict/DG8,,,,,,,Dumfries and Galloway,http://data.ordnancesurvey.co.uk/id/7000000000031903,http://data.ordnancesurvey.co.uk/ontology/admingeo/UnitaryAuthority,Scotland,http://data.ordnancesurvey.co.uk/id/7000000000041429,Scotland,http://data.ordnancesurvey.co.uk/id/country/scotland,,,
osgb4000000074756656,http://data.ordnancesurvey.co.uk/id/4000000074756656,The Barns,,,,landform,Other Coastal Landform,248450,536771,1000,50000,248200,536543,248700,537043,DG8,http://data.ordnancesurvey.co.uk/id/postcodedistrict/DG8,,,,,,,Dumfries and Galloway,http://data.ordnancesurvey.co.uk/id/7000000000031903,http://data.ordnancesurvey.co.uk/ontology/admingeo/UnitaryAuthority,Scotland,http://data.ordnancesurvey.co.uk/id/7000000000041429,Scotland,http://data.ordnancesurvey.co.uk/id/country/scotland,,,
DG88JW,http://data.ordnancesurvey.co.uk/id/postcodeunit/DG88JW,DG8 8JW,,,,other,Postcode,247371,536501,3500,18000,,,,,,,Isle of Whithorn,http://data.ordnancesurvey.co.uk/id/4000000074564741,http://www.ordnancesurvey.co.uk/xml/codelists/localtype.xml#village,,,,Dumfries and Galloway,http://data.ordnancesurvey.co.uk/id/7000000000031903,http://data.ordnancesurvey.co.uk/ontology/admingeo/UnitaryAuthority,Scotland,http://data.ordnancesurvey.co.uk/id/7000000000041429,Scotland,http://data.ordnancesurvey.co.uk/id/country/scotland,,,
08a78858-4c6b-4880-8fe5-87d34dd0a457,http://data.ordnancesurvey.co.uk/id/08a78858-4c6b-4880-8fe5-87d34dd0a457,Isle Street,,,,transportNetwork,Section Of Named Road,244351,539761,1000,25000,244351,539656,244366,539867,DG8,http://data.ordnancesurvey.co.uk/id/postcodedistrict/DG8,Whithorn,http://data.ordnancesurvey.co.uk/id/4000000074564742,http://www.ordnancesurvey.co.uk/xml/codelists/localtype.xml#town,,,,Dumfries and Galloway,http://data.ordnancesurvey.co.uk/id/7000000000031903,http://data.ordnancesurvey.co.uk/ontology/admingeo/UnitaryAuthority,Scotland,http://data.ordnancesurvey.co.uk/id/7000000000041429,Scotland,http://data.ordnancesurvey.co.uk/id/country/scotland,osgb4000000006896502,,
