osgb4000000074563492,http://data.ordnancesurvey.co.uk/id/4000000074563492,Uwchmynydd,,,,populatedPlace,Village,215420,326279,11000,250000,214111,325353,215827,326788,LL53,http://data.ordnancesurvey.co.uk/id/postcodedistrict/LL53,,,,,,,Gwynedd - Gwynedd,http://data.ordnancesurvey.co.uk/id/7000000000025483,http://data.ordnancesurvey.co.uk/ontology/admingeo/UnitaryAuthority,Wales,http://data.ordnancesurvey.co.uk/id/7000000000041424,Wales,http://data.ordnancesurvey.co.uk/id/country/wales,,,
osgb4000000074321036,http://data.ordnancesurvey.co.uk/id/4000000074321036,Morfa,,,,populatedPlace,Hamlet,219698,333833,5000,25000,219386,333548,219974,334297,LL53,http://data.ordnancesurvey.co.uk/id/postcodedistrict/LL53,,,,,,,Gwynedd - Gwynedd,http://data.ordnancesurvey.co.uk/id/7000000000025483,http://data.ordnancesurvey.co.uk/ontology/admingeo/UnitaryAuthority,Wales,http://data.ordnancesurvey.co.uk/id/7000000000041424,Wales,http://data.ordnancesurvey.co.uk/id/country/wales,,,
osgb4000000074321155,http://data.ordnancesurvey.co.uk/id/4000000074321155,Bodermid,,,,populatedPlace,Hamlet,215577,325306,5000,25000,215424,325046,215924,325546,LL53,http://data.ordnancesurvey.co.uk/id/postcodedistrict/LL53,,,,,,,Gwynedd - Gwynedd,http://data.ordnancesurvey.co.uk/id/7000000000025483,http://data.ordnancesurvey.co.uk/ontology/admingeo/UnitaryAuthority,Wales,http://data.ordnancesurvey.co.uk/id/7000000000041424,Wales,http://data.ordnancesurvey.co.uk/id/country/wales,,,
osgb4000000074321815,http://data.ordnancesurvey.co.uk/id/4000000074321815,Trefgraig,,,,populatedPlace,Hamlet,219024,331495,5000,25000,218788,331275,219290,331775,LL53,http://data.ordnancesurvey.co.uk/id/postcodedistrict/LL53,,,,,,,Gwynedd - Gwynedd,http://data.ordnancesurvey.co.uk/id/7000000000025483,http://data.ordnancesurvey.co.uk/ontology/admingeo/UnitaryAuthority,Wales,http://data.ordnancesurvey.co.uk/id/7000000000041424,Wales,http://data.ordnancesurvey.co.uk/id/country/wales,,,
osgb4000000074564452,http://data.ordnancesurvey.co.uk/id/4000000074564452,Rhoshirwaun,,,,populatedPlace,Village,219052,329188,8000,250000,218959,329059,220195,330231,LL53,http://data.ordnancesurvey.co.uk/id/postcodedistrict/LL53,,,,,,,Gwynedd - Gwynedd,http://data.ordnancesurvey.co.uk/id/7000000000025483,http://data.ordnancesurvey.co.uk/ontology/admingeo/UnitaryAuthority,Wales,http://data.ordnancesurvey.co.uk/id/7000000000041424,Wales,http://data.ordnancesurvey.co.uk/id/country/wales,,,
osgb4000000074563509,http://data.ordnancesurvey.co.uk/id/4000000074563509,Anelog,,,,populatedPlace,Other Settlement,215377,327931,15000,25000,215127,327681,215627,328181,LL53,http://data.ordnancesurvey.co.uk/id/postcodedistrict/LL53,,,,,,,Gwynedd - Gwynedd,http://data.ordnancesurvey.co.uk/id/7000000000025483,http://data.ordnancesurvey.co.uk/ontology/admingeo/UnitaryAuthority,Wales,http://data.ordnancesurvey.co.uk/id/7000000000041424,Wales,http://data.ordnancesurvey.co.uk/id/country/wales,,,
osgb4000000074564453,http://data.ordnancesurvey.co.uk/id/4000000074564453,Aberdaron,,,,populatedPlace,Village,217624,327107,12000,250000,216621,326324,218421,327626,LL53,http://data.ordnancesurvey.co.uk/id/postcodedistrict/LL53,,,,,,,Gwynedd - Gwynedd,http://data.ordnancesurvey.co.uk/id/7000000000025483,http://data.ordnancesurvey.co.uk/ontology/admingeo/UnitaryAuthority,Wales,http://data.ordnancesurvey.co.uk/id/7000000000041424,Wales,http://data.ordnancesurvey.co.uk/id/country/wales,,http://dbpedia.org/resource/Aberdaron,http://sws.geonames.org/2657834
osgb4000000074563514,http://data.ordnancesurvey.co.uk/id/4000000074563514,Llangwnnadl,,,,populatedPlace,Village,219497,332488,12000,250000,219336,331593,221196,333337,LL53,http://data.ordnancesurvey.co.uk/id/postcodedistrict/LL53,,,,,,,Gwynedd - Gwynedd,http://data.ordnancesurvey.co.uk/id/7000000000025483,http://data.ordnancesurvey.co.uk/ontology/admingeo/UnitaryAuthority,Wales,http://data.ordnancesurvey.co.uk/id/7000000000041424,Wales,http://data.ordnancesurvey.co.uk/id/country/wales,,http://dbpedia.org/resource/Llangwnnadl,http://sws.geonames.org/2644009
osgb4000000074563510,http://data.ordnancesurvey.co.uk/id/4000000074563510,Rhydlios,,,,populatedPlace,Other Settlement,218004,330179,15000,25000,217878,329788,219416,330640,LL53,http://data.ordnancesurvey.co.uk/id/postcodedistrict/LL53,,,,,,,Gwynedd - Gwynedd,http://data.ordnancesurvey.co.uk/id/7000000000025483,http://data.ordnancesurvey.co.uk/ontology/admingeo/UnitaryAuthority,Wales,http://data.ordnancesurvey.co.uk/id/7000000000041424,Wales,http://data.ordnancesurvey.co.uk/id/country/wales,,,
LL538BY,http://data.ordnancesurvey.co.uk/id/postcodeunit/LL538BY,LL53 8BY,,,,other,Postcode,214968,325924,3500,18000,,,,,,,Uwchmynydd,http://data.ordnancesurvey.co.uk/id/4000000074563492,http://www.ordnancesurvey.co.uk/xml/codelists/localtype.xml#village,,,,Gwynedd - Gwynedd,http://data.ordnancesurvey.co.uk/id/7000000000025483,http://data.ordnancesurvey.co.uk/ontology/admingeo/UnitaryAuthority,Wales,http://data.ordnancesurvey.co.uk/id/7000000000041424,Wales,http://data.ordnancesurvey.co.uk/id/country/wales,,,
LL538AR,http://data.ordnancesurvey.co.uk/id/postcodeunit/LL538AR,LL53 8AR,,,,other,Postcode,219971,327677,3500,18000,,,,,,,Penycaerau,http://data.ordnancesurvey.co.uk/id/4000000074564451,http://www.ordnancesurvey.co.uk/xml/codelists/localtype.xml#hamlet,,,,Gwynedd - Gwynedd,http://data.ordnancesurvey.co.uk/id/7000000000025483,http://data.ordnancesurvey.co.uk/ontology/admingeo/UnitaryAuthority,Wales,http://data.ordnancesurvey.co.uk/id/7000000000041424,Wales,http://data.ordnancesurvey.co.uk/id/country/wales,,,
LL538AP,http://data.ordnancesurvey.co.uk/id/postcodeunit/LL538AP,LL53 8AP,,,,other,Postcode,218906,326262,3500,18000,,,,,,,,,,,,,Gwynedd - Gwynedd,http://data.ordnancesurvey.co.uk/id/7000000000025483,http://data.ordnancesurvey.co.uk/ontology/admingeo/UnitaryAuthority,Wales,http://data.ordnancesurvey.co.uk/id/7000000000041424,Wales,http://data.ordnancesurvey.co.uk/id/country/wales,,,
LL538LA,http://data.ordnancesurvey.co.uk/id/postcodeunit/LL538LA,LL53 8LA,,,,other,Postcode,219306,329204,3500,18000,,,,,,,Rhoshirwaun,http://data.ordnancesurvey.co.uk/id/4000000074564452,http://www.ordnancesurvey.co.uk/xml/codelists/localtype.xml#village,,,,Gwynedd - Gwynedd,http://data.ordnancesurvey.co.uk/id/7000000000025483,http://data.ordnancesurvey.co.uk/ontology/admingeo/UnitaryAuthority,Wales,http://data.ordnancesurvey.co.uk/id/7000000000041424,Wales,http://data.ordnancesurvey.co.uk/id/country/wales,,,
LL538DA,http://data.ordnancesurvey.co.uk/id/postcodeunit/LL538DA,LL53 8DA,,,,other,Postcode,215789,325173,3500,18000,,,,,,,Bodermid,http://data.ordnancesurvey.co.uk/id/4000000074321155,http://www.ordnancesurvey.co.uk/xml/codelists/localtype.xml#hamlet,,,,Gwynedd - Gwynedd,http://data.ordnancesurvey.co.uk/id/7000000000025483,http://data.ordnancesurvey.co.uk/ontology/admingeo/UnitaryAuthority,Wales,http://data.ordnancesurvey.co.uk/id/7000000000041424,Wales,http://data.ordnancesurvey.co.uk/id/country/wales,,,
LL538HW,http://data.ordnancesurvey.co.uk/id/postcodeunit/LL538HW,LL53 8HW,,,,other,Postcode,219441,329097,3500,18000,,,,,,,Rhoshirwaun,http://data.ordnancesurvey.co.uk/id/4000000074564452,http://www.ordnancesurvey.co.uk/xml/codelists/localtype.xml#village,,,,Gwynedd - Gwynedd,http://data.ordnancesurvey.co.uk/id/7000000000025483,http://data.ordnancesurvey.co.uk/ontology/admingeo/UnitaryAuthority,Wales,http://data.ordnancesurvey.co.uk/id/7000000000041424,Wales,http://data.ordnancesurvey.co.uk/id/country/wales,,,
LL538LN,http://data.ordnancesurvey.co.uk/id/postcodeunit/LL538LN,LL53 8LN,,,,other,Postcode,217532,328321,3500,18000,,,,,,,,,,,,,Gwynedd - Gwynedd,http://data.ordnancesurvey.co.uk/id/7000000000025483,http://data.ordnancesurvey.co.uk/ontology/admingeo/UnitaryAuthority,Wales,http://data.ordnancesurvey.co.uk/id/7000000000041424,Wales,http://data.ordnancesurvey.co.uk/id/country/wales,,,
LL538BH,http://data.ordnancesurvey.co.uk/id/postcodeunit/LL538BH,LL53 8BH,,,,other,Postcode,217486,327284,3500,18000,,,,,,,Aberdaron,http://data.ordnancesurvey.co.uk/id/4000000074564453,http://www.ordnancesurvey.co.uk/xml/codelists/localtype.xml#village,,,,Gwynedd - Gwynedd,http://data.ordnancesurvey.co.uk/id/7000000000025483,http://data.ordnancesurvey.co.uk/ontology/admingeo/UnitaryAuthority,Wales,http://data.ordnancesurvey.co.uk/id/7000000000041424,Wales,http://data.ordnancesurvey.co.uk/id/country/wales,,,
LL538BE,http://data.ordnancesurvey.co.uk/id/postcodeunit/LL538BE,LL53 8BE,,,,other,Postcode,217343,326476,3500,18000,,,,,,,Aberdaron,http://data.ordnancesurvey.co.uk/id/4000000074564453,http://www.ordnancesurvey.co.uk/xml/codelists/localtype.xml#village,,,,Gwynedd - Gwynedd,http://data.ordnancesurvey.co.uk/id/7000000000025483,http://data.ordnancesurvey.co.uk/ontology/admingeo/UnitaryAuthority,Wales,http://data.ordnancesurvey.co.uk/id/7000000000041424,Wales,http://data.ordnancesurvey.co.uk/id/country/wales,,,
LL538AW,http://data.ordnancesurvey.co.uk/id/postcodeunit/LL538AW,LL53 8AW,,,,other,Postcode,219591,326753,3500,18000,,,,,,,,,,,,,Gwynedd - Gwynedd,http://data.ordnancesurvey.co.uk/id/7000000000025483,http://data.ordnancesurvey.co.uk/ontology/admingeo/UnitaryAuthority,Wales,http://data.ordnancesurvey.co.uk/id/7000000000041424,Wales,http://data.ordnancesurvey.co.uk/id/country/wales,,,
LL538LH,http://data.ordnancesurvey.co.uk/id/postcodeunit/LL538LH,LL53 8LH,,,,other,Postcode,216464,328924,3500,18000,,,,,,,,,,,,,Gwynedd - Gwynedd,http://data.ordnancesurvey.co.uk/id/7000000000025483,http://data.ordnancesurvey.co.uk/ontology/admingeo/UnitaryAuthority,Wales,http://data.ordnancesurvey.co.uk/id/7000000000041424,Wales,http://data.ordnancesurvey.co.uk/id/country/wales,,,
LL538LL,http://data.ordnancesurvey.co.uk/id/postcodeunit/LL538LL,LL53 8LL,,,,other,Postcode,216724,328182,3500,18000,,,,,,,,,,,,,Gwynedd - Gwynedd,http://data.ordnancesurvey.co.uk/id/7000000000025483,http://data.ordnancesurvey.co.uk/ontology/admingeo/UnitaryAuthority,Wales,http://data.ordnancesurvey.co.uk/id/7000000000041424,Wales,http://data.ordnancesurvey.co.uk/id/country/wales,,,
LL538BU,http://data.ordnancesurvey.co.uk/id/postcodeunit/LL538BU,LL53 8BU,,,,other,Postcode,216499,326708,3500,18000,,,,,,,,,,,,,Gwynedd - Gwynedd,http://data.ordnancesurvey.co.uk/id/7000000000025483,http://data.ordnancesurvey.co.uk/ontology/admingeo/UnitaryAuthority,Wales,http://data.ordnancesurvey.co.uk/id/7000000000041424,Wales,http://data.ordnancesurvey.co.uk/id/country/wales,,,
LL538DD,http://data.ordnancesurvey.co.uk/id/postcodeunit/LL538DD,LL53 8DD,,,,other,Postcode,215249,326690,3500,18000,,,,,,,,,,,,,Gwynedd - Gwynedd,http://data.ordnancesurvey.co.uk/id/7000000000025483,http://data.ordnancesurvey.co.uk/ontology/admingeo/UnitaryAuthority,Wales,http://data.ordnancesurvey.co.uk/id/7000000000041424,Wales,http://data.ordnancesurvey.co.uk/id/country/wales,,,
LL538LP,http://data.ordnancesurvey.co.uk/id/postcodeunit/LL538LP,LL53 8LP,,,,other,Postcode,217717,331143,3500,18000,,,,,,,,,,,,,Gwynedd - Gwynedd,http://data.ordnancesurvey.co.uk/id/7000000000025483,http://data.ordnancesurvey.co.uk/ontology/admingeo/UnitaryAuthority,Wales,http://data.ordnancesurvey.co.uk/id/7000000000041424,Wales,http://data.ordnancesurvey.co.uk/id/country/wales,,,
LL538NY,http://data.ordnancesurvey.co.uk/id/postcodeunit/LL538NY,LL53 8NY,,,,other,Postcode,219962,331784,3500,18000,,,,,,,Llangwnnadl,http://data.ordnancesurvey.co.uk/id/4000000074563514,http://www.ordnancesurvey.co.uk/xml/codelists/localtype.xml#village,,,,Gwynedd - Gwynedd,http://data.ordnancesurvey.co.uk/id/7000000000025483,http://data.ordnancesurvey.co.uk/ontology/admingeo/UnitaryAuthority,Wales,http://data.ordnancesurvey.co.uk/id/7000000000041424,Wales,http://data.ordnancesurvey.co.uk/id/country/wales,,,
LL538BN,http://data.ordnancesurvey.co.uk/id/postcodeunit/LL538BN,LL53 8BN,,,,other,Postcode,217729,327927,3500,18000,,,,,,,,,,,,,Gwynedd - Gwynedd,http://data.ordnancesurvey.co.uk/id/7000000000025483,http://data.ordnancesurvey.co.uk/ontology/admingeo/UnitaryAuthority,Wales,http://data.ordnancesurvey.co.uk/id/7000000000041424,Wales,http://data.ordnancesurvey.co.uk/id/country/wales,,,
LL538LR,http://data.ordnancesurvey.co.uk/id/postcodeunit/LL538LR,LL53 8LR,,,,other,Postcode,219180,331247,3500,18000,,,,,,,,,,,,,Gwynedd - Gwynedd,http://data.ordnancesurvey.co.uk/id/7000000000025483,http://data.ordnancesurvey.co.uk/ontology/admingeo/UnitaryAuthority,Wales,http://data.ordnancesurvey.co.uk/id/7000000000041424,Wales,http://data.ordnancesurvey.co.uk/id/country/wales,,,
LL538BG,http://data.ordnancesurvey.co.uk/id/postcodeunit/LL538BG,LL53 8BG,,,,other,Postcode,217461,326853,3500,18000,,,,,,,Aberdaron,http://data.ordnancesurvey.co.uk/id/4000000074564453,http://www.ordnancesurvey.co.uk/xml/codelists/localtype.xml#village,,,,Gwynedd - Gwynedd,http://data.ordnancesurvey.co.uk/id/7000000000025483,http://data.ordnancesurvey.co.uk/ontology/admingeo/UnitaryAuthority,Wales,http://data.ordnancesurvey.co.uk/id/7000000000041424,Wales,http://data.ordnancesurvey.co.uk/id/country/wales,,,
LL538BL,http://data.ordnancesurvey.co.uk/id/postcodeunit/LL538BL,LL53 8BL,,,,other,Postcode,217951,327416,3500,18000,,,,,,,Aberdaron,http://data.ordnancesurvey.co.uk/id/4000000074564453,http://www.ordnancesurvey.co.uk/xml/codelists/localtype.xml#village,,,,Gwynedd - Gwynedd,http://data.ordnancesurvey.co.uk/id/7000000000025483,http://data.ordnancesurvey.co.uk/ontology/admingeo/UnitaryAuthority,Wales,http://data.ordnancesurvey.co.uk/id/7000000000041424,Wales,http://data.ordnancesurvey.co.uk/id/country/wales,,,
LL538LD,http://data.ordnancesurvey.co.uk/id/postcodeunit/LL538LD,LL53 8LD,,,,other,Postcode,219117,330167,3500,18000,,,,,,,Rhydlios,http://data.ordnancesurvey.co.uk/id/4000000074563510,http://www.ordnancesurvey.co.uk/xml/codelists/localtype.xml#otherSettlement,,,,Gwynedd - Gwynedd,http://data.ordnancesurvey.co.uk/id/7000000000025483,http://data.ordnancesurvey.co.uk/ontology/admingeo/UnitaryAuthority,Wales,http://data.ordnancesurvey.co.uk/id/7000000000041424,Wales,http://data.ordnancesurvey.co.uk/id/country/wales,,,
LL538BW,http://data.ordnancesurvey.co.uk/id/postcodeunit/LL538BW,LL53 8BW,,,,other,Postcode,216973,327081,3500,18000,,,,,,,Aberdaron,http://data.ordnancesurvey.co.uk/id/4000000074564453,http://www.ordnancesurvey.co.uk/xml/codelists/localtype.xml#village,,,,Gwynedd - Gwynedd,http://data.ordnancesurvey.co.uk/id/7000000000025483,http://data.ordnancesurvey.co.uk/ontology/admingeo/UnitaryAuthority,Wales,http://data.ordnancesurvey.co.uk/id/7000000000041424,Wales,http://data.ordnancesurvey.co.uk/id/country/wales,,,
LL538LE,http://data.ordnancesurvey.co.uk/id/postcodeunit/LL538LE,LL53 8LE,,,,other,Postcode,218491,330741,3500,18000,,,,,,,,,,,,,Gwynedd - Gwynedd,http://data.ordnancesurvey.co.uk/id/7000000000025483,http://data.ordnancesurvey.co.uk/ontology/admingeo/UnitaryAuthority,Wales,http://data.ordnancesurvey.co.uk/id/7000000000041424,Wales,http://data.ordnancesurvey.co.uk/id/country/wales,,,
LL538BS,http://data.ordnancesurvey.co.uk/id/postcodeunit/LL538BS,LL53 8BS,,,,other,Postcode,217129,326519,3500,18000,,,,,,,Aberdaron,http://data.ordnancesurvey.co.uk/id/4000000074564453,http://www.ordnancesurvey.co.uk/xml/codelists/localtype.xml#village,,,,Gwynedd - Gwynedd,http://data.ordnancesurvey.co.uk/id/7000000000025483,http://data.ordnancesurvey.co.uk/ontology/admingeo/UnitaryAuthority,Wales,http://data.ordnancesurvey.co.uk/id/7000000000041424,Wales,http://data.ordnancesurvey.co.uk/id/country/wales,,,
LL538DB,http://data.ordnancesurvey.co.uk/id/postcodeunit/LL538DB,LL53 8DB,,,,other,Postcode,215335,325439,3500,18000,,,,,,,Uwchmynydd,http://data.ordnancesurvey.co.uk/id/4000000074563492,http://www.ordnancesurvey.co.uk/xml/codelists/localtype.xml#village,,,,Gwynedd - Gwynedd,http://data.ordnancesurvey.co.uk/id/7000000000025483,http://data.ordnancesurvey.co.uk/ontology/admingeo/UnitaryAuthority,Wales,http://data.ordnancesurvey.co.uk/id/7000000000041424,Wales,http://data.ordnancesurvey.co.uk/id/country/wales,,,
LL538BD,http://data.ordnancesurvey.co.uk/id/postcodeunit/LL538BD,LL53 8BD,,,,other,Postcode,217817,326363,3500,18000,,,,,,,Aberdaron,http://data.ordnancesurvey.co.uk/id/4000000074564453,http://www.ordnancesurvey.co.uk/xml/codelists/localtype.xml#village,,,,Gwynedd - Gwynedd,http://data.ordnancesurvey.co.uk/id/7000000000025483,http://data.ordnancesurvey.co.uk/ontology/admingeo/UnitaryAuthority,Wales,http://data.ordnancesurvey.co.uk/id/7000000000041424,Wales,http://data.ordnancesurvey.co.uk/id/country/wales,,,
LL538DE,http://data.ordnancesurvey.co.uk/id/postcodeunit/LL538DE,LL53 8DE,,,,other,Postcode,211861,321945,3500,18000,,,,,,,,,,,,,Gwynedd - Gwynedd,http://data.ordnancesurvey.co.uk/id/7000000000025483,http://data.ordnancesurvey.co.uk/ontology/admingeo/UnitaryAuthority,Wales,http://data.ordnancesurvey.co.uk/id/7000000000041424,Wales,http://data.ordnancesurvey.co.uk/id/country/wales,,,
LL538LF,http://data.ordnancesurvey.co.uk/id/postcodeunit/LL538LF,LL53 8LF,,,,other,Postcode,218672,330164,3500,18000,,,,,,,Rhydlios,http://data.ordnancesurvey.co.uk/id/4000000074563510,http://www.ordnancesurvey.co.uk/xml/codelists/localtype.xml#otherSettlement,,,,Gwynedd - Gwynedd,http://data.ordnancesurvey.co.uk/id/7000000000025483,http://data.ordnancesurvey.co.uk/ontology/admingeo/UnitaryAuthority,Wales,http://data.ordnancesurvey.co.uk/id/7000000000041424,Wales,http://data.ordnancesurvey.co.uk/id/country/wales,,,
LL538LB,http://data.ordnancesurvey.co.uk/id/postcodeunit/LL538LB,LL53 8LB,,,,other,Postcode,219055,329238,3500,18000,,,,,,,Rhoshirwaun,http://data.ordnancesurvey.co.uk/id/4000000074564452,http://www.ordnancesurvey.co.uk/xml/codelists/localtype.xml#village,,,,Gwynedd - Gwynedd,http://data.ordnancesurvey.co.uk/id/7000000000025483,http://data.ordnancesurvey.co.uk/ontology/admingeo/UnitaryAuthority,Wales,http://data.ordnancesurvey.co.uk/id/7000000000041424,Wales,http://data.ordnancesurvey.co.uk/id/country/wales,,,
LL538LG,http://data.ordnancesurvey.co.uk/id/postcodeunit/LL538LG,LL53 8LG,,,,other,Postcode,217990,330190,3500,18000,,,,,,,Rhydlios,http://data.ordnancesurvey.co.uk/id/4000000074563510,http://www.ordnancesurvey.co.uk/xml/codelists/localtype.xml#otherSettlement,,,,Gwynedd - Gwynedd,http://data.ordnancesurvey.co.uk/id/7000000000025483,http://data.ordnancesurvey.co.uk/ontology/admingeo/UnitaryAuthority,Wales,http://data.ordnancesurvey.co.uk/id/7000000000041424,Wales,http://data.ordnancesurvey.co.uk/id/country/wales,,,
LL538NU,http://data.ordnancesurvey.co.uk/id/postcodeunit/LL538NU,LL53 8NU,,,,other,Postcode,219863,332980,3500,18000,,,,,,,Llangwnnadl,http://data.ordnancesurvey.co.uk/id/4000000074563514,http://www.ordnancesurvey.co.uk/xml/codelists/localtype.xml#village,,,,Gwynedd - Gwynedd,http://data.ordnancesurvey.co.uk/id/7000000000025483,http://data.ordnancesurvey.co.uk/ontology/admingeo/UnitaryAuthority,Wales,http://data.ordnancesurvey.co.uk/id/7000000000041424,Wales,http://data.ordnancesurvey.co.uk/id/country/wales,,,
LL538BT,http://data.ordnancesurvey.co.uk/id/postcodeunit/LL538BT,LL53 8BT,,,,other,Postcode,215554,327613,3500,18000,,,,,,,,,,,,,Gwynedd - Gwynedd,http://data.ordnancesurvey.co.uk/id/7000000000025483,http://data.ordnancesurvey.co.uk/ontology/admingeo/UnitaryAuthority,Wales,http://data.ordnancesurvey.co.uk/id/7000000000041424,Wales,http://data.ordnancesurvey.co.uk/id/country/wales,,,
LL538HP,http://data.ordnancesurvey.co.uk/id/postcodeunit/LL538HP,LL53 8HP,,,,other,Postcode,219870,329343,3500,18000,,,,,,,Rhoshirwaun,http://data.ordnancesurvey.co.uk/id/4000000074564452,http://www.ordnancesurvey.co.uk/xml/codelists/localtype.xml#village,,,,Gwynedd - Gwynedd,http://data.ordnancesurvey.co.uk/id/7000000000025483,http://data.ordnancesurvey.co.uk/ontology/admingeo/UnitaryAuthority,Wales,http://data.ordnancesurvey.co.uk/id/7000000000041424,Wales,http://data.ordnancesurvey.co.uk/id/country/wales,,,
LL538LW,http://data.ordnancesurvey.co.uk/id/postcodeunit/LL538LW,LL53 8LW,,,,other,Postcode,218132,329485,3500,18000,,,,,,,,,,,,,Gwynedd - Gwynedd,http://data.ordnancesurvey.co.uk/id/7000000000025483,http://data.ordnancesurvey.co.uk/ontology/admingeo/UnitaryAuthority,Wales,http://data.ordnancesurvey.co.uk/id/7000000000041424,Wales,http://data.ordnancesurvey.co.uk/id/country/wales,,,
osgb4000000012570561,http://data.ordnancesurvey.co.uk/id/4000000012570561,Lon Uwchmynydd,,,,transportNetwork,Named Road,215633,326369,1000,20000,215613,326358,215694,326390,LL53,http://data.ordnancesurvey.co.uk/id/postcodedistrict/LL53,Uwchmynydd,http://data.ordnancesurvey.co.uk/id/4000000074563492,http://www.ordnancesurvey.co.uk/xml/codelists/localtype.xml#village,,,,Gwynedd - Gwynedd,http://data.ordnancesurvey.co.uk/id/7000000000025483,http://data.ordnancesurvey.co.uk/ontology/admingeo/UnitaryAuthority,Wales,http://data.ordnancesurvey.co.uk/id/7000000000041424,Wales,http://data.ordnancesurvey.co.uk/id/country/wales,,,
osgb4000000074788233,http://data.ordnancesurvey.co.uk/id/4000000074788233,Porth Simdde,,,,hydrography,Bay,216691,326218,1000,150000,216479,325968,216979,326468,LL53,http://data.ordnancesurvey.co.uk/id/postcodedistrict/LL53,,,,,,,Gwynedd - Gwynedd,http://data.ordnancesurvey.co.uk/id/7000000000025483,http://data.ordnancesurvey.co.uk/ontology/admingeo/UnitaryAuthority,Wales,http://data.ordnancesurvey.co.uk/id/7000000000041424,Wales,http://data.ordnancesurvey.co.uk/id/country/wales,,,
osgb4000000074614024,http://data.ordnancesurvey.co.uk/id/4000000074614024,Carreg y Trai,,,,landform,Island,216350,329957,1000,800000,216100,329712,216600,330212,LL53,http://data.ordnancesurvey.co.uk/id/postcodedistrict/LL53,,,,,,,Gwynedd - Gwynedd,http://data.ordnancesurvey.co.uk/id/7000000000025483,http://data.ordnancesurvey.co.uk/ontology/admingeo/UnitaryAuthority,Wales,http://data.ordnancesurvey.co.uk/id/7000000000041424,Wales,http://data.ordnancesurvey.co.uk/id/country/wales,,,
osgb4000000074756238,http://data.ordnancesurvey.co.uk/id/4000000074756238,Wig,,,,landform,Other Coastal Landform,218585,325857,1000,20000,218318,325608,218818,326108,LL53,http://data.ordnancesurvey.co.uk/id/postcodedistrict/LL53,,,,,,,Gwynedd - Gwynedd,http://data.ordnancesurvey.co.uk/id/7000000000025483,http://data.ordnancesurvey.co.uk/ontology/admingeo/UnitaryAuthority,Wales,http://data.ordnancesurvey.co.uk/id/7000000000041424,Wales,http://data.ordnancesurvey.co.uk/id/country/wales,,,
osgb4000000074793699,http://data.ordnancesurvey.co.uk/id/4000000074793699,Pwll Diwaelod,,,,hydrography,Inland Water,216409,326251,1000,500000,216160,325996,216660,326496,LL53,http://data.ordnancesurvey.co.uk/id/postcodedistrict/LL53,,,,,,,Gwynedd - Gwynedd,http://data.ordnancesurvey.co.uk/id/7000000000025483,http://data.ordnancesurvey.co.uk/ontology/admingeo/UnitaryAuthority,Wales,http://data.ordnancesurvey.co.uk/id/7000000000041424,Wales,http://data.ordnancesurvey.co.uk/id/country/wales,,,
osgb4000000074790201,http://data.ordnancesurvey.co.uk/id/4000000074790201,Porth y Wrâch,,,,hydrography,Bay,216639,330576,3000,150000,216389,330334,216889,330834,LL53,http://data.ordnancesurvey.co.uk/id/postcodedistrict/LL53,,,,,,,Gwynedd - Gwynedd,http://data.ordnancesurvey.co.uk/id/7000000000025483,http://data.ordnancesurvey.co.uk/ontology/admingeo/UnitaryAuthority,Wales,http://data.ordnancesurvey.co.uk/id/7000000000041424,Wales,http://data.ordnancesurvey.co.uk/id/country/wales,,,
osgb4000000074756169,http://data.ordnancesurvey.co.uk/id/4000000074756169,Clog Cidwm,,,,landform,Island,219493,325826,1000,800000,219243,325577,219743,326077,LL53,http://data.ordnancesurvey.co.uk/id/postcodedistrict/LL53,,,,,,,Gwynedd - Gwynedd,http://data.ordnancesurvey.co.uk/id/7000000000025483,http://data.ordnancesurvey.co.uk/ontology/admingeo/UnitaryAuthority,Wales,http://data.ordnancesurvey.co.uk/id/7000000000041424,Wales,http://data.ordnancesurvey.co.uk/id/country/wales,,,
osgb4000000074756457,http://data.ordnancesurvey.co.uk/id/4000000074756457,Trwyn Garreg-lwyd,,,,landform,Coastal Headland,216580,331906,1000,750000,216323,331657,216823,332157,LL53,http://data.ordnancesurvey.co.uk/id/postcodedistrict/LL53,,,,,,,Gwynedd - Gwynedd,http://data.ordnancesurvey.co.uk/id/7000000000025483,http://data.ordnancesurvey.co.uk/ontology/admingeo/UnitaryAuthority,Wales,http://data.ordnancesurvey.co.uk/id/7000000000041424,Wales,http://data.ordnancesurvey.co.uk/id/country/wales,,,
osgb4000000074788383,http://data.ordnancesurvey.co.uk/id/4000000074788383,Porth Lefesig,,,,hydrography,Bay,218561,332539,1000,150000,218281,332289,218781,332789,LL53,http://data.ordnancesurvey.co.uk/id/postcodedistrict/LL53,,,,,,,Gwynedd - Gwynedd,http://data.ordnancesurvey.co.uk/id/7000000000025483,http://data.ordnancesurvey.co.uk/ontology/admingeo/UnitaryAuthority,Wales,http://data.ordnancesurvey.co.uk/id/7000000000041424,Wales,http://data.ordnancesurvey.co.uk/id/country/wales,,,
osgb4000000074589181,http://data.ordnancesurvey.co.uk/id/4000000074589181,Ynys Gwylan-bâch,,,,landform,Island,218149,324237,1000,800000,217907,323987,218407,324487,LL53,http://data.ordnancesurvey.co.uk/id/postcodedistrict/LL53,,,,,,,Gwynedd - Gwynedd,http://data.ordnancesurvey.co.uk/id/7000000000025483,http://data.ordnancesurvey.co.uk/ontology/admingeo/UnitaryAuthority,Wales,http://data.ordnancesurvey.co.uk/id/7000000000041424,Wales,http://data.ordnancesurvey.co.uk/id/country/wales,,,
osgb4000000074756373,http://data.ordnancesurvey.co.uk/id/4000000074756373,Penrhyn Colmon,,,,landform,Other Coastal Landform,219238,334322,1000,50000,218988,334089,219488,334589,LL53,http://data.ordnancesurvey.co.uk/id/postcodedistrict/LL53,,,,,,,Gwynedd - Gwynedd,http://data.ordnancesurvey.co.uk/id/7000000000025483,http://data.ordnancesurvey.co.uk/ontology/admingeo/UnitaryAuthority,Wales,http://data.ordnancesurvey.co.uk/id/7000000000041424,Wales,http://data.ordnancesurvey.co.uk/id/country/wales,,,
osgb4000000074788087,http://data.ordnancesurvey.co.uk/id/4000000074788087,Porth Hadog,,,,hydrography,Bay,211195,320976,1000,150000,210946,320717,211446,321217,LL53,http://data.ordnancesurvey.co.uk/id/postcodedistrict/LL53,,,,,,,Gwynedd - Gwynedd,http://data.ordnancesurvey.co.uk/id/7000000000025483,http://data.ordnancesurvey.co.uk/ontology/admingeo/UnitaryAuthority,Wales,http://data.ordnancesurvey.co.uk/id/7000000000041424,Wales,http://data.ordnancesurvey.co.uk/id/country/wales,,,
osgb4000000074756453,http://data.ordnancesurvey.co.uk/id/4000000074756453,Mynydd y Gwyddel,,,,landform,Coastal Headland,214148,325108,5000,750000,213898,324719,214398,325453,LL53,http://data.ordnancesurvey.co.uk/id/postcodedistrict/LL53,,,,,,,Gwynedd - Gwynedd,http://data.ordnancesurvey.co.uk/id/7000000000025483,http://data.ordnancesurvey.co.uk/ontology/admingeo/UnitaryAuthority,Wales,http://data.ordnancesurvey.co.uk/id/7000000000041424,Wales,http://data.ordnancesurvey.co.uk/id/country/wales,,,
osgb4000000074798240,http://data.ordnancesurvey.co.uk/id/4000000074798240,Porth Felen,,,,hydrography,Bay,214401,324842,2000,150000,214151,324563,214651,325063,LL53,http://data.ordnancesurvey.co.uk/id/postcodedistrict/LL53,,,,,,,Gwynedd - Gwynedd,http://data.ordnancesurvey.co.uk/id/7000000000025483,http://data.ordnancesurvey.co.uk/ontology/admingeo/UnitaryAuthority,Wales,http://data.ordnancesurvey.co.uk/id/7000000000041424,Wales,http://data.ordnancesurvey.co.uk/id/country/wales,,,
osgb4000000074789272,http://data.ordnancesurvey.co.uk/id/4000000074789272,Porthorion,,,,hydrography,Bay,215585,328779,1000,150000,215335,328535,215835,329035,LL53,http://data.ordnancesurvey.co.uk/id/postcodedistrict/LL53,,,,,,,Gwynedd - Gwynedd,http://data.ordnancesurvey.co.uk/id/7000000000025483,http://data.ordnancesurvey.co.uk/ontology/admingeo/UnitaryAuthority,Wales,http://data.ordnancesurvey.co.uk/id/7000000000041424,Wales,http://data.ordnancesurvey.co.uk/id/country/wales,,,
osgb4000000074756167,http://data.ordnancesurvey.co.uk/id/4000000074756167,Trwyn Bychestyn,,,,landform,Coastal Headland,215153,324326,3000,750000,214881,324076,215381,324576,LL53,http://data.ordnancesurvey.co.uk/id/postcodedistrict/LL53,,,,,,,Gwynedd - Gwynedd,http://data.ordnancesurvey.co.uk/id/7000000000025483,http://data.ordnancesurvey.co.uk/ontology/admingeo/UnitaryAuthority,Wales,http://data.ordnancesurvey.co.uk/id/7000000000041424,Wales,http://data.ordnancesurvey.co.uk/id/country/wales,,,
osgb4000000074618681,http://data.ordnancesurvey.co.uk/id/4000000074618681,Penrhyn Mawr,,,,landform,Hill Or Mountain,216733,331882,1000,300000,216483,331632,216983,332132,LL53,http://data.ordnancesurvey.co.uk/id/postcodedistrict/LL53,,,,,,,Gwynedd - Gwynedd,http://data.ordnancesurvey.co.uk/id/7000000000025483,http://data.ordnancesurvey.co.uk/ontology/admingeo/UnitaryAuthority,Wales,http://data.ordnancesurvey.co.uk/id/7000000000041424,Wales,http://data.ordnancesurvey.co.uk/id/country/wales,,,
osgb4000000074618679,http://data.ordnancesurvey.co.uk/id/4000000074618679,Mynydd Carreg,,,,landform,Hill Or Mountain,216368,329162,1000,300000,216118,328912,216618,329412,LL53,http://data.ordnancesurvey.co.uk/id/postcodedistrict/LL53,,,,,,,Gwynedd - Gwynedd,http://data.ordnancesurvey.co.uk/id/7000000000025483,http://data.ordnancesurvey.co.uk/ontology/admingeo/UnitaryAuthority,Wales,http://data.ordnancesurvey.co.uk/id/7000000000041424,Wales,http://data.ordnancesurvey.co.uk/id/country/wales,,,
osgb4000000074788196,http://data.ordnancesurvey.co.uk/id/4000000074788196,Porth Meudwy,,,,hydrography,Bay,216382,325507,1000,150000,216133,325261,216633,325761,LL53,http://data.ordnancesurvey.co.uk/id/postcodedistrict/LL53,,,,,,,Gwynedd - Gwynedd,http://data.ordnancesurvey.co.uk/id/7000000000025483,http://data.ordnancesurvey.co.uk/ontology/admingeo/UnitaryAuthority,Wales,http://data.ordnancesurvey.co.uk/id/7000000000041424,Wales,http://data.ordnancesurvey.co.uk/id/country/wales,,,
osgb4000000074756374,http://data.ordnancesurvey.co.uk/id/4000000074756374,Trwyn Cam,,,,landform,Other Coastal Landform,219031,334126,1000,50000,218780,333877,219280,334377,LL53,http://data.ordnancesurvey.co.uk/id/postcodedistrict/LL53,,,,,,,Gwynedd - Gwynedd,http://data.ordnancesurvey.co.uk/id/7000000000025483,http://data.ordnancesurvey.co.uk/ontology/admingeo/UnitaryAuthority,Wales,http://data.ordnancesurvey.co.uk/id/7000000000041424,Wales,http://data.ordnancesurvey.co.uk/id/country/wales,,,
osgb4000000074618293,http://data.ordnancesurvey.co.uk/id/4000000074618293,Mynydd Ystum,,,,landform,Hill Or Mountain,218705,328473,1000,300000,218455,328223,218955,328723,LL53,http://data.ordnancesurvey.co.uk/id/postcodedistrict/LL53,,,,,,,Gwynedd - Gwynedd,http://data.ordnancesurvey.co.uk/id/7000000000025483,http://data.ordnancesurvey.co.uk/ontology/admingeo/UnitaryAuthority,Wales,http://data.ordnancesurvey.co.uk/id/7000000000041424,Wales,http://data.ordnancesurvey.co.uk/id/country/wales,,,
osgb4000000074614020,http://data.ordnancesurvey.co.uk/id/4000000074614020,Ebolion,,,,landform,Island,218876,325137,1000,800000,218625,324888,219125,325388,LL53,http://data.ordnancesurvey.co.uk/id/postcodedistrict/LL53,,,,,,,Gwynedd - Gwynedd,http://data.ordnancesurvey.co.uk/id/7000000000025483,http://data.ordnancesurvey.co.uk/ontology/admingeo/UnitaryAuthority,Wales,http://data.ordnancesurvey.co.uk/id/7000000000041424,Wales,http://data.ordnancesurvey.co.uk/id/country/wales,,,
osgb4000000074618294,http://data.ordnancesurvey.co.uk/id/4000000074618294,Mynydd Mawr,,,,landform,Hill Or Mountain,214034,326010,1000,300000,213784,325760,214284,326260,LL53,http://data.ordnancesurvey.co.uk/id/postcodedistrict/LL53,,,,,,,Gwynedd - Gwynedd,http://data.ordnancesurvey.co.uk/id/7000000000025483,http://data.ordnancesurvey.co.uk/ontology/admingeo/UnitaryAuthority,Wales,http://data.ordnancesurvey.co.uk/id/7000000000041424,Wales,http://data.ordnancesurvey.co.uk/id/country/wales,,,
osgb4000000074799487,http://data.ordnancesurvey.co.uk/id/4000000074799487,Cardigan Bay,eng,Bae Ceredigion,cym,hydrography,Bay,211002,320185,150000,652000,189730,237941,268604,338262,LL53,http://data.ordnancesurvey.co.uk/id/postcodedistrict/LL53,,,,,,,Gwynedd - Gwynedd,http://data.ordnancesurvey.co.uk/id/7000000000025483,http://data.ordnancesurvey.co.uk/ontology/admingeo/UnitaryAuthority,Wales,http://data.ordnancesurvey.co.uk/id/7000000000041424,Wales,http://data.ordnancesurvey.co.uk/id/country/wales,,,
osgb4000000074756172,http://data.ordnancesurvey.co.uk/id/4000000074756172,Trwyn Gwningaer,,,,landform,Coastal Headland,218860,325228,1000,750000,218571,324978,219071,325478,LL53,http://data.ordnancesurvey.co.uk/id/postcodedistrict/LL53,,,,,,,Gwynedd - Gwynedd,http://data.ordnancesurvey.co.uk/id/7000000000025483,http://data.ordnancesurvey.co.uk/ontology/admingeo/UnitaryAuthority,Wales,http://data.ordnancesurvey.co.uk/id/7000000000041424,Wales,http://data.ordnancesurvey.co.uk/id/country/wales,,,
osgb4000000074788086,http://data.ordnancesurvey.co.uk/id/4000000074788086,Pwll Hwyaid,,,,hydrography,Tidal Water,211127,320853,1000,150000,210878,320603,211378,321103,LL53,http://data.ordnancesurvey.co.uk/id/postcodedistrict/LL53,,,,,,,Gwynedd - Gwynedd,http://data.ordnancesurvey.co.uk/id/7000000000025483,http://data.ordnancesurvey.co.uk/ontology/admingeo/UnitaryAuthority,Wales,http://data.ordnancesurvey.co.uk/id/7000000000041424,Wales,http://data.ordnancesurvey.co.uk/id/country/wales,,,
osgb4000000074788410,http://data.ordnancesurvey.co.uk/id/4000000074788410,Dyllborth,,,,hydrography,Bay,216645,331753,1000,150000,216395,331519,216895,332019,LL53,http://data.ordnancesurvey.co.uk/id/postcodedistrict/LL53,,,,,,,Gwynedd - Gwynedd,http://data.ordnancesurvey.co.uk/id/7000000000025483,http://data.ordnancesurvey.co.uk/ontology/admingeo/UnitaryAuthority,Wales,http://data.ordnancesurvey.co.uk/id/7000000000041424,Wales,http://data.ordnancesurvey.co.uk/id/country/wales,,,
osgb4000000074788089,http://data.ordnancesurvey.co.uk/id/4000000074788089,Cafn Enlli,,,,hydrography,Tidal Water,211598,320974,2000,150000,211326,320724,211826,321224,LL53,http://data.ordnancesurvey.co.uk/id/postcodedistrict/LL53,,,,,,,Gwynedd - Gwynedd,http://data.ordnancesurvey.co.uk/id/7000000000025483,http://data.ordnancesurvey.co.uk/ontology/admingeo/UnitaryAuthority,Wales,http://data.ordnancesurvey.co.uk/id/7000000000041424,Wales,http://data.ordnancesurvey.co.uk/id/country/wales,,,
osgb4000000074756026,http://data.ordnancesurvey.co.uk/id/4000000074756026,Maen Iau,,,,landform,Other Coastal Landform,211251,322276,1000,50000,211005,322026,211505,322526,LL53,http://data.ordnancesurvey.co.uk/id/postcodedistrict/LL53,,,,,,,Gwynedd - Gwynedd,http://data.ordnancesurvey.co.uk/id/7000000000025483,http://data.ordnancesurvey.co.uk/ontology/admingeo/UnitaryAuthority,Wales,http://data.ordnancesurvey.co.uk/id/7000000000041424,Wales,http://data.ordnancesurvey.co.uk/id/country/wales,,,
osgb4000000074756299,http://data.ordnancesurvey.co.uk/id/4000000074756299,Braich Anelog,,,,landform,Cliff Or Slope,214696,327749,2000,40000,214562,327499,215062,327999,LL53,http://data.ordnancesurvey.co.uk/id/postcodedistrict/LL53,,,,,,,Gwynedd - Gwynedd,http://data.ordnancesurvey.co.uk/id/7000000000025483,http://data.ordnancesurvey.co.uk/ontology/admingeo/UnitaryAuthority,Wales,http://data.ordnancesurvey.co.uk/id/7000000000041424,Wales,http://data.ordnancesurvey.co.uk/id/country/wales,,,
osgb4000000074756236,http://data.ordnancesurvey.co.uk/id/4000000074756236,Llech Cranc,,,,landform,Other Coastal Landform,218551,325388,1000,50000,218303,325138,218803,325638,LL53,http://data.ordnancesurvey.co.uk/id/postcodedistrict/LL53,,,,,,,Gwynedd - Gwynedd,http://data.ordnancesurvey.co.uk/id/7000000000025483,http://data.ordnancesurvey.co.uk/ontology/admingeo/UnitaryAuthority,Wales,http://data.ordnancesurvey.co.uk/id/7000000000041424,Wales,http://data.ordnancesurvey.co.uk/id/country/wales,,,
osgb4000000074610893,http://data.ordnancesurvey.co.uk/id/4000000074610893,Carreg Ring,,,,landform,Island,217296,326213,1000,800000,217047,325964,217547,326464,LL53,http://data.ordnancesurvey.co.uk/id/postcodedistrict/LL53,,,,,,,Gwynedd - Gwynedd,http://data.ordnancesurvey.co.uk/id/7000000000025483,http://data.ordnancesurvey.co.uk/ontology/admingeo/UnitaryAuthority,Wales,http://data.ordnancesurvey.co.uk/id/7000000000041424,Wales,http://data.ordnancesurvey.co.uk/id/country/wales,,,
osgb4000000074613859,http://data.ordnancesurvey.co.uk/id/4000000074613859,Maen Mellt,,,,landform,Island,216215,331695,1000,800000,215965,331446,216465,331946,LL53,http://data.ordnancesurvey.co.uk/id/postcodedistrict/LL53,,,,,,,Gwynedd - Gwynedd,http://data.ordnancesurvey.co.uk/id/7000000000025483,http://data.ordnancesurvey.co.uk/ontology/admingeo/UnitaryAuthority,Wales,http://data.ordnancesurvey.co.uk/id/7000000000041424,Wales,http://data.ordnancesurvey.co.uk/id/country/wales,,,
osgb4000000074756682,http://data.ordnancesurvey.co.uk/id/4000000074756682,Gybi,,,,landform,Other Coastal Landform,211231,321369,1000,50000,210981,321119,211481,321619,LL53,http://data.ordnancesurvey.co.uk/id/postcodedistrict/LL53,,,,,,,Gwynedd - Gwynedd,http://data.ordnancesurvey.co.uk/id/7000000000025483,http://data.ordnancesurvey.co.uk/ontology/admingeo/UnitaryAuthority,Wales,http://data.ordnancesurvey.co.uk/id/7000000000041424,Wales,http://data.ordnancesurvey.co.uk/id/country/wales,,,
osgb4000000074788055,http://data.ordnancesurvey.co.uk/id/4000000074788055,Bae Bach,,,,hydrography,Tidal Water,212550,322182,1000,150000,212299,321931,212799,322431,LL53,http://data.ordnancesurvey.co.uk/id/postcodedistrict/LL53,,,,,,,Gwynedd - Gwynedd,http://data.ordnancesurvey.co.uk/id/7000000000025483,http://data.ordnancesurvey.co.uk/ontology/admingeo/UnitaryAuthority,Wales,http://data.ordnancesurvey.co.uk/id/7000000000041424,Wales,http://data.ordnancesurvey.co.uk/id/country/wales,,,
osgb4000000074756456,http://data.ordnancesurvey.co.uk/id/4000000074756456,Dinas,,,,landform,Coastal Headland,216649,331655,1000,750000,216379,331405,216879,331905,LL53,http://data.ordnancesurvey.co.uk/id/postcodedistrict/LL53,,,,,,,Gwynedd - Gwynedd,http://data.ordnancesurvey.co.uk/id/7000000000025483,http://data.ordnancesurvey.co.uk/ontology/admingeo/UnitaryAuthority,Wales,http://data.ordnancesurvey.co.uk/id/7000000000041424,Wales,http://data.ordnancesurvey.co.uk/id/country/wales,,,
osgb4000000074614441,http://data.ordnancesurvey.co.uk/id/4000000074614441,Dinas Fawr,,,,landform,Island,215548,329074,1000,800000,215298,328825,215798,329325,LL53,http://data.ordnancesurvey.co.uk/id/postcodedistrict/LL53,,,,,,,Gwynedd - Gwynedd,http://data.ordnancesurvey.co.uk/id/7000000000025483,http://data.ordnancesurvey.co.uk/ontology/admingeo/UnitaryAuthority,Wales,http://data.ordnancesurvey.co.uk/id/7000000000041424,Wales,http://data.ordnancesurvey.co.uk/id/country/wales,,,
osgb4000000074610890,http://data.ordnancesurvey.co.uk/id/4000000074610890,Carreg Llmrïaid,,,,landform,Island,217562,326138,1000,800000,217313,325888,217813,326388,LL53,http://data.ordnancesurvey.co.uk/id/postcodedistrict/LL53,,,,,,,Gwynedd - Gwynedd,http://data.ordnancesurvey.co.uk/id/7000000000025483,http://data.ordnancesurvey.co.uk/ontology/admingeo/UnitaryAuthority,Wales,http://data.ordnancesurvey.co.uk/id/7000000000041424,Wales,http://data.ordnancesurvey.co.uk/id/country/wales,,,
osgb4000000074788051,http://data.ordnancesurvey.co.uk/id/4000000074788051,Hen Borth,,,,hydrography,Tidal Water,215938,324445,1000,150000,215688,324184,216188,324684,LL53,http://data.ordnancesurvey.co.uk/id/postcodedistrict/LL53,,,,,,,Gwynedd - Gwynedd,http://data.ordnancesurvey.co.uk/id/7000000000025483,http://data.ordnancesurvey.co.uk/ontology/admingeo/UnitaryAuthority,Wales,http://data.ordnancesurvey.co.uk/id/7000000000041424,Wales,http://data.ordnancesurvey.co.uk/id/country/wales,,,
osgb4000000074756023,http://data.ordnancesurvey.co.uk/id/4000000074756023,Pen y Cil,,,,landform,Coastal Headland,215689,324201,3000,750000,215441,323951,215941,324451,LL53,http://data.ordnancesurvey.co.uk/id/postcodedistrict/LL53,,,,,,,Gwynedd - Gwynedd,http://data.ordnancesurvey.co.uk/id/7000000000025483,http://data.ordnancesurvey.co.uk/ontology/admingeo/UnitaryAuthority,Wales,http://data.ordnancesurvey.co.uk/id/7000000000041424,Wales,http://data.ordnancesurvey.co.uk/id/country/wales,,,
osgb4000000074761740,http://data.ordnancesurvey.co.uk/id/4000000074761740,Maen Aberdywyll,,,,landform,Island,218804,333499,1000,800000,218555,333249,219055,333749,LL53,http://data.ordnancesurvey.co.uk/id/postcodedistrict/LL53,,,,,,,Gwynedd - Gwynedd,http://data.ordnancesurvey.co.uk/id/7000000000025483,http://data.ordnancesurvey.co.uk/ontology/admingeo/UnitaryAuthority,Wales,http://data.ordnancesurvey.co.uk/id/7000000000041424,Wales,http://data.ordnancesurvey.co.uk/id/country/wales,,,
osgb4000000074614023,http://data.ordnancesurvey.co.uk/id/4000000074614023,Dinas Bach,,,,landform,Island,215774,329366,1000,800000,215524,329115,216024,329615,LL53,http://data.ordnancesurvey.co.uk/id/postcodedistrict/LL53,,,,,,,Gwynedd - Gwynedd,http://data.ordnancesurvey.co.uk/id/7000000000025483,http://data.ordnancesurvey.co.uk/ontology/admingeo/UnitaryAuthority,Wales,http://data.ordnancesurvey.co.uk/id/7000000000041424,Wales,http://data.ordnancesurvey.co.uk/id/country/wales,,,
osgb4000000074756170,http://data.ordnancesurvey.co.uk/id/4000000074756170,Carreg goch,,,,landform,Other Coastal Landform,218601,325295,1000,50000,218351,325049,218851,325549,LL53,http://data.ordnancesurvey.co.uk/id/postcodedistrict/LL53,,,,,,,Gwynedd - Gwynedd,http://data.ordnancesurvey.co.uk/id/7000000000025483,http://data.ordnancesurvey.co.uk/ontology/admingeo/UnitaryAuthority,Wales,http://data.ordnancesurvey.co.uk/id/7000000000041424,Wales,http://data.ordnancesurvey.co.uk/id/country/wales,,,
osgb4000000074798340,http://data.ordnancesurvey.co.uk/id/4000000074798340,Porth Ferin,,,,hydrography,Bay,217226,332027,1000,150000,216977,331770,217477,332270,LL53,http://data.ordnancesurvey.co.uk/id/postcodedistrict/LL53,,,,,,,Gwynedd - Gwynedd,http://data.ordnancesurvey.co.uk/id/7000000000025483,http://data.ordnancesurvey.co.uk/ontology/admingeo/UnitaryAuthority,Wales,http://data.ordnancesurvey.co.uk/id/7000000000041424,Wales,http://data.ordnancesurvey.co.uk/id/country/wales,,,
osgb4000000074756371,http://data.ordnancesurvey.co.uk/id/4000000074756371,Trwyn y Gwyddel,,,,landform,Coastal Headland,214218,324816,2000,750000,213947,324566,214447,325066,LL53,http://data.ordnancesurvey.co.uk/id/postcodedistrict/LL53,,,,,,,Gwynedd - Gwynedd,http://data.ordnancesurvey.co.uk/id/7000000000025483,http://data.ordnancesurvey.co.uk/ontology/admingeo/UnitaryAuthority,Wales,http://data.ordnancesurvey.co.uk/id/7000000000041424,Wales,http://data.ordnancesurvey.co.uk/id/country/wales,,,
osgb4000000074610891,http://data.ordnancesurvey.co.uk/id/4000000074610891,Carreg Maen Du,,,,landform,Island,217646,326237,1000,800000,217397,325988,217897,326488,LL53,http://data.ordnancesurvey.co.uk/id/postcodedistrict/LL53,,,,,,,Gwynedd - Gwynedd,http://data.ordnancesurvey.co.uk/id/7000000000025483,http://data.ordnancesurvey.co.uk/ontology/admingeo/UnitaryAuthority,Wales,http://data.ordnancesurvey.co.uk/id/7000000000041424,Wales,http://data.ordnancesurvey.co.uk/id/country/wales,,,
osgb4000000074756235,http://data.ordnancesurvey.co.uk/id/4000000074756235,Pared Llechymenyn,,,,landform,Other Coastal Landform,214705,324642,1000,20000,214455,324360,214955,324860,LL53,http://data.ordnancesurvey.co.uk/id/postcodedistrict/LL53,,,,,,,Gwynedd - Gwynedd,http://data.ordnancesurvey.co.uk/id/7000000000025483,http://data.ordnancesurvey.co.uk/ontology/admingeo/UnitaryAuthority,Wales,http://data.ordnancesurvey.co.uk/id/7000000000041424,Wales,http://data.ordnancesurvey.co.uk/id/country/wales,,,
osgb4000000074756022,http://data.ordnancesurvey.co.uk/id/4000000074756022,Craig Cwlwm,,,,landform,Other Coastal Landform,216206,324937,1000,20000,215945,324687,216445,325187,LL53,http://data.ordnancesurvey.co.uk/id/postcodedistrict/LL53,,,,,,,Gwynedd - Gwynedd,http://data.ordnancesurvey.co.uk/id/7000000000025483,http://data.ordnancesurvey.co.uk/ontology/admingeo/UnitaryAuthority,Wales,http://data.ordnancesurvey.co.uk/id/7000000000041424,Wales,http://data.ordnancesurvey.co.uk/id/country/wales,,,
osgb4000000074761739,http://data.ordnancesurvey.co.uk/id/4000000074761739,Gaswallt,,,,landform,Other Coastal Landform,211567,320940,1000,50000,211317,320685,211817,321185,LL53,http://data.ordnancesurvey.co.uk/id/postcodedistrict/LL53,,,,,,,Gwynedd - Gwynedd,http://data.ordnancesurvey.co.uk/id/7000000000025483,http://data.ordnancesurvey.co.uk/ontology/admingeo/UnitaryAuthority,Wales,http://data.ordnancesurvey.co.uk/id/7000000000041424,Wales,http://data.ordnancesurvey.co.uk/id/country/wales,,,
osgb4000000074613599,http://data.ordnancesurvey.co.uk/id/4000000074613599,Carreg yr Honwy,,,,landform,Island,210914,321341,1000,800000,210664,321088,211164,321588,LL53,http://data.ordnancesurvey.co.uk/id/postcodedistrict/LL53,,,,,,,Gwynedd - Gwynedd,http://data.ordnancesurvey.co.uk/id/7000000000025483,http://data.ordnancesurvey.co.uk/ontology/admingeo/UnitaryAuthority,Wales,http://data.ordnancesurvey.co.uk/id/7000000000041424,Wales,http://data.ordnancesurvey.co.uk/id/country/wales,,,
osgb4000000074790200,http://data.ordnancesurvey.co.uk/id/4000000074790200,Bae y Rhigol,,,,hydrography,Tidal Water,211806,322623,2000,150000,211555,322373,212055,322873,LL53,http://data.ordnancesurvey.co.uk/id/postcodedistrict/LL53,,,,,,,Gwynedd - Gwynedd,http://data.ordnancesurvey.co.uk/id/7000000000025483,http://data.ordnancesurvey.co.uk/ontology/admingeo/UnitaryAuthority,Wales,http://data.ordnancesurvey.co.uk/id/7000000000041424,Wales,http://data.ordnancesurvey.co.uk/id/country/wales,,,
osgb4000000074756298,http://data.ordnancesurvey.co.uk/id/4000000074756298,Braich y Noddfa,,,,landform,Cliff Or Slope,213950,326249,1000,40000,213700,325953,214200,326453,LL53,http://data.ordnancesurvey.co.uk/id/postcodedistrict/LL53,,,,,,,Gwynedd - Gwynedd,http://data.ordnancesurvey.co.uk/id/7000000000025483,http://data.ordnancesurvey.co.uk/ontology/admingeo/UnitaryAuthority,Wales,http://data.ordnancesurvey.co.uk/id/7000000000041424,Wales,http://data.ordnancesurvey.co.uk/id/country/wales,,,
osgb4000000074618678,http://data.ordnancesurvey.co.uk/id/4000000074618678,Mynydd Anelog,,,,landform,Hill Or Mountain,215191,327222,1000,300000,214941,326972,215441,327472,LL53,http://data.ordnancesurvey.co.uk/id/postcodedistrict/LL53,,,,,,,Gwynedd - Gwynedd,http://data.ordnancesurvey.co.uk/id/7000000000025483,http://data.ordnancesurvey.co.uk/ontology/admingeo/UnitaryAuthority,Wales,http://data.ordnancesurvey.co.uk/id/7000000000041424,Wales,http://data.ordnancesurvey.co.uk/id/country/wales,,,
osgb4000000074798426,http://data.ordnancesurvey.co.uk/id/4000000074798426,Porth Iago,,,,hydrography,Bay,216647,331559,1000,150000,216421,331309,216921,331809,LL53,http://data.ordnancesurvey.co.uk/id/postcodedistrict/LL53,,,,,,,Gwynedd - Gwynedd,http://data.ordnancesurvey.co.uk/id/7000000000025483,http://data.ordnancesurvey.co.uk/ontology/admingeo/UnitaryAuthority,Wales,http://data.ordnancesurvey.co.uk/id/7000000000041424,Wales,http://data.ordnancesurvey.co.uk/id/country/wales,,,
osgb4000000074590625,http://data.ordnancesurvey.co.uk/id/4000000074590625,Bae'r Nant,,,,landcover,Wetland,212085,322534,1000,200000,211835,322314,212335,322814,LL53,http://data.ordnancesurvey.co.uk/id/postcodedistrict/LL53,,,,,,,Gwynedd - Gwynedd,http://data.ordnancesurvey.co.uk/id/7000000000025483,http://data.ordnancesurvey.co.uk/ontology/admingeo/UnitaryAuthority,Wales,http://data.ordnancesurvey.co.uk/id/7000000000041424,Wales,http://data.ordnancesurvey.co.uk/id/country/wales,,,
osgb4000000074613597,http://data.ordnancesurvey.co.uk/id/4000000074613597,Ynys Gwylan-fawr,,,,landform,Island,218414,324526,2000,800000,218148,324277,218648,324777,LL53,http://data.ordnancesurvey.co.uk/id/postcodedistrict/LL53,,,,,,,Gwynedd - Gwynedd,http://data.ordnancesurvey.co.uk/id/7000000000025483,http://data.ordnancesurvey.co.uk/ontology/admingeo/UnitaryAuthority,Wales,http://data.ordnancesurvey.co.uk/id/7000000000041424,Wales,http://data.ordnancesurvey.co.uk/id/country/wales,,,
osgb4000000074788054,http://data.ordnancesurvey.co.uk/id/4000000074788054,Bae Felen,,,,hydrography,Tidal Water,212507,321951,2000,150000,212257,321715,212757,322215,LL53,http://data.ordnancesurvey.co.uk/id/postcodedistrict/LL53,,,,,,,Gwynedd - Gwynedd,http://data.ordnancesurvey.co.uk/id/7000000000025483,http://data.ordnancesurvey.co.uk/ontology/admingeo/UnitaryAuthority,Wales,http://data.ordnancesurvey.co.uk/id/7000000000041424,Wales,http://data.ordnancesurvey.co.uk/id/country/wales,,,
osgb4000000074756608,http://data.ordnancesurvey.co.uk/id/4000000074756608,Pen Cristin,,,,landform,Coastal Headland,212018,320986,2000,750000,211781,320736,212281,321236,LL53,http://data.ordnancesurvey.co.uk/id/postcodedistrict/LL53,,,,,,,Gwynedd - Gwynedd,http://data.ordnancesurvey.co.uk/id/7000000000025483,http://data.ordnancesurvey.co.uk/ontology/admingeo/UnitaryAuthority,Wales,http://data.ordnancesurvey.co.uk/id/7000000000041424,Wales,http://data.ordnancesurvey.co.uk/id/country/wales,,,
osgb4000000074614021,http://data.ordnancesurvey.co.uk/id/4000000074614021,Carreg Gybi,,,,landform,Island,219010,325302,1000,800000,218761,325052,219261,325552,LL53,http://data.ordnancesurvey.co.uk/id/postcodedistrict/LL53,,,,,,,Gwynedd - Gwynedd,http://data.ordnancesurvey.co.uk/id/7000000000025483,http://data.ordnancesurvey.co.uk/ontology/admingeo/UnitaryAuthority,Wales,http://data.ordnancesurvey.co.uk/id/7000000000041424,Wales,http://data.ordnancesurvey.co.uk/id/country/wales,,,
osgb4000000074756237,http://data.ordnancesurvey.co.uk/id/4000000074756237,Wig Bach,,,,landcover,Beach,218632,325645,1000,100000,218383,325388,218883,325888,LL53,http://data.ordnancesurvey.co.uk/id/postcodedistrict/LL53,,,,,,,Gwynedd - Gwynedd,http://data.ordnancesurvey.co.uk/id/7000000000025483,http://data.ordnancesurvey.co.uk/ontology/admingeo/UnitaryAuthority,Wales,http://data.ordnancesurvey.co.uk/id/7000000000041424,Wales,http://data.ordnancesurvey.co.uk/id/country/wales,,,
osgb4000000074756375,http://data.ordnancesurvey.co.uk/id/4000000074756375,Garreg Felen,,,,landform,Other Coastal Landform,219585,334260,2000,50000,219383,334010,219883,334510,LL53,http://data.ordnancesurvey.co.uk/id/postcodedistrict/LL53,,,,,,,Gwynedd - Gwynedd,http://data.ordnancesurvey.co.uk/id/7000000000025483,http://data.ordnancesurvey.co.uk/ontology/admingeo/UnitaryAuthority,Wales,http://data.ordnancesurvey.co.uk/id/7000000000041424,Wales,http://data.ordnancesurvey.co.uk/id/country/wales,,,
osgb4000000074788088,http://data.ordnancesurvey.co.uk/id/4000000074788088,Henllwyn,,,,hydrography,Bay,211467,320895,2000,150000,211217,320646,211717,321146,LL53,http://data.ordnancesurvey.co.uk/id/postcodedistrict/LL53,,,,,,,Gwynedd - Gwynedd,http://data.ordnancesurvey.co.uk/id/7000000000025483,http://data.ordnancesurvey.co.uk/ontology/admingeo/UnitaryAuthority,Wales,http://data.ordnancesurvey.co.uk/id/7000000000041424,Wales,http://data.ordnancesurvey.co.uk/id/country/wales,,,
osgb4000000074798239,http://data.ordnancesurvey.co.uk/id/4000000074798239,Parwyd,,,,hydrography,Bay,215401,324269,2000,150000,215152,323992,215652,324492,LL53,http://data.ordnancesurvey.co.uk/id/postcodedistrict/LL53,,,,,,,Gwynedd - Gwynedd,http://data.ordnancesurvey.co.uk/id/7000000000025483,http://data.ordnancesurvey.co.uk/ontology/admingeo/UnitaryAuthority,Wales,http://data.ordnancesurvey.co.uk/id/7000000000041424,Wales,http://data.ordnancesurvey.co.uk/id/country/wales,,,
osgb4000000074610519,http://data.ordnancesurvey.co.uk/id/4000000074610519,Carreg Ddu,,,,landform,Island,214915,323956,1000,800000,214663,323706,215163,324206,LL53,http://data.ordnancesurvey.co.uk/id/postcodedistrict/LL53,,,,,,,Gwynedd - Gwynedd,http://data.ordnancesurvey.co.uk/id/7000000000025483,http://data.ordnancesurvey.co.uk/ontology/admingeo/UnitaryAuthority,Wales,http://data.ordnancesurvey.co.uk/id/7000000000041424,Wales,http://data.ordnancesurvey.co.uk/id/country/wales,,,
osgb4000000074756541,http://data.ordnancesurvey.co.uk/id/4000000074756541,Maen Du,,,,landform,Island,210987,320052,1000,800000,210737,319825,211237,320325,LL53,http://data.ordnancesurvey.co.uk/id/postcodedistrict/LL53,,,,,,,Gwynedd - Gwynedd,http://data.ordnancesurvey.co.uk/id/7000000000025483,http://data.ordnancesurvey.co.uk/ontology/admingeo/UnitaryAuthority,Wales,http://data.ordnancesurvey.co.uk/id/7000000000041424,Wales,http://data.ordnancesurvey.co.uk/id/country/wales,,,
osgb4000000074610892,http://data.ordnancesurvey.co.uk/id/4000000074610892,Carreg Ring Bach,,,,landform,Island,217293,326179,1000,800000,217044,325929,217544,326429,LL53,http://data.ordnancesurvey.co.uk/id/postcodedistrict/LL53,,,,,,,Gwynedd - Gwynedd,http://data.ordnancesurvey.co.uk/id/7000000000025483,http://data.ordnancesurvey.co.uk/ontology/admingeo/UnitaryAuthority,Wales,http://data.ordnancesurvey.co.uk/id/7000000000041424,Wales,http://data.ordnancesurvey.co.uk/id/country/wales,,,
osgb4000000074756240,http://data.ordnancesurvey.co.uk/id/4000000074756240,Trwyn Maen Melyn,,,,landform,Coastal Headland,213864,325229,2000,750000,213615,325013,214115,325513,LL53,http://data.ordnancesurvey.co.uk/id/postcodedistrict/LL53,,,,,,,Gwynedd - Gwynedd,http://data.ordnancesurvey.co.uk/id/7000000000025483,http://data.ordnancesurvey.co.uk/ontology/admingeo/UnitaryAuthority,Wales,http://data.ordnancesurvey.co.uk/id/7000000000041424,Wales,http://data.ordnancesurvey.co.uk/id/country/wales,,,
osgb4000000074788273,http://data.ordnancesurvey.co.uk/id/4000000074788273,Porth Llong,,,,hydrography,Bay,216588,330858,1000,150000,216329,330608,216829,331108,LL53,http://data.ordnancesurvey.co.uk/id/postcodedistrict/LL53,,,,,,,Gwynedd - Gwynedd,http://data.ordnancesurvey.co.uk/id/7000000000025483,http://data.ordnancesurvey.co.uk/ontology/admingeo/UnitaryAuthority,Wales,http://data.ordnancesurvey.co.uk/id/7000000000041424,Wales,http://data.ordnancesurvey.co.uk/id/country/wales,,,
osgb4000000074613857,http://data.ordnancesurvey.co.uk/id/4000000074613857,Ynys Piod,,,,landform,Island,216512,325671,1000,800000,216262,325422,216762,325922,LL53,http://data.ordnancesurvey.co.uk/id/postcodedistrict/LL53,,,,,,,Gwynedd - Gwynedd,http://data.ordnancesurvey.co.uk/id/7000000000025483,http://data.ordnancesurvey.co.uk/ontology/admingeo/UnitaryAuthority,Wales,http://data.ordnancesurvey.co.uk/id/7000000000041424,Wales,http://data.ordnancesurvey.co.uk/id/country/wales,,,
osgb4000000074788274,http://data.ordnancesurvey.co.uk/id/4000000074788274,Porth Llwynog,,,,hydrography,Bay,216506,331077,1000,150000,216257,330813,216757,331313,LL53,http://data.ordnancesurvey.co.uk/id/postcodedistrict/LL53,,,,,,,Gwynedd - Gwynedd,http://data.ordnancesurvey.co.uk/id/7000000000025483,http://data.ordnancesurvey.co.uk/ontology/admingeo/UnitaryAuthority,Wales,http://data.ordnancesurvey.co.uk/id/7000000000041424,Wales,http://data.ordnancesurvey.co.uk/id/country/wales,,,
osgb4000000074788385,http://data.ordnancesurvey.co.uk/id/4000000074788385,Porth Ysgyfarnog,,,,hydrography,Bay,216542,331254,1000,150000,216292,331005,216792,331505,LL53,http://data.ordnancesurvey.co.uk/id/postcodedistrict/LL53,,,,,,,Gwynedd - Gwynedd,http://data.ordnancesurvey.co.uk/id/7000000000025483,http://data.ordnancesurvey.co.uk/ontology/admingeo/UnitaryAuthority,Wales,http://data.ordnancesurvey.co.uk/id/7000000000041424,Wales,http://data.ordnancesurvey.co.uk/id/country/wales,,,
osgb4000000074756454,http://data.ordnancesurvey.co.uk/id/4000000074756454,Ffosnant,,,,landform,Other Coastal Landform,219066,334186,1000,50000,218840,333936,219340,334436,LL53,http://data.ordnancesurvey.co.uk/id/postcodedistrict/LL53,,,,,,,Gwynedd - Gwynedd,http://data.ordnancesurvey.co.uk/id/7000000000025483,http://data.ordnancesurvey.co.uk/ontology/admingeo/UnitaryAuthority,Wales,http://data.ordnancesurvey.co.uk/id/7000000000041424,Wales,http://data.ordnancesurvey.co.uk/id/country/wales,,,
osgb4000000074610889,http://data.ordnancesurvey.co.uk/id/4000000074610889,Carreg Chwislen,,,,landform,Island,219957,325798,1000,800000,219707,325549,220207,326049,LL53,http://data.ordnancesurvey.co.uk/id/postcodedistrict/LL53,,,,,,,Gwynedd - Gwynedd,http://data.ordnancesurvey.co.uk/id/7000000000025483,http://data.ordnancesurvey.co.uk/ontology/admingeo/UnitaryAuthority,Wales,http://data.ordnancesurvey.co.uk/id/7000000000041424,Wales,http://data.ordnancesurvey.co.uk/id/country/wales,,,
osgb4000000074761741,http://data.ordnancesurvey.co.uk/id/4000000074761741,Graig Ddu,,,,landform,Coastal Headland,216622,331428,1000,750000,216372,331194,216872,331694,LL53,http://data.ordnancesurvey.co.uk/id/postcodedistrict/LL53,,,,,,,Gwynedd - Gwynedd,http://data.ordnancesurvey.co.uk/id/7000000000025483,http://data.ordnancesurvey.co.uk/ontology/admingeo/UnitaryAuthority,Wales,http://data.ordnancesurvey.co.uk/id/7000000000041424,Wales,http://data.ordnancesurvey.co.uk/id/country/wales,,,
osgb4000000074788015,http://data.ordnancesurvey.co.uk/id/4000000074788015,Aberdaron Bay,,,,hydrography,Bay,217605,325163,20000,150000,215831,323975,218857,326351,LL53,http://data.ordnancesurvey.co.uk/id/postcodedistrict/LL53,,,,,,,Gwynedd - Gwynedd,http://data.ordnancesurvey.co.uk/id/7000000000025483,http://data.ordnancesurvey.co.uk/ontology/admingeo/UnitaryAuthority,Wales,http://data.ordnancesurvey.co.uk/id/7000000000041424,Wales,http://data.ordnancesurvey.co.uk/id/country/wales,,,
osgb4000000074788276,http://data.ordnancesurvey.co.uk/id/4000000074788276,Porth Lydan,,,,hydrography,Bay,219195,334262,1000,150000,218945,334007,219445,334507,LL53,http://data.ordnancesurvey.co.uk/id/postcodedistrict/LL53,,,,,,,Gwynedd - Gwynedd,http://data.ordnancesurvey.co.uk/id/7000000000025483,http://data.ordnancesurvey.co.uk/ontology/admingeo/UnitaryAuthority,Wales,http://data.ordnancesurvey.co.uk/id/7000000000041424,Wales,http://data.ordnancesurvey.co.uk/id/country/wales,,,
osgb4000000074798338,http://data.ordnancesurvey.co.uk/id/4000000074798338,Swnt Enlli,cym,Bardsey Sound,eng,hydrography,Sea,213703,323843,27000,12000000,211564,321771,215784,325915,LL53,http://data.ordnancesurvey.co.uk/id/postcodedistrict/LL53,,,,,,,Gwynedd - Gwynedd,http://data.ordnancesurvey.co.uk/id/7000000000025483,http://data.ordnancesurvey.co.uk/ontology/admingeo/UnitaryAuthority,Wales,http://data.ordnancesurvey.co.uk/id/7000000000041424,Wales,http://data.ordnancesurvey.co.uk/id/country/wales,,,
osgb4000000074761885,http://data.ordnancesurvey.co.uk/id/4000000074761885,Carreg Gyfrwy,,,,landform,Island,218101,326093,1000,800000,217851,325843,218351,326343,LL53,http://data.ordnancesurvey.co.uk/id/postcodedistrict/LL53,,,,,,,Gwynedd - Gwynedd,http://data.ordnancesurvey.co.uk/id/7000000000025483,http://data.ordnancesurvey.co.uk/ontology/admingeo/UnitaryAuthority,Wales,http://data.ordnancesurvey.co.uk/id/7000000000041424,Wales,http://data.ordnancesurvey.co.uk/id/country/wales,,,
osgb4000000074756680,http://data.ordnancesurvey.co.uk/id/4000000074756680,Trwyn Llanciau,,,,landform,Other Coastal Landform,210974,320535,1000,50000,210724,320275,211224,320775,LL53,http://data.ordnancesurvey.co.uk/id/postcodedistrict/LL53,,,,,,,Gwynedd - Gwynedd,http://data.ordnancesurvey.co.uk/id/7000000000025483,http://data.ordnancesurvey.co.uk/ontology/admingeo/UnitaryAuthority,Wales,http://data.ordnancesurvey.co.uk/id/7000000000041424,Wales,http://data.ordnancesurvey.co.uk/id/country/wales,,,
osgb4000000074788053,http://data.ordnancesurvey.co.uk/id/4000000074788053,Porth Cloch,,,,hydrography,Bay,216307,325040,1000,150000,216057,324776,216557,325276,LL53,http://data.ordnancesurvey.co.uk/id/postcodedistrict/LL53,,,,,,,Gwynedd - Gwynedd,http://data.ordnancesurvey.co.uk/id/7000000000025483,http://data.ordnancesurvey.co.uk/ontology/admingeo/UnitaryAuthority,Wales,http://data.ordnancesurvey.co.uk/id/7000000000041424,Wales,http://data.ordnancesurvey.co.uk/id/country/wales,,,
osgb4000000074720972,http://data.ordnancesurvey.co.uk/id/4000000074720972,Whistling Sands,,,,landcover,Beach,216622,329938,2000,100000,216373,329706,216873,330206,LL53,http://data.ordnancesurvey.co.uk/id/postcodedistrict/LL53,,,,,,,Gwynedd - Gwynedd,http://data.ordnancesurvey.co.uk/id/7000000000025483,http://data.ordnancesurvey.co.uk/ontology/admingeo/UnitaryAuthority,Wales,http://data.ordnancesurvey.co.uk/id/7000000000041424,Wales,http://data.ordnancesurvey.co.uk/id/country/wales,,,
osgb4000000074613598,http://data.ordnancesurvey.co.uk/id/4000000074613598,Bardsey Island,eng,Ynys Enlli,cym,landform,Island,211739,321807,17000,800000,210920,320063,212557,322665,LL53,http://data.ordnancesurvey.co.uk/id/postcodedistrict/LL53,,,,,,,Gwynedd - Gwynedd,http://data.ordnancesurvey.co.uk/id/7000000000025483,http://data.ordnancesurvey.co.uk/ontology/admingeo/UnitaryAuthority,Wales,http://data.ordnancesurvey.co.uk/id/7000000000041424,Wales,http://data.ordnancesurvey.co.uk/id/country/wales,,,
osgb4000000074756297,http://data.ordnancesurvey.co.uk/id/4000000074756297,Braich y Pwll,,,,landform,Coastal Headland,213600,325814,1000,750000,213347,325564,213847,326064,LL53,http://data.ordnancesurvey.co.uk/id/postcodedistrict/LL53,,,,,,,Gwynedd - Gwynedd,http://data.ordnancesurvey.co.uk/id/7000000000025483,http://data.ordnancesurvey.co.uk/ontology/admingeo/UnitaryAuthority,Wales,http://data.ordnancesurvey.co.uk/id/7000000000041424,Wales,http://data.ordnancesurvey.co.uk/id/country/wales,,,
osgb4000000074756761,http://data.ordnancesurvey.co.uk/id/4000000074756761,Trwyn y Gorlech,,,,landform,Coastal Headland,211928,322570,2000,750000,211669,322320,212169,322820,LL53,http://data.ordnancesurvey.co.uk/id/postcodedistrict/LL53,,,,,,,Gwynedd - Gwynedd,http://data.ordnancesurvey.co.uk/id/7000000000025483,http://data.ordnancesurvey.co.uk/ontology/admingeo/UnitaryAuthority,Wales,http://data.ordnancesurvey.co.uk/id/7000000000041424,Wales,http://data.ordnancesurvey.co.uk/id/country/wales,,,
osgb4000000074788234,http://data.ordnancesurvey.co.uk/id/4000000074788234,Porth Llanllawen,,,,hydrography,Bay,214515,326839,4000,150000,214266,326463,214766,327029,LL53,http://data.ordnancesurvey.co.uk/id/postcodedistrict/LL53,,,,,,,Gwynedd - Gwynedd,http://data.ordnancesurvey.co.uk/id/7000000000025483,http://data.ordnancesurvey.co.uk/ontology/admingeo/UnitaryAuthority,Wales,http://data.ordnancesurvey.co.uk/id/7000000000041424,Wales,http://data.ordnancesurvey.co.uk/id/country/wales,,,
osgb4000000074756239,http://data.ordnancesurvey.co.uk/id/4000000074756239,Trwyn Cam,,,,landform,Other Coastal Landform,216639,326039,1000,50000,216390,325764,216890,326264,LL53,http://data.ordnancesurvey.co.uk/id/postcodedistrict/LL53,,,,,,,Gwynedd - Gwynedd,http://data.ordnancesurvey.co.uk/id/7000000000025483,http://data.ordnancesurvey.co.uk/ontology/admingeo/UnitaryAuthority,Wales,http://data.ordnancesurvey.co.uk/id/7000000000041424,Wales,http://data.ordnancesurvey.co.uk/id/country/wales,,,
osgb4000000074756300,http://data.ordnancesurvey.co.uk/id/4000000074756300,Trwyn Glas,,,,landform,Coastal Headland,216499,330962,1000,750000,216249,330712,216749,331212,LL53,http://data.ordnancesurvey.co.uk/id/postcodedistrict/LL53,,,,,,,Gwynedd - Gwynedd,http://data.ordnancesurvey.co.uk/id/7000000000025483,http://data.ordnancesurvey.co.uk/ontology/admingeo/UnitaryAuthority,Wales,http://data.ordnancesurvey.co.uk/id/7000000000041424,Wales,http://data.ordnancesurvey.co.uk/id/country/wales,,,
osgb4000000074761738,http://data.ordnancesurvey.co.uk/id/4000000074761738,Briw Cerrig,,,,landform,Other Coastal Landform,212556,321809,1000,50000,212306,321560,212806,322060,LL53,http://data.ordnancesurvey.co.uk/id/postcodedistrict/LL53,,,,,,,Gwynedd - Gwynedd,http://data.ordnancesurvey.co.uk/id/7000000000025483,http://data.ordnancesurvey.co.uk/ontology/admingeo/UnitaryAuthority,Wales,http://data.ordnancesurvey.co.uk/id/7000000000041424,Wales,http://data.ordnancesurvey.co.uk/id/country/wales,,,
osgb4000000074793700,http://data.ordnancesurvey.co.uk/id/4000000074793700,Pwll Bron-llŵyn,,,,hydrography,Inland Water,214815,325901,1000,500000,214565,325645,215065,326145,LL53,http://data.ordnancesurvey.co.uk/id/postcodedistrict/LL53,,,,,,,Gwynedd - Gwynedd,http://data.ordnancesurvey.co.uk/id/7000000000025483,http://data.ordnancesurvey.co.uk/ontology/admingeo/UnitaryAuthority,Wales,http://data.ordnancesurvey.co.uk/id/7000000000041424,Wales,http://data.ordnancesurvey.co.uk/id/country/wales,,,
osgb4000000074756024,http://data.ordnancesurvey.co.uk/id/4000000074756024,Penrhyn Gogor,,,,landform,Coastal Headland,211612,322514,2000,750000,211363,322265,211863,322765,LL53,http://data.ordnancesurvey.co.uk/id/postcodedistrict/LL53,,,,,,,Gwynedd - Gwynedd,http://data.ordnancesurvey.co.uk/id/7000000000025483,http://data.ordnancesurvey.co.uk/ontology/admingeo/UnitaryAuthority,Wales,http://data.ordnancesurvey.co.uk/id/7000000000041424,Wales,http://data.ordnancesurvey.co.uk/id/country/wales,,,
osgb4000000074756171,http://data.ordnancesurvey.co.uk/id/4000000074756171,Trwyn y Penrhyn,,,,landform,Coastal Headland,218616,325331,1000,750000,218366,325103,218866,325603,LL53,http://data.ordnancesurvey.co.uk/id/postcodedistrict/LL53,,,,,,,Gwynedd - Gwynedd,http://data.ordnancesurvey.co.uk/id/7000000000025483,http://data.ordnancesurvey.co.uk/ontology/admingeo/UnitaryAuthority,Wales,http://data.ordnancesurvey.co.uk/id/7000000000041424,Wales,http://data.ordnancesurvey.co.uk/id/country/wales,,,
osgb4000000074798155,http://data.ordnancesurvey.co.uk/id/4000000074798155,Porth Wen Bach,,,,hydrography,Tidal Water,218900,333749,1000,150000,218650,333505,219150,334005,LL53,http://data.ordnancesurvey.co.uk/id/postcodedistrict/LL53,,,,,,,Gwynedd - Gwynedd,http://data.ordnancesurvey.co.uk/id/7000000000025483,http://data.ordnancesurvey.co.uk/ontology/admingeo/UnitaryAuthority,Wales,http://data.ordnancesurvey.co.uk/id/7000000000041424,Wales,http://data.ordnancesurvey.co.uk/id/country/wales,,,
osgb4000000074790205,http://data.ordnancesurvey.co.uk/id/4000000074790205,Porth Tŷ-mawr,,,,hydrography,Bay,218822,333065,2000,150000,218572,332796,219072,333296,LL53,http://data.ordnancesurvey.co.uk/id/postcodedistrict/LL53,,,,,,,Gwynedd - Gwynedd,http://data.ordnancesurvey.co.uk/id/7000000000025483,http://data.ordnancesurvey.co.uk/ontology/admingeo/UnitaryAuthority,Wales,http://data.ordnancesurvey.co.uk/id/7000000000041424,Wales,http://data.ordnancesurvey.co.uk/id/country/wales,,,
osgb4000000074756094,http://data.ordnancesurvey.co.uk/id/4000000074756094,Maen Llwyd,,,,landform,Other Coastal Landform,215478,324184,1000,20000,215228,323934,215728,324434,LL53,http://data.ordnancesurvey.co.uk/id/postcodedistrict/LL53,,,,,,,Gwynedd - Gwynedd,http://data.ordnancesurvey.co.uk/id/7000000000025483,http://data.ordnancesurvey.co.uk/ontology/admingeo/UnitaryAuthority,Wales,http://data.ordnancesurvey.co.uk/id/7000000000041424,Wales,http://data.ordnancesurvey.co.uk/id/country/wales,,,
osgb5000005225837257,http://data.ordnancesurvey.co.uk/id/5000005225837257,Bardsey Island Landing Stage,,,,transportNetwork,Passenger Ferry Terminal,211582,321056,1000,50000,211332,320805,211832,321305,LL53,http://data.ordnancesurvey.co.uk/id/postcodedistrict/LL53,,,,,,,Gwynedd - Gwynedd,http://data.ordnancesurvey.co.uk/id/7000000000025483,http://data.ordnancesurvey.co.uk/ontology/admingeo/UnitaryAuthority,Wales,http://data.ordnancesurvey.co.uk/id/7000000000041424,Wales,http://data.ordnancesurvey.co.uk/id/country/wales,,,
osgb4000000074798339,http://data.ordnancesurvey.co.uk/id/4000000074798339,Porth Widlin,,,,hydrography,Bay,218288,332539,3000,150000,218036,332290,218564,332790,LL53,http://data.ordnancesurvey.co.uk/id/postcodedistrict/LL53,,,,,,,Gwynedd - Gwynedd,http://data.ordnancesurvey.co.uk/id/7000000000025483,http://data.ordnancesurvey.co.uk/ontology/admingeo/UnitaryAuthority,Wales,http://data.ordnancesurvey.co.uk/id/7000000000041424,Wales,http://data.ordnancesurvey.co.uk/id/country/wales,,,
osgb4000000074613858,http://data.ordnancesurvey.co.uk/id/4000000074613858,Carreg Wystrys,,,,landform,Island,217167,326169,1000,800000,216917,325919,217417,326419,LL53,http://data.ordnancesurvey.co.uk/id/postcodedistrict/LL53,,,,,,,Gwynedd - Gwynedd,http://data.ordnancesurvey.co.uk/id/7000000000025483,http://data.ordnancesurvey.co.uk/ontology/admingeo/UnitaryAuthority,Wales,http://data.ordnancesurvey.co.uk/id/7000000000041424,Wales,http://data.ordnancesurvey.co.uk/id/country/wales,,,
osgb4000000074798154,http://data.ordnancesurvey.co.uk/id/4000000074798154,Porth Oer,,,,hydrography,Bay,216520,330050,3000,150000,216270,329807,216770,330339,LL53,http://data.ordnancesurvey.co.uk/id/postcodedistrict/LL53,,,,,,,Gwynedd - Gwynedd,http://data.ordnancesurvey.co.uk/id/7000000000025483,http://data.ordnancesurvey.co.uk/ontology/admingeo/UnitaryAuthority,Wales,http://data.ordnancesurvey.co.uk/id/7000000000041424,Wales,http://data.ordnancesurvey.co.uk/id/country/wales,,,
osgb4000000074617125,http://data.ordnancesurvey.co.uk/id/4000000074617125,Mynydd Enlli,,,,landform,Hill Or Mountain,212310,321936,1000,300000,212060,321686,212560,322186,LL53,http://data.ordnancesurvey.co.uk/id/postcodedistrict/LL53,,,,,,,Gwynedd - Gwynedd,http://data.ordnancesurvey.co.uk/id/7000000000025483,http://data.ordnancesurvey.co.uk/ontology/admingeo/UnitaryAuthority,Wales,http://data.ordnancesurvey.co.uk/id/7000000000041424,Wales,http://data.ordnancesurvey.co.uk/id/country/wales,,,
osgb4000000074756372,http://data.ordnancesurvey.co.uk/id/4000000074756372,Carreg y Defaid,,,,landform,Other Coastal Landform,219434,334335,2000,50000,219138,334085,219638,334585,LL53,http://data.ordnancesurvey.co.uk/id/postcodedistrict/LL53,,,,,,,Gwynedd - Gwynedd,http://data.ordnancesurvey.co.uk/id/7000000000025483,http://data.ordnancesurvey.co.uk/ontology/admingeo/UnitaryAuthority,Wales,http://data.ordnancesurvey.co.uk/id/7000000000041424,Wales,http://data.ordnancesurvey.co.uk/id/country/wales,,,
osgb4000000074788052,http://data.ordnancesurvey.co.uk/id/4000000074788052,Porth y Pistyll,,,,hydrography,Bay,216138,324761,1000,150000,215889,324511,216389,325011,LL53,http://data.ordnancesurvey.co.uk/id/postcodedistrict/LL53,,,,,,,Gwynedd - Gwynedd,http://data.ordnancesurvey.co.uk/id/7000000000025483,http://data.ordnancesurvey.co.uk/ontology/admingeo/UnitaryAuthority,Wales,http://data.ordnancesurvey.co.uk/id/7000000000041424,Wales,http://data.ordnancesurvey.co.uk/id/country/wales,,,
osgb4000000074788384,http://data.ordnancesurvey.co.uk/id/4000000074788384,Porth Bach,,,,hydrography,Bay,217317,332079,1000,150000,217071,331829,217571,332329,LL53,http://data.ordnancesurvey.co.uk/id/postcodedistrict/LL53,,,,,,,Gwynedd - Gwynedd,http://data.ordnancesurvey.co.uk/id/7000000000025483,http://data.ordnancesurvey.co.uk/ontology/admingeo/UnitaryAuthority,Wales,http://data.ordnancesurvey.co.uk/id/7000000000041424,Wales,http://data.ordnancesurvey.co.uk/id/country/wales,,,
osgb4000000074756681,http://data.ordnancesurvey.co.uk/id/4000000074756681,Trwyn Dihiryn,,,,landform,Other Coastal Landform,211222,321170,1000,50000,210972,320927,211472,321427,LL53,http://data.ordnancesurvey.co.uk/id/postcodedistrict/LL53,,,,,,,Gwynedd - Gwynedd,http://data.ordnancesurvey.co.uk/id/7000000000025483,http://data.ordnancesurvey.co.uk/ontology/admingeo/UnitaryAuthority,Wales,http://data.ordnancesurvey.co.uk/id/7000000000041424,Wales,http://data.ordnancesurvey.co.uk/id/country/wales,,,
osgb4000000074596372,http://data.ordnancesurvey.co.uk/id/4000000074596372,Maen Du,,,,landform,Other Coastal Landform,214032,326297,1000,50000,213798,326047,214298,326547,LL53,http://data.ordnancesurvey.co.uk/id/postcodedistrict/LL53,,,,,,,Gwynedd - Gwynedd,http://data.ordnancesurvey.co.uk/id/7000000000025483,http://data.ordnancesurvey.co.uk/ontology/admingeo/UnitaryAuthority,Wales,http://data.ordnancesurvey.co.uk/id/7000000000041424,Wales,http://data.ordnancesurvey.co.uk/id/country/wales,,,
osgb4000000074756607,http://data.ordnancesurvey.co.uk/id/4000000074756607,Pen Diban,,,,landform,Other Coastal Landform,211119,320176,1000,50000,210874,319926,211374,320426,LL53,http://data.ordnancesurvey.co.uk/id/postcodedistrict/LL53,,,,,,,Gwynedd - Gwynedd,http://data.ordnancesurvey.co.uk/id/7000000000025483,http://data.ordnancesurvey.co.uk/ontology/admingeo/UnitaryAuthority,Wales,http://data.ordnancesurvey.co.uk/id/7000000000041424,Wales,http://data.ordnancesurvey.co.uk/id/country/wales,,,
osgb4000000074788275,http://data.ordnancesurvey.co.uk/id/4000000074788275,Porth Tŷ-llwyd,,,,hydrography,Bay,218879,333377,1000,150000,218629,333130,219129,333630,LL53,http://data.ordnancesurvey.co.uk/id/postcodedistrict/LL53,,,,,,,Gwynedd - Gwynedd,http://data.ordnancesurvey.co.uk/id/7000000000025483,http://data.ordnancesurvey.co.uk/ontology/admingeo/UnitaryAuthority,Wales,http://data.ordnancesurvey.co.uk/id/7000000000041424,Wales,http://data.ordnancesurvey.co.uk/id/country/wales,,,
LL538BP,http://data.ordnancesurvey.co.uk/id/postcodeunit/LL538BP,LL53 8BP,,,,other,Postcode,217153,326702,3500,18000,,,,,,,Aberdaron,http://data.ordnancesurvey.co.uk/id/4000000074564453,http://www.ordnancesurvey.co.uk/xml/codelists/localtype.xml#village,,,,Gwynedd - Gwynedd,http://data.ordnancesurvey.co.uk/id/7000000000025483,http://data.ordnancesurvey.co.uk/ontology/admingeo/UnitaryAuthority,Wales,http://data.ordnancesurvey.co.uk/id/7000000000041424,Wales,http://data.ordnancesurvey.co.uk/id/country/wales,,,
osgb4000000073306644,http://data.ordnancesurvey.co.uk/id/4000000073306644,Ysgol Crud Y Werin,,,,other,Primary Education,217382,326796,1000,50000,217132,326546,217632,327046,LL53,http://data.ordnancesurvey.co.uk/id/postcodedistrict/LL53,Aberdaron,http://data.ordnancesurvey.co.uk/id/4000000074564453,http://www.ordnancesurvey.co.uk/xml/codelists/localtype.xml#village,,,,Gwynedd - Gwynedd,http://data.ordnancesurvey.co.uk/id/7000000000025483,http://data.ordnancesurvey.co.uk/ontology/admingeo/UnitaryAuthority,Wales,http://data.ordnancesurvey.co.uk/id/7000000000041424,Wales,http://data.ordnancesurvey.co.uk/id/country/wales,,,
osgb4000000073306643,http://data.ordnancesurvey.co.uk/id/4000000073306643,Ysgol Llidiardau,,,,other,Primary Education,219125,329220,1000,50000,218875,328970,219375,329470,LL53,http://data.ordnancesurvey.co.uk/id/postcodedistrict/LL53,Rhoshirwaun,http://data.ordnancesurvey.co.uk/id/4000000074564452,http://www.ordnancesurvey.co.uk/xml/codelists/localtype.xml#village,,,,Gwynedd - Gwynedd,http://data.ordnancesurvey.co.uk/id/7000000000025483,http://data.ordnancesurvey.co.uk/ontology/admingeo/UnitaryAuthority,Wales,http://data.ordnancesurvey.co.uk/id/7000000000041424,Wales,http://data.ordnancesurvey.co.uk/id/country/wales,,,
LL538NT,http://data.ordnancesurvey.co.uk/id/postcodeunit/LL538NT,LL53 8NT,,,,other,Postcode,219835,333653,3500,18000,,,,,,,Morfa,http://data.ordnancesurvey.co.uk/id/4000000074321036,http://www.ordnancesurvey.co.uk/xml/codelists/localtype.xml#hamlet,,,,Gwynedd - Gwynedd,http://data.ordnancesurvey.co.uk/id/7000000000025483,http://data.ordnancesurvey.co.uk/ontology/admingeo/UnitaryAuthority,Wales,http://data.ordnancesurvey.co.uk/id/7000000000041424,Wales,http://data.ordnancesurvey.co.uk/id/country/wales,,,
