osgb4000000074813645,http://data.ordnancesurvey.co.uk/id/4000000074813645,St Petrox,,,,populatedPlace,Hamlet,197007,197535,5000,25000,196963,197330,197465,197830,SA71,http://data.ordnancesurvey.co.uk/id/postcodedistrict/SA71,,,,,,,Sir Benfro - Pembrokeshire,http://data.ordnancesurvey.co.uk/id/7000000000025490,http://data.ordnancesurvey.co.uk/ontology/admingeo/UnitaryAuthority,Wales,http://data.ordnancesurvey.co.uk/id/7000000000041424,Wales,http://data.ordnancesurvey.co.uk/id/country/wales,,,
osgb4000000074541314,http://data.ordnancesurvey.co.uk/id/4000000074541314,Warren,,,,populatedPlace,Hamlet,192926,197852,5000,25000,192657,197431,193396,197931,SA71,http://data.ordnancesurvey.co.uk/id/postcodedistrict/SA71,,,,,,,Sir Benfro - Pembrokeshire,http://data.ordnancesurvey.co.uk/id/7000000000025490,http://data.ordnancesurvey.co.uk/ontology/admingeo/UnitaryAuthority,Wales,http://data.ordnancesurvey.co.uk/id/7000000000041424,Wales,http://data.ordnancesurvey.co.uk/id/country/wales,,,http://sws.geonames.org/2634746
osgb4000000074550528,http://data.ordnancesurvey.co.uk/id/4000000074550528,Bosherston,,,,populatedPlace,Village,196578,194586,3000,250000,196312,194468,196817,194968,SA71,http://data.ordnancesurvey.co.uk/id/postcodedistrict/SA71,,,,,,,Sir Benfro - Pembrokeshire,http://data.ordnancesurvey.co.uk/id/7000000000025490,http://data.ordnancesurvey.co.uk/ontology/admingeo/UnitaryAuthority,Wales,http://data.ordnancesurvey.co.uk/id/7000000000041424,Wales,http://data.ordnancesurvey.co.uk/id/country/wales,,,http://sws.geonames.org/2655142
osgb4000000074550905,http://data.ordnancesurvey.co.uk/id/4000000074550905,St Twynnells,,,,populatedPlace,Village,194924,197624,3000,250000,194723,197364,195223,197864,SA71,http://data.ordnancesurvey.co.uk/id/postcodedistrict/SA71,,,,,,,Sir Benfro - Pembrokeshire,http://data.ordnancesurvey.co.uk/id/7000000000025490,http://data.ordnancesurvey.co.uk/ontology/admingeo/UnitaryAuthority,Wales,http://data.ordnancesurvey.co.uk/id/7000000000041424,Wales,http://data.ordnancesurvey.co.uk/id/country/wales,,,
osgb4000000074550530,http://data.ordnancesurvey.co.uk/id/4000000074550530,Maiden Wells,,,,populatedPlace,Village,197146,199560,4000,250000,196870,199310,197463,199837,SA71,http://data.ordnancesurvey.co.uk/id/postcodedistrict/SA71,,,,,,,Sir Benfro - Pembrokeshire,http://data.ordnancesurvey.co.uk/id/7000000000025490,http://data.ordnancesurvey.co.uk/ontology/admingeo/UnitaryAuthority,Wales,http://data.ordnancesurvey.co.uk/id/7000000000041424,Wales,http://data.ordnancesurvey.co.uk/id/country/wales,,,
osgb4000000074550531,http://data.ordnancesurvey.co.uk/id/4000000074550531,Chapel Hill,,,,populatedPlace,Hamlet,195760,198106,5000,25000,195510,197852,196010,198352,SA71,http://data.ordnancesurvey.co.uk/id/postcodedistrict/SA71,,,,,,,Sir Benfro - Pembrokeshire,http://data.ordnancesurvey.co.uk/id/7000000000025490,http://data.ordnancesurvey.co.uk/ontology/admingeo/UnitaryAuthority,Wales,http://data.ordnancesurvey.co.uk/id/7000000000041424,Wales,http://data.ordnancesurvey.co.uk/id/country/wales,,,
osgb4000000074550906,http://data.ordnancesurvey.co.uk/id/4000000074550906,Castlemartin,,,,populatedPlace,Village,191261,198458,7000,250000,190652,198168,191717,198865,SA71,http://data.ordnancesurvey.co.uk/id/postcodedistrict/SA71,,,,,,,Sir Benfro - Pembrokeshire,http://data.ordnancesurvey.co.uk/id/7000000000025490,http://data.ordnancesurvey.co.uk/ontology/admingeo/UnitaryAuthority,Wales,http://data.ordnancesurvey.co.uk/id/7000000000041424,Wales,http://data.ordnancesurvey.co.uk/id/country/wales,,,http://sws.geonames.org/2653568
osgb4000000074550904,http://data.ordnancesurvey.co.uk/id/4000000074550904,Merrion,,,,populatedPlace,Other Settlement,193767,196987,15000,25000,193406,196463,194606,197313,SA71,http://data.ordnancesurvey.co.uk/id/postcodedistrict/SA71,,,,,,,Sir Benfro - Pembrokeshire,http://data.ordnancesurvey.co.uk/id/7000000000025490,http://data.ordnancesurvey.co.uk/ontology/admingeo/UnitaryAuthority,Wales,http://data.ordnancesurvey.co.uk/id/7000000000041424,Wales,http://data.ordnancesurvey.co.uk/id/country/wales,,,http://sws.geonames.org/3345121
osgb4000000074550529,http://data.ordnancesurvey.co.uk/id/4000000074550529,Stackpole Elidor,eng,Cheriton,eng,populatedPlace,Hamlet,198855,197272,5000,25000,198588,197043,199282,197543,SA71,http://data.ordnancesurvey.co.uk/id/postcodedistrict/SA71,,,,,,,Sir Benfro - Pembrokeshire,http://data.ordnancesurvey.co.uk/id/7000000000025490,http://data.ordnancesurvey.co.uk/ontology/admingeo/UnitaryAuthority,Wales,http://data.ordnancesurvey.co.uk/id/7000000000041424,Wales,http://data.ordnancesurvey.co.uk/id/country/wales,,,http://sws.geonames.org/2653248
osgb4000000074550527,http://data.ordnancesurvey.co.uk/id/4000000074550527,Stackpole,,,,populatedPlace,Village,198358,196370,3000,250000,198045,196113,198577,196649,SA71,http://data.ordnancesurvey.co.uk/id/postcodedistrict/SA71,,,,,,,Sir Benfro - Pembrokeshire,http://data.ordnancesurvey.co.uk/id/7000000000025490,http://data.ordnancesurvey.co.uk/ontology/admingeo/UnitaryAuthority,Wales,http://data.ordnancesurvey.co.uk/id/7000000000041424,Wales,http://data.ordnancesurvey.co.uk/id/country/wales,,,http://sws.geonames.org/2637151
SA715HJ,http://data.ordnancesurvey.co.uk/id/postcodeunit/SA715HJ,SA71 5HJ,,,,other,Postcode,191398,198299,3500,18000,,,,,,,Castlemartin,http://data.ordnancesurvey.co.uk/id/4000000074550906,http://www.ordnancesurvey.co.uk/xml/codelists/localtype.xml#village,,,,Sir Benfro - Pembrokeshire,http://data.ordnancesurvey.co.uk/id/7000000000025490,http://data.ordnancesurvey.co.uk/ontology/admingeo/UnitaryAuthority,Wales,http://data.ordnancesurvey.co.uk/id/7000000000041424,Wales,http://data.ordnancesurvey.co.uk/id/country/wales,,,
SA715HH,http://data.ordnancesurvey.co.uk/id/postcodeunit/SA715HH,SA71 5HH,,,,other,Postcode,191504,198281,3500,18000,,,,,,,Castlemartin,http://data.ordnancesurvey.co.uk/id/4000000074550906,http://www.ordnancesurvey.co.uk/xml/codelists/localtype.xml#village,,,,Sir Benfro - Pembrokeshire,http://data.ordnancesurvey.co.uk/id/7000000000025490,http://data.ordnancesurvey.co.uk/ontology/admingeo/UnitaryAuthority,Wales,http://data.ordnancesurvey.co.uk/id/7000000000041424,Wales,http://data.ordnancesurvey.co.uk/id/country/wales,,,
SA715RA,http://data.ordnancesurvey.co.uk/id/postcodeunit/SA715RA,SA71 5RA,,,,other,Postcode,195236,199991,3500,18000,,,,,,,,,,,,,Sir Benfro - Pembrokeshire,http://data.ordnancesurvey.co.uk/id/7000000000025490,http://data.ordnancesurvey.co.uk/ontology/admingeo/UnitaryAuthority,Wales,http://data.ordnancesurvey.co.uk/id/7000000000041424,Wales,http://data.ordnancesurvey.co.uk/id/country/wales,,,
SA715HB,http://data.ordnancesurvey.co.uk/id/postcodeunit/SA715HB,SA71 5HB,,,,other,Postcode,193691,199059,3500,18000,,,,,,,,,,,,,Sir Benfro - Pembrokeshire,http://data.ordnancesurvey.co.uk/id/7000000000025490,http://data.ordnancesurvey.co.uk/ontology/admingeo/UnitaryAuthority,Wales,http://data.ordnancesurvey.co.uk/id/7000000000041424,Wales,http://data.ordnancesurvey.co.uk/id/country/wales,,,
SA715HE,http://data.ordnancesurvey.co.uk/id/postcodeunit/SA715HE,SA71 5HE,,,,other,Postcode,191586,198422,3500,18000,,,,,,,Castlemartin,http://data.ordnancesurvey.co.uk/id/4000000074550906,http://www.ordnancesurvey.co.uk/xml/codelists/localtype.xml#village,,,,Sir Benfro - Pembrokeshire,http://data.ordnancesurvey.co.uk/id/7000000000025490,http://data.ordnancesurvey.co.uk/ontology/admingeo/UnitaryAuthority,Wales,http://data.ordnancesurvey.co.uk/id/7000000000041424,Wales,http://data.ordnancesurvey.co.uk/id/country/wales,,,
SA715RX,http://data.ordnancesurvey.co.uk/id/postcodeunit/SA715RX,SA71 5RX,,,,other,Postcode,193690,199984,3500,18000,,,,,,,,,,,,,Sir Benfro - Pembrokeshire,http://data.ordnancesurvey.co.uk/id/7000000000025490,http://data.ordnancesurvey.co.uk/ontology/admingeo/UnitaryAuthority,Wales,http://data.ordnancesurvey.co.uk/id/7000000000041424,Wales,http://data.ordnancesurvey.co.uk/id/country/wales,,,
SA715DL,http://data.ordnancesurvey.co.uk/id/postcodeunit/SA715DL,SA71 5DL,,,,other,Postcode,196813,196491,3500,18000,,,,,,,,,,,,,Sir Benfro - Pembrokeshire,http://data.ordnancesurvey.co.uk/id/7000000000025490,http://data.ordnancesurvey.co.uk/ontology/admingeo/UnitaryAuthority,Wales,http://data.ordnancesurvey.co.uk/id/7000000000041424,Wales,http://data.ordnancesurvey.co.uk/id/country/wales,,,
SA715ES,http://data.ordnancesurvey.co.uk/id/postcodeunit/SA715ES,SA71 5ES,,,,other,Postcode,197220,199644,3500,18000,,,,,,,Maiden Wells,http://data.ordnancesurvey.co.uk/id/4000000074550530,http://www.ordnancesurvey.co.uk/xml/codelists/localtype.xml#village,,,,Sir Benfro - Pembrokeshire,http://data.ordnancesurvey.co.uk/id/7000000000025490,http://data.ordnancesurvey.co.uk/ontology/admingeo/UnitaryAuthority,Wales,http://data.ordnancesurvey.co.uk/id/7000000000041424,Wales,http://data.ordnancesurvey.co.uk/id/country/wales,,,
SA715DG,http://data.ordnancesurvey.co.uk/id/postcodeunit/SA715DG,SA71 5DG,,,,other,Postcode,197306,195611,3500,18000,,,,,,,,,,,,,Sir Benfro - Pembrokeshire,http://data.ordnancesurvey.co.uk/id/7000000000025490,http://data.ordnancesurvey.co.uk/ontology/admingeo/UnitaryAuthority,Wales,http://data.ordnancesurvey.co.uk/id/7000000000041424,Wales,http://data.ordnancesurvey.co.uk/id/country/wales,,,
SA715BZ,http://data.ordnancesurvey.co.uk/id/postcodeunit/SA715BZ,SA71 5BZ,,,,other,Postcode,198848,197246,3500,18000,,,,,,,Stackpole Elidor / Cheriton,http://data.ordnancesurvey.co.uk/id/4000000074550529,http://www.ordnancesurvey.co.uk/xml/codelists/localtype.xml#hamlet,,,,Sir Benfro - Pembrokeshire,http://data.ordnancesurvey.co.uk/id/7000000000025490,http://data.ordnancesurvey.co.uk/ontology/admingeo/UnitaryAuthority,Wales,http://data.ordnancesurvey.co.uk/id/7000000000041424,Wales,http://data.ordnancesurvey.co.uk/id/country/wales,,,
SA715EW,http://data.ordnancesurvey.co.uk/id/postcodeunit/SA715EW,SA71 5EW,,,,other,Postcode,197374,199818,3500,18000,,,,,,,Maiden Wells,http://data.ordnancesurvey.co.uk/id/4000000074550530,http://www.ordnancesurvey.co.uk/xml/codelists/localtype.xml#village,,,,Sir Benfro - Pembrokeshire,http://data.ordnancesurvey.co.uk/id/7000000000025490,http://data.ordnancesurvey.co.uk/ontology/admingeo/UnitaryAuthority,Wales,http://data.ordnancesurvey.co.uk/id/7000000000041424,Wales,http://data.ordnancesurvey.co.uk/id/country/wales,,,
SA715HX,http://data.ordnancesurvey.co.uk/id/postcodeunit/SA715HX,SA71 5HX,,,,other,Postcode,194929,197676,3500,18000,,,,,,,St Twynnells,http://data.ordnancesurvey.co.uk/id/4000000074550905,http://www.ordnancesurvey.co.uk/xml/codelists/localtype.xml#village,,,,Sir Benfro - Pembrokeshire,http://data.ordnancesurvey.co.uk/id/7000000000025490,http://data.ordnancesurvey.co.uk/ontology/admingeo/UnitaryAuthority,Wales,http://data.ordnancesurvey.co.uk/id/7000000000041424,Wales,http://data.ordnancesurvey.co.uk/id/country/wales,,,
SA715QX,http://data.ordnancesurvey.co.uk/id/postcodeunit/SA715QX,SA71 5QX,,,,other,Postcode,195887,199886,3500,18000,,,,,,,,,,,,,Sir Benfro - Pembrokeshire,http://data.ordnancesurvey.co.uk/id/7000000000025490,http://data.ordnancesurvey.co.uk/ontology/admingeo/UnitaryAuthority,Wales,http://data.ordnancesurvey.co.uk/id/7000000000041424,Wales,http://data.ordnancesurvey.co.uk/id/country/wales,,,
SA715DH,http://data.ordnancesurvey.co.uk/id/postcodeunit/SA715DH,SA71 5DH,,,,other,Postcode,197179,195225,3500,18000,,,,,,,,,,,,,Sir Benfro - Pembrokeshire,http://data.ordnancesurvey.co.uk/id/7000000000025490,http://data.ordnancesurvey.co.uk/ontology/admingeo/UnitaryAuthority,Wales,http://data.ordnancesurvey.co.uk/id/7000000000041424,Wales,http://data.ordnancesurvey.co.uk/id/country/wales,,,
SA715DA,http://data.ordnancesurvey.co.uk/id/postcodeunit/SA715DA,SA71 5DA,,,,other,Postcode,198437,196459,3500,18000,,,,,,,Stackpole,http://data.ordnancesurvey.co.uk/id/4000000074550527,http://www.ordnancesurvey.co.uk/xml/codelists/localtype.xml#village,,,,Sir Benfro - Pembrokeshire,http://data.ordnancesurvey.co.uk/id/7000000000025490,http://data.ordnancesurvey.co.uk/ontology/admingeo/UnitaryAuthority,Wales,http://data.ordnancesurvey.co.uk/id/7000000000041424,Wales,http://data.ordnancesurvey.co.uk/id/country/wales,,,
SA715EH,http://data.ordnancesurvey.co.uk/id/postcodeunit/SA715EH,SA71 5EH,,,,other,Postcode,197095,198804,3500,18000,,,,,,,,,,,,,Sir Benfro - Pembrokeshire,http://data.ordnancesurvey.co.uk/id/7000000000025490,http://data.ordnancesurvey.co.uk/ontology/admingeo/UnitaryAuthority,Wales,http://data.ordnancesurvey.co.uk/id/7000000000041424,Wales,http://data.ordnancesurvey.co.uk/id/country/wales,,,
SA715HT,http://data.ordnancesurvey.co.uk/id/postcodeunit/SA715HT,SA71 5HT,,,,other,Postcode,193748,197091,3500,18000,,,,,,,Merrion,http://data.ordnancesurvey.co.uk/id/4000000074550904,http://www.ordnancesurvey.co.uk/xml/codelists/localtype.xml#otherSettlement,,,,Sir Benfro - Pembrokeshire,http://data.ordnancesurvey.co.uk/id/7000000000025490,http://data.ordnancesurvey.co.uk/ontology/admingeo/UnitaryAuthority,Wales,http://data.ordnancesurvey.co.uk/id/7000000000041424,Wales,http://data.ordnancesurvey.co.uk/id/country/wales,,,
SA715BX,http://data.ordnancesurvey.co.uk/id/postcodeunit/SA715BX,SA71 5BX,,,,other,Postcode,197378,196912,3500,18000,,,,,,,,,,,,,Sir Benfro - Pembrokeshire,http://data.ordnancesurvey.co.uk/id/7000000000025490,http://data.ordnancesurvey.co.uk/ontology/admingeo/UnitaryAuthority,Wales,http://data.ordnancesurvey.co.uk/id/7000000000041424,Wales,http://data.ordnancesurvey.co.uk/id/country/wales,,,
SA715EX,http://data.ordnancesurvey.co.uk/id/postcodeunit/SA715EX,SA71 5EX,,,,other,Postcode,196958,199383,3500,18000,,,,,,,Maiden Wells,http://data.ordnancesurvey.co.uk/id/4000000074550530,http://www.ordnancesurvey.co.uk/xml/codelists/localtype.xml#village,,,,Sir Benfro - Pembrokeshire,http://data.ordnancesurvey.co.uk/id/7000000000025490,http://data.ordnancesurvey.co.uk/ontology/admingeo/UnitaryAuthority,Wales,http://data.ordnancesurvey.co.uk/id/7000000000041424,Wales,http://data.ordnancesurvey.co.uk/id/country/wales,,,
SA715HP,http://data.ordnancesurvey.co.uk/id/postcodeunit/SA715HP,SA71 5HP,,,,other,Postcode,192224,198020,3500,18000,,,,,,,,,,,,,Sir Benfro - Pembrokeshire,http://data.ordnancesurvey.co.uk/id/7000000000025490,http://data.ordnancesurvey.co.uk/ontology/admingeo/UnitaryAuthority,Wales,http://data.ordnancesurvey.co.uk/id/7000000000041424,Wales,http://data.ordnancesurvey.co.uk/id/country/wales,,,
SA715DN,http://data.ordnancesurvey.co.uk/id/postcodeunit/SA715DN,SA71 5DN,,,,other,Postcode,196505,194826,3500,18000,,,,,,,Bosherston,http://data.ordnancesurvey.co.uk/id/4000000074550528,http://www.ordnancesurvey.co.uk/xml/codelists/localtype.xml#village,,,,Sir Benfro - Pembrokeshire,http://data.ordnancesurvey.co.uk/id/7000000000025490,http://data.ordnancesurvey.co.uk/ontology/admingeo/UnitaryAuthority,Wales,http://data.ordnancesurvey.co.uk/id/7000000000041424,Wales,http://data.ordnancesurvey.co.uk/id/country/wales,,,
SA715EQ,http://data.ordnancesurvey.co.uk/id/postcodeunit/SA715EQ,SA71 5EQ,,,,other,Postcode,197125,197542,3500,18000,,,,,,,St Petrox,http://data.ordnancesurvey.co.uk/id/4000000074813645,http://www.ordnancesurvey.co.uk/xml/codelists/localtype.xml#hamlet,,,,Sir Benfro - Pembrokeshire,http://data.ordnancesurvey.co.uk/id/7000000000025490,http://data.ordnancesurvey.co.uk/ontology/admingeo/UnitaryAuthority,Wales,http://data.ordnancesurvey.co.uk/id/7000000000041424,Wales,http://data.ordnancesurvey.co.uk/id/country/wales,,,
SA715HG,http://data.ordnancesurvey.co.uk/id/postcodeunit/SA715HG,SA71 5HG,,,,other,Postcode,191515,198245,3500,18000,,,,,,,Castlemartin,http://data.ordnancesurvey.co.uk/id/4000000074550906,http://www.ordnancesurvey.co.uk/xml/codelists/localtype.xml#village,,,,Sir Benfro - Pembrokeshire,http://data.ordnancesurvey.co.uk/id/7000000000025490,http://data.ordnancesurvey.co.uk/ontology/admingeo/UnitaryAuthority,Wales,http://data.ordnancesurvey.co.uk/id/7000000000041424,Wales,http://data.ordnancesurvey.co.uk/id/country/wales,,,
SA715HL,http://data.ordnancesurvey.co.uk/id/postcodeunit/SA715HL,SA71 5HL,,,,other,Postcode,191371,198231,3500,18000,,,,,,,Castlemartin,http://data.ordnancesurvey.co.uk/id/4000000074550906,http://www.ordnancesurvey.co.uk/xml/codelists/localtype.xml#village,,,,Sir Benfro - Pembrokeshire,http://data.ordnancesurvey.co.uk/id/7000000000025490,http://data.ordnancesurvey.co.uk/ontology/admingeo/UnitaryAuthority,Wales,http://data.ordnancesurvey.co.uk/id/7000000000041424,Wales,http://data.ordnancesurvey.co.uk/id/country/wales,,,
SA715QT,http://data.ordnancesurvey.co.uk/id/postcodeunit/SA715QT,SA71 5QT,,,,other,Postcode,197051,199839,3500,18000,,,,,,,,,,,,,Sir Benfro - Pembrokeshire,http://data.ordnancesurvey.co.uk/id/7000000000025490,http://data.ordnancesurvey.co.uk/ontology/admingeo/UnitaryAuthority,Wales,http://data.ordnancesurvey.co.uk/id/7000000000041424,Wales,http://data.ordnancesurvey.co.uk/id/country/wales,,,
SA715DS,http://data.ordnancesurvey.co.uk/id/postcodeunit/SA715DS,SA71 5DS,,,,other,Postcode,195454,195392,3500,18000,,,,,,,,,,,,,Sir Benfro - Pembrokeshire,http://data.ordnancesurvey.co.uk/id/7000000000025490,http://data.ordnancesurvey.co.uk/ontology/admingeo/UnitaryAuthority,Wales,http://data.ordnancesurvey.co.uk/id/7000000000041424,Wales,http://data.ordnancesurvey.co.uk/id/country/wales,,,
SA715QU,http://data.ordnancesurvey.co.uk/id/postcodeunit/SA715QU,SA71 5QU,,,,other,Postcode,196507,199900,3500,18000,,,,,,,,,,,,,Sir Benfro - Pembrokeshire,http://data.ordnancesurvey.co.uk/id/7000000000025490,http://data.ordnancesurvey.co.uk/ontology/admingeo/UnitaryAuthority,Wales,http://data.ordnancesurvey.co.uk/id/7000000000041424,Wales,http://data.ordnancesurvey.co.uk/id/country/wales,,,
SA715BU,http://data.ordnancesurvey.co.uk/id/postcodeunit/SA715BU,SA71 5BU,,,,other,Postcode,197778,198833,3500,18000,,,,,,,,,,,,,Sir Benfro - Pembrokeshire,http://data.ordnancesurvey.co.uk/id/7000000000025490,http://data.ordnancesurvey.co.uk/ontology/admingeo/UnitaryAuthority,Wales,http://data.ordnancesurvey.co.uk/id/7000000000041424,Wales,http://data.ordnancesurvey.co.uk/id/country/wales,,,
SA715RT,http://data.ordnancesurvey.co.uk/id/postcodeunit/SA715RT,SA71 5RT,,,,other,Postcode,194968,199936,3500,18000,,,,,,,,,,,,,Sir Benfro - Pembrokeshire,http://data.ordnancesurvey.co.uk/id/7000000000025490,http://data.ordnancesurvey.co.uk/ontology/admingeo/UnitaryAuthority,Wales,http://data.ordnancesurvey.co.uk/id/7000000000041424,Wales,http://data.ordnancesurvey.co.uk/id/country/wales,,,
SA715PY,http://data.ordnancesurvey.co.uk/id/postcodeunit/SA715PY,SA71 5PY,,,,other,Postcode,198267,199544,3500,18000,,,,,,,,,,,,,Sir Benfro - Pembrokeshire,http://data.ordnancesurvey.co.uk/id/7000000000025490,http://data.ordnancesurvey.co.uk/ontology/admingeo/UnitaryAuthority,Wales,http://data.ordnancesurvey.co.uk/id/7000000000041424,Wales,http://data.ordnancesurvey.co.uk/id/country/wales,,,
SA715HU,http://data.ordnancesurvey.co.uk/id/postcodeunit/SA715HU,SA71 5HU,,,,other,Postcode,194547,197522,3500,18000,,,,,,,,,,,,,Sir Benfro - Pembrokeshire,http://data.ordnancesurvey.co.uk/id/7000000000025490,http://data.ordnancesurvey.co.uk/ontology/admingeo/UnitaryAuthority,Wales,http://data.ordnancesurvey.co.uk/id/7000000000041424,Wales,http://data.ordnancesurvey.co.uk/id/country/wales,,,
SA715DD,http://data.ordnancesurvey.co.uk/id/postcodeunit/SA715DD,SA71 5DD,,,,other,Postcode,198449,196315,3500,18000,,,,,,,Stackpole,http://data.ordnancesurvey.co.uk/id/4000000074550527,http://www.ordnancesurvey.co.uk/xml/codelists/localtype.xml#village,,,,Sir Benfro - Pembrokeshire,http://data.ordnancesurvey.co.uk/id/7000000000025490,http://data.ordnancesurvey.co.uk/ontology/admingeo/UnitaryAuthority,Wales,http://data.ordnancesurvey.co.uk/id/7000000000041424,Wales,http://data.ordnancesurvey.co.uk/id/country/wales,,,
SA715HN,http://data.ordnancesurvey.co.uk/id/postcodeunit/SA715HN,SA71 5HN,,,,other,Postcode,191425,198374,3500,18000,,,,,,,Castlemartin,http://data.ordnancesurvey.co.uk/id/4000000074550906,http://www.ordnancesurvey.co.uk/xml/codelists/localtype.xml#village,,,,Sir Benfro - Pembrokeshire,http://data.ordnancesurvey.co.uk/id/7000000000025490,http://data.ordnancesurvey.co.uk/ontology/admingeo/UnitaryAuthority,Wales,http://data.ordnancesurvey.co.uk/id/7000000000041424,Wales,http://data.ordnancesurvey.co.uk/id/country/wales,,,
SA715EB,http://data.ordnancesurvey.co.uk/id/postcodeunit/SA715EB,SA71 5EB,,,,other,Postcode,193892,196920,3500,18000,,,,,,,Merrion,http://data.ordnancesurvey.co.uk/id/4000000074550904,http://www.ordnancesurvey.co.uk/xml/codelists/localtype.xml#otherSettlement,,,,Sir Benfro - Pembrokeshire,http://data.ordnancesurvey.co.uk/id/7000000000025490,http://data.ordnancesurvey.co.uk/ontology/admingeo/UnitaryAuthority,Wales,http://data.ordnancesurvey.co.uk/id/7000000000041424,Wales,http://data.ordnancesurvey.co.uk/id/country/wales,,,
SA715DU,http://data.ordnancesurvey.co.uk/id/postcodeunit/SA715DU,SA71 5DU,,,,other,Postcode,194499,196865,3500,18000,,,,,,,Merrion,http://data.ordnancesurvey.co.uk/id/4000000074550904,http://www.ordnancesurvey.co.uk/xml/codelists/localtype.xml#otherSettlement,,,,Sir Benfro - Pembrokeshire,http://data.ordnancesurvey.co.uk/id/7000000000025490,http://data.ordnancesurvey.co.uk/ontology/admingeo/UnitaryAuthority,Wales,http://data.ordnancesurvey.co.uk/id/7000000000041424,Wales,http://data.ordnancesurvey.co.uk/id/country/wales,,,
SA715EZ,http://data.ordnancesurvey.co.uk/id/postcodeunit/SA715EZ,SA71 5EZ,,,,other,Postcode,195454,199036,3500,18000,,,,,,,,,,,,,Sir Benfro - Pembrokeshire,http://data.ordnancesurvey.co.uk/id/7000000000025490,http://data.ordnancesurvey.co.uk/ontology/admingeo/UnitaryAuthority,Wales,http://data.ordnancesurvey.co.uk/id/7000000000041424,Wales,http://data.ordnancesurvey.co.uk/id/country/wales,,,
SA715EY,http://data.ordnancesurvey.co.uk/id/postcodeunit/SA715EY,SA71 5EY,,,,other,Postcode,196094,198821,3500,18000,,,,,,,,,,,,,Sir Benfro - Pembrokeshire,http://data.ordnancesurvey.co.uk/id/7000000000025490,http://data.ordnancesurvey.co.uk/ontology/admingeo/UnitaryAuthority,Wales,http://data.ordnancesurvey.co.uk/id/7000000000041424,Wales,http://data.ordnancesurvey.co.uk/id/country/wales,,,
SA715DT,http://data.ordnancesurvey.co.uk/id/postcodeunit/SA715DT,SA71 5DT,,,,other,Postcode,195606,196732,3500,18000,,,,,,,,,,,,,Sir Benfro - Pembrokeshire,http://data.ordnancesurvey.co.uk/id/7000000000025490,http://data.ordnancesurvey.co.uk/ontology/admingeo/UnitaryAuthority,Wales,http://data.ordnancesurvey.co.uk/id/7000000000041424,Wales,http://data.ordnancesurvey.co.uk/id/country/wales,,,
SA715PX,http://data.ordnancesurvey.co.uk/id/postcodeunit/SA715PX,SA71 5PX,,,,other,Postcode,198593,199497,3500,18000,,,,,,,,,,,,,Sir Benfro - Pembrokeshire,http://data.ordnancesurvey.co.uk/id/7000000000025490,http://data.ordnancesurvey.co.uk/ontology/admingeo/UnitaryAuthority,Wales,http://data.ordnancesurvey.co.uk/id/7000000000041424,Wales,http://data.ordnancesurvey.co.uk/id/country/wales,,,
SA715HD,http://data.ordnancesurvey.co.uk/id/postcodeunit/SA715HD,SA71 5HD,,,,other,Postcode,193322,198760,3500,18000,,,,,,,,,,,,,Sir Benfro - Pembrokeshire,http://data.ordnancesurvey.co.uk/id/7000000000025490,http://data.ordnancesurvey.co.uk/ontology/admingeo/UnitaryAuthority,Wales,http://data.ordnancesurvey.co.uk/id/7000000000041424,Wales,http://data.ordnancesurvey.co.uk/id/country/wales,,,
SA715DZ,http://data.ordnancesurvey.co.uk/id/postcodeunit/SA715DZ,SA71 5DZ,,,,other,Postcode,197398,193884,3500,18000,,,,,,,,,,,,,Sir Benfro - Pembrokeshire,http://data.ordnancesurvey.co.uk/id/7000000000025490,http://data.ordnancesurvey.co.uk/ontology/admingeo/UnitaryAuthority,Wales,http://data.ordnancesurvey.co.uk/id/7000000000041424,Wales,http://data.ordnancesurvey.co.uk/id/country/wales,,,
SA715PU,http://data.ordnancesurvey.co.uk/id/postcodeunit/SA715PU,SA71 5PU,,,,other,Postcode,199043,199903,3500,18000,,,,,,,,,,,,,Sir Benfro - Pembrokeshire,http://data.ordnancesurvey.co.uk/id/7000000000025490,http://data.ordnancesurvey.co.uk/ontology/admingeo/UnitaryAuthority,Wales,http://data.ordnancesurvey.co.uk/id/7000000000041424,Wales,http://data.ordnancesurvey.co.uk/id/country/wales,,,
SA715EU,http://data.ordnancesurvey.co.uk/id/postcodeunit/SA715EU,SA71 5EU,,,,other,Postcode,196963,199444,3500,18000,,,,,,,Maiden Wells,http://data.ordnancesurvey.co.uk/id/4000000074550530,http://www.ordnancesurvey.co.uk/xml/codelists/localtype.xml#village,,,,Sir Benfro - Pembrokeshire,http://data.ordnancesurvey.co.uk/id/7000000000025490,http://data.ordnancesurvey.co.uk/ontology/admingeo/UnitaryAuthority,Wales,http://data.ordnancesurvey.co.uk/id/7000000000041424,Wales,http://data.ordnancesurvey.co.uk/id/country/wales,,,
SA715LT,http://data.ordnancesurvey.co.uk/id/postcodeunit/SA715LT,SA71 5LT,,,,other,Postcode,199459,198702,3500,18000,,,,,,,,,,,,,Sir Benfro - Pembrokeshire,http://data.ordnancesurvey.co.uk/id/7000000000025490,http://data.ordnancesurvey.co.uk/ontology/admingeo/UnitaryAuthority,Wales,http://data.ordnancesurvey.co.uk/id/7000000000041424,Wales,http://data.ordnancesurvey.co.uk/id/country/wales,,,
SA715HA,http://data.ordnancesurvey.co.uk/id/postcodeunit/SA715HA,SA71 5HA,,,,other,Postcode,194017,199245,3500,18000,,,,,,,,,,,,,Sir Benfro - Pembrokeshire,http://data.ordnancesurvey.co.uk/id/7000000000025490,http://data.ordnancesurvey.co.uk/ontology/admingeo/UnitaryAuthority,Wales,http://data.ordnancesurvey.co.uk/id/7000000000041424,Wales,http://data.ordnancesurvey.co.uk/id/country/wales,,,
SA715DF,http://data.ordnancesurvey.co.uk/id/postcodeunit/SA715DF,SA71 5DF,,,,other,Postcode,198386,196551,3500,18000,,,,,,,Stackpole,http://data.ordnancesurvey.co.uk/id/4000000074550527,http://www.ordnancesurvey.co.uk/xml/codelists/localtype.xml#village,,,,Sir Benfro - Pembrokeshire,http://data.ordnancesurvey.co.uk/id/7000000000025490,http://data.ordnancesurvey.co.uk/ontology/admingeo/UnitaryAuthority,Wales,http://data.ordnancesurvey.co.uk/id/7000000000041424,Wales,http://data.ordnancesurvey.co.uk/id/country/wales,,,
SA715DY,http://data.ordnancesurvey.co.uk/id/postcodeunit/SA715DY,SA71 5DY,,,,other,Postcode,194324,196772,3500,18000,,,,,,,Merrion,http://data.ordnancesurvey.co.uk/id/4000000074550904,http://www.ordnancesurvey.co.uk/xml/codelists/localtype.xml#otherSettlement,,,,Sir Benfro - Pembrokeshire,http://data.ordnancesurvey.co.uk/id/7000000000025490,http://data.ordnancesurvey.co.uk/ontology/admingeo/UnitaryAuthority,Wales,http://data.ordnancesurvey.co.uk/id/7000000000041424,Wales,http://data.ordnancesurvey.co.uk/id/country/wales,,,
SA715DQ,http://data.ordnancesurvey.co.uk/id/postcodeunit/SA715DQ,SA71 5DQ,,,,other,Postcode,197453,195604,3500,18000,,,,,,,,,,,,,Sir Benfro - Pembrokeshire,http://data.ordnancesurvey.co.uk/id/7000000000025490,http://data.ordnancesurvey.co.uk/ontology/admingeo/UnitaryAuthority,Wales,http://data.ordnancesurvey.co.uk/id/7000000000041424,Wales,http://data.ordnancesurvey.co.uk/id/country/wales,,,
SA715EE,http://data.ordnancesurvey.co.uk/id/postcodeunit/SA715EE,SA71 5EE,,,,other,Postcode,196079,196988,3500,18000,,,,,,,,,,,,,Sir Benfro - Pembrokeshire,http://data.ordnancesurvey.co.uk/id/7000000000025490,http://data.ordnancesurvey.co.uk/ontology/admingeo/UnitaryAuthority,Wales,http://data.ordnancesurvey.co.uk/id/7000000000041424,Wales,http://data.ordnancesurvey.co.uk/id/country/wales,,,
SA715DP,http://data.ordnancesurvey.co.uk/id/postcodeunit/SA715DP,SA71 5DP,,,,other,Postcode,196431,194364,3500,18000,,,,,,,,,,,,,Sir Benfro - Pembrokeshire,http://data.ordnancesurvey.co.uk/id/7000000000025490,http://data.ordnancesurvey.co.uk/ontology/admingeo/UnitaryAuthority,Wales,http://data.ordnancesurvey.co.uk/id/7000000000041424,Wales,http://data.ordnancesurvey.co.uk/id/country/wales,,,
SA715HZ,http://data.ordnancesurvey.co.uk/id/postcodeunit/SA715HZ,SA71 5HZ,,,,other,Postcode,194872,197638,3500,18000,,,,,,,St Twynnells,http://data.ordnancesurvey.co.uk/id/4000000074550905,http://www.ordnancesurvey.co.uk/xml/codelists/localtype.xml#village,,,,Sir Benfro - Pembrokeshire,http://data.ordnancesurvey.co.uk/id/7000000000025490,http://data.ordnancesurvey.co.uk/ontology/admingeo/UnitaryAuthority,Wales,http://data.ordnancesurvey.co.uk/id/7000000000041424,Wales,http://data.ordnancesurvey.co.uk/id/country/wales,,,
SA715DE,http://data.ordnancesurvey.co.uk/id/postcodeunit/SA715DE,SA71 5DE,,,,other,Postcode,197653,196075,3500,18000,,,,,,,,,,,,,Sir Benfro - Pembrokeshire,http://data.ordnancesurvey.co.uk/id/7000000000025490,http://data.ordnancesurvey.co.uk/ontology/admingeo/UnitaryAuthority,Wales,http://data.ordnancesurvey.co.uk/id/7000000000041424,Wales,http://data.ordnancesurvey.co.uk/id/country/wales,,,
SA715DR,http://data.ordnancesurvey.co.uk/id/postcodeunit/SA715DR,SA71 5DR,,,,other,Postcode,196609,194519,3500,18000,,,,,,,Bosherston,http://data.ordnancesurvey.co.uk/id/4000000074550528,http://www.ordnancesurvey.co.uk/xml/codelists/localtype.xml#village,,,,Sir Benfro - Pembrokeshire,http://data.ordnancesurvey.co.uk/id/7000000000025490,http://data.ordnancesurvey.co.uk/ontology/admingeo/UnitaryAuthority,Wales,http://data.ordnancesurvey.co.uk/id/7000000000041424,Wales,http://data.ordnancesurvey.co.uk/id/country/wales,,,
SA715QA,http://data.ordnancesurvey.co.uk/id/postcodeunit/SA715QA,SA71 5QA,,,,other,Postcode,198891,199546,3500,18000,,,,,,,,,,,,,Sir Benfro - Pembrokeshire,http://data.ordnancesurvey.co.uk/id/7000000000025490,http://data.ordnancesurvey.co.uk/ontology/admingeo/UnitaryAuthority,Wales,http://data.ordnancesurvey.co.uk/id/7000000000041424,Wales,http://data.ordnancesurvey.co.uk/id/country/wales,,,
SA715DB,http://data.ordnancesurvey.co.uk/id/postcodeunit/SA715DB,SA71 5DB,,,,other,Postcode,198331,196343,3500,18000,,,,,,,Stackpole,http://data.ordnancesurvey.co.uk/id/4000000074550527,http://www.ordnancesurvey.co.uk/xml/codelists/localtype.xml#village,,,,Sir Benfro - Pembrokeshire,http://data.ordnancesurvey.co.uk/id/7000000000025490,http://data.ordnancesurvey.co.uk/ontology/admingeo/UnitaryAuthority,Wales,http://data.ordnancesurvey.co.uk/id/7000000000041424,Wales,http://data.ordnancesurvey.co.uk/id/country/wales,,,
SA715LS,http://data.ordnancesurvey.co.uk/id/postcodeunit/SA715LS,SA71 5LS,,,,other,Postcode,199293,195957,3500,18000,,,,,,,,,,,,,Sir Benfro - Pembrokeshire,http://data.ordnancesurvey.co.uk/id/7000000000025490,http://data.ordnancesurvey.co.uk/ontology/admingeo/UnitaryAuthority,Wales,http://data.ordnancesurvey.co.uk/id/7000000000041424,Wales,http://data.ordnancesurvey.co.uk/id/country/wales,,,
SA715HW,http://data.ordnancesurvey.co.uk/id/postcodeunit/SA715HW,SA71 5HW,,,,other,Postcode,190721,198685,3500,18000,,,,,,,Castlemartin,http://data.ordnancesurvey.co.uk/id/4000000074550906,http://www.ordnancesurvey.co.uk/xml/codelists/localtype.xml#village,,,,Sir Benfro - Pembrokeshire,http://data.ordnancesurvey.co.uk/id/7000000000025490,http://data.ordnancesurvey.co.uk/ontology/admingeo/UnitaryAuthority,Wales,http://data.ordnancesurvey.co.uk/id/7000000000041424,Wales,http://data.ordnancesurvey.co.uk/id/country/wales,,,
SA715BY,http://data.ordnancesurvey.co.uk/id/postcodeunit/SA715BY,SA71 5BY,,,,other,Postcode,198794,198040,3500,18000,,,,,,,,,,,,,Sir Benfro - Pembrokeshire,http://data.ordnancesurvey.co.uk/id/7000000000025490,http://data.ordnancesurvey.co.uk/ontology/admingeo/UnitaryAuthority,Wales,http://data.ordnancesurvey.co.uk/id/7000000000041424,Wales,http://data.ordnancesurvey.co.uk/id/country/wales,,,
SA715DJ,http://data.ordnancesurvey.co.uk/id/postcodeunit/SA715DJ,SA71 5DJ,,,,other,Postcode,197296,196122,3500,18000,,,,,,,,,,,,,Sir Benfro - Pembrokeshire,http://data.ordnancesurvey.co.uk/id/7000000000025490,http://data.ordnancesurvey.co.uk/ontology/admingeo/UnitaryAuthority,Wales,http://data.ordnancesurvey.co.uk/id/7000000000041424,Wales,http://data.ordnancesurvey.co.uk/id/country/wales,,,
SA715DW,http://data.ordnancesurvey.co.uk/id/postcodeunit/SA715DW,SA71 5DW,,,,other,Postcode,196631,194631,3500,18000,,,,,,,Bosherston,http://data.ordnancesurvey.co.uk/id/4000000074550528,http://www.ordnancesurvey.co.uk/xml/codelists/localtype.xml#village,,,,Sir Benfro - Pembrokeshire,http://data.ordnancesurvey.co.uk/id/7000000000025490,http://data.ordnancesurvey.co.uk/ontology/admingeo/UnitaryAuthority,Wales,http://data.ordnancesurvey.co.uk/id/7000000000041424,Wales,http://data.ordnancesurvey.co.uk/id/country/wales,,,
SA715RU,http://data.ordnancesurvey.co.uk/id/postcodeunit/SA715RU,SA71 5RU,,,,other,Postcode,194689,199711,3500,18000,,,,,,,,,,,,,Sir Benfro - Pembrokeshire,http://data.ordnancesurvey.co.uk/id/7000000000025490,http://data.ordnancesurvey.co.uk/ontology/admingeo/UnitaryAuthority,Wales,http://data.ordnancesurvey.co.uk/id/7000000000041424,Wales,http://data.ordnancesurvey.co.uk/id/country/wales,,,
SA715ED,http://data.ordnancesurvey.co.uk/id/postcodeunit/SA715ED,SA71 5ED,,,,other,Postcode,194887,197509,3500,18000,,,,,,,St Twynnells,http://data.ordnancesurvey.co.uk/id/4000000074550905,http://www.ordnancesurvey.co.uk/xml/codelists/localtype.xml#village,,,,Sir Benfro - Pembrokeshire,http://data.ordnancesurvey.co.uk/id/7000000000025490,http://data.ordnancesurvey.co.uk/ontology/admingeo/UnitaryAuthority,Wales,http://data.ordnancesurvey.co.uk/id/7000000000041424,Wales,http://data.ordnancesurvey.co.uk/id/country/wales,,,
SA715HR,http://data.ordnancesurvey.co.uk/id/postcodeunit/SA715HR,SA71 5HR,,,,other,Postcode,192958,197859,3500,18000,,,,,,,Warren,http://data.ordnancesurvey.co.uk/id/4000000074541314,http://www.ordnancesurvey.co.uk/xml/codelists/localtype.xml#hamlet,,,,Sir Benfro - Pembrokeshire,http://data.ordnancesurvey.co.uk/id/7000000000025490,http://data.ordnancesurvey.co.uk/ontology/admingeo/UnitaryAuthority,Wales,http://data.ordnancesurvey.co.uk/id/7000000000041424,Wales,http://data.ordnancesurvey.co.uk/id/country/wales,,,
SA715ET,http://data.ordnancesurvey.co.uk/id/postcodeunit/SA715ET,SA71 5ET,,,,other,Postcode,197350,199705,3500,18000,,,,,,,Maiden Wells,http://data.ordnancesurvey.co.uk/id/4000000074550530,http://www.ordnancesurvey.co.uk/xml/codelists/localtype.xml#village,,,,Sir Benfro - Pembrokeshire,http://data.ordnancesurvey.co.uk/id/7000000000025490,http://data.ordnancesurvey.co.uk/ontology/admingeo/UnitaryAuthority,Wales,http://data.ordnancesurvey.co.uk/id/7000000000041424,Wales,http://data.ordnancesurvey.co.uk/id/country/wales,,,
SA715EA,http://data.ordnancesurvey.co.uk/id/postcodeunit/SA715EA,SA71 5EA,,,,other,Postcode,194439,196626,3500,18000,,,,,,,Merrion,http://data.ordnancesurvey.co.uk/id/4000000074550904,http://www.ordnancesurvey.co.uk/xml/codelists/localtype.xml#otherSettlement,,,,Sir Benfro - Pembrokeshire,http://data.ordnancesurvey.co.uk/id/7000000000025490,http://data.ordnancesurvey.co.uk/ontology/admingeo/UnitaryAuthority,Wales,http://data.ordnancesurvey.co.uk/id/7000000000041424,Wales,http://data.ordnancesurvey.co.uk/id/country/wales,,,
SA715EG,http://data.ordnancesurvey.co.uk/id/postcodeunit/SA715EG,SA71 5EG,,,,other,Postcode,197085,197295,3500,18000,,,,,,,,,,,,,Sir Benfro - Pembrokeshire,http://data.ordnancesurvey.co.uk/id/7000000000025490,http://data.ordnancesurvey.co.uk/ontology/admingeo/UnitaryAuthority,Wales,http://data.ordnancesurvey.co.uk/id/7000000000041424,Wales,http://data.ordnancesurvey.co.uk/id/country/wales,,,
SA715HS,http://data.ordnancesurvey.co.uk/id/postcodeunit/SA715HS,SA71 5HS,,,,other,Postcode,193182,197605,3500,18000,,,,,,,Warren,http://data.ordnancesurvey.co.uk/id/4000000074541314,http://www.ordnancesurvey.co.uk/xml/codelists/localtype.xml#hamlet,,,,Sir Benfro - Pembrokeshire,http://data.ordnancesurvey.co.uk/id/7000000000025490,http://data.ordnancesurvey.co.uk/ontology/admingeo/UnitaryAuthority,Wales,http://data.ordnancesurvey.co.uk/id/7000000000041424,Wales,http://data.ordnancesurvey.co.uk/id/country/wales,,,
SA715DX,http://data.ordnancesurvey.co.uk/id/postcodeunit/SA715DX,SA71 5DX,,,,other,Postcode,194373,196839,3500,18000,,,,,,,Merrion,http://data.ordnancesurvey.co.uk/id/4000000074550904,http://www.ordnancesurvey.co.uk/xml/codelists/localtype.xml#otherSettlement,,,,Sir Benfro - Pembrokeshire,http://data.ordnancesurvey.co.uk/id/7000000000025490,http://data.ordnancesurvey.co.uk/ontology/admingeo/UnitaryAuthority,Wales,http://data.ordnancesurvey.co.uk/id/7000000000041424,Wales,http://data.ordnancesurvey.co.uk/id/country/wales,,,
osgb4000000020845626,http://data.ordnancesurvey.co.uk/id/4000000020845626,Axton Hill,,,,transportNetwork,Named Road,193401,198769,5000,20000,193008,198524,193757,199067,SA71,http://data.ordnancesurvey.co.uk/id/postcodedistrict/SA71,,,,,,,Sir Benfro - Pembrokeshire,http://data.ordnancesurvey.co.uk/id/7000000000025490,http://data.ordnancesurvey.co.uk/ontology/admingeo/UnitaryAuthority,Wales,http://data.ordnancesurvey.co.uk/id/7000000000041424,Wales,http://data.ordnancesurvey.co.uk/id/country/wales,,,
9e748227-db87-42c3-8111-3f40f22c3874,http://data.ordnancesurvey.co.uk/id/9e748227-db87-42c3-8111-3f40f22c3874,Furzypark Lane,,,,transportNetwork,Section Of Named Road,190685,198690,1000,25000,190668,198682,190692,198700,SA71,http://data.ordnancesurvey.co.uk/id/postcodedistrict/SA71,Castlemartin,http://data.ordnancesurvey.co.uk/id/4000000074550906,http://www.ordnancesurvey.co.uk/xml/codelists/localtype.xml#village,,,,Sir Benfro - Pembrokeshire,http://data.ordnancesurvey.co.uk/id/7000000000025490,http://data.ordnancesurvey.co.uk/ontology/admingeo/UnitaryAuthority,Wales,http://data.ordnancesurvey.co.uk/id/7000000000041424,Wales,http://data.ordnancesurvey.co.uk/id/country/wales,osgb5000005233754453,,
2f9c8c6b-c0f7-4feb-ae1d-e0fdac95c874,http://data.ordnancesurvey.co.uk/id/2f9c8c6b-c0f7-4feb-ae1d-e0fdac95c874,Longstone Lane,,,,transportNetwork,Section Of Named Road,193759,196757,3000,25000,193759,196558,193776,196987,SA71,http://data.ordnancesurvey.co.uk/id/postcodedistrict/SA71,Merrion,http://data.ordnancesurvey.co.uk/id/4000000074550904,http://www.ordnancesurvey.co.uk/xml/codelists/localtype.xml#otherSettlement,,,,Sir Benfro - Pembrokeshire,http://data.ordnancesurvey.co.uk/id/7000000000025490,http://data.ordnancesurvey.co.uk/ontology/admingeo/UnitaryAuthority,Wales,http://data.ordnancesurvey.co.uk/id/7000000000041424,Wales,http://data.ordnancesurvey.co.uk/id/country/wales,osgb4000000020845620,,
osgb4000000020845795,http://data.ordnancesurvey.co.uk/id/4000000020845795,Sandy Leys,,,,transportNetwork,Named Road,191407,198273,1000,20000,191392,198258,191440,198286,SA71,http://data.ordnancesurvey.co.uk/id/postcodedistrict/SA71,Castlemartin,http://data.ordnancesurvey.co.uk/id/4000000074550906,http://www.ordnancesurvey.co.uk/xml/codelists/localtype.xml#village,,,,Sir Benfro - Pembrokeshire,http://data.ordnancesurvey.co.uk/id/7000000000025490,http://data.ordnancesurvey.co.uk/ontology/admingeo/UnitaryAuthority,Wales,http://data.ordnancesurvey.co.uk/id/7000000000041424,Wales,http://data.ordnancesurvey.co.uk/id/country/wales,,,
osgb4000000020845619,http://data.ordnancesurvey.co.uk/id/4000000020845619,Merrion Cross,,,,transportNetwork,Named Road,193767,196987,14000,20000,192633,196888,194772,197121,SA71,http://data.ordnancesurvey.co.uk/id/postcodedistrict/SA71,Merrion,http://data.ordnancesurvey.co.uk/id/4000000074550904,http://www.ordnancesurvey.co.uk/xml/codelists/localtype.xml#otherSettlement,,,,Sir Benfro - Pembrokeshire,http://data.ordnancesurvey.co.uk/id/7000000000025490,http://data.ordnancesurvey.co.uk/ontology/admingeo/UnitaryAuthority,Wales,http://data.ordnancesurvey.co.uk/id/7000000000041424,Wales,http://data.ordnancesurvey.co.uk/id/country/wales,,,
0f9d50c5-c6eb-490c-b620-20d61dd12057,http://data.ordnancesurvey.co.uk/id/0f9d50c5-c6eb-490c-b620-20d61dd12057,Merrion Cross,,,,transportNetwork,Section Of Named Road,194046,196956,7000,25000,193526,196900,194606,197014,SA71,http://data.ordnancesurvey.co.uk/id/postcodedistrict/SA71,Merrion,http://data.ordnancesurvey.co.uk/id/4000000074550904,http://www.ordnancesurvey.co.uk/xml/codelists/localtype.xml#otherSettlement,,,,Sir Benfro - Pembrokeshire,http://data.ordnancesurvey.co.uk/id/7000000000025490,http://data.ordnancesurvey.co.uk/ontology/admingeo/UnitaryAuthority,Wales,http://data.ordnancesurvey.co.uk/id/7000000000041424,Wales,http://data.ordnancesurvey.co.uk/id/country/wales,osgb4000000020845619,,
osgb4000000020845627,http://data.ordnancesurvey.co.uk/id/4000000020845627,Redford Hill,,,,transportNetwork,Named Road,194246,199387,6000,20000,193757,199067,194703,199724,SA71,http://data.ordnancesurvey.co.uk/id/postcodedistrict/SA71,,,,,,,Sir Benfro - Pembrokeshire,http://data.ordnancesurvey.co.uk/id/7000000000025490,http://data.ordnancesurvey.co.uk/ontology/admingeo/UnitaryAuthority,Wales,http://data.ordnancesurvey.co.uk/id/7000000000041424,Wales,http://data.ordnancesurvey.co.uk/id/country/wales,,,
osgb5000005233754453,http://data.ordnancesurvey.co.uk/id/5000005233754453,Furzypark Lane,,,,transportNetwork,Named Road,190498,198790,2000,20000,190319,198682,190692,198875,SA71,http://data.ordnancesurvey.co.uk/id/postcodedistrict/SA71,,,,,,,Sir Benfro - Pembrokeshire,http://data.ordnancesurvey.co.uk/id/7000000000025490,http://data.ordnancesurvey.co.uk/ontology/admingeo/UnitaryAuthority,Wales,http://data.ordnancesurvey.co.uk/id/7000000000041424,Wales,http://data.ordnancesurvey.co.uk/id/country/wales,,,
osgb4000000020845632,http://data.ordnancesurvey.co.uk/id/4000000020845632,Meadow Bank,,,,transportNetwork,Named Road,194876,197621,1000,20000,194828,197619,194924,197624,SA71,http://data.ordnancesurvey.co.uk/id/postcodedistrict/SA71,St Twynnells,http://data.ordnancesurvey.co.uk/id/4000000074550905,http://www.ordnancesurvey.co.uk/xml/codelists/localtype.xml#village,,,,Sir Benfro - Pembrokeshire,http://data.ordnancesurvey.co.uk/id/7000000000025490,http://data.ordnancesurvey.co.uk/ontology/admingeo/UnitaryAuthority,Wales,http://data.ordnancesurvey.co.uk/id/7000000000041424,Wales,http://data.ordnancesurvey.co.uk/id/country/wales,,,
7bb548a0-bae0-4d2f-a96e-5bfb0410b9af,http://data.ordnancesurvey.co.uk/id/7bb548a0-bae0-4d2f-a96e-5bfb0410b9af,Clay Lane,,,,transportNetwork,Section Of Named Road,196949,199435,1000,25000,196918,199424,196966,199456,SA71,http://data.ordnancesurvey.co.uk/id/postcodedistrict/SA71,Maiden Wells,http://data.ordnancesurvey.co.uk/id/4000000074550530,http://www.ordnancesurvey.co.uk/xml/codelists/localtype.xml#village,,,,Sir Benfro - Pembrokeshire,http://data.ordnancesurvey.co.uk/id/7000000000025490,http://data.ordnancesurvey.co.uk/ontology/admingeo/UnitaryAuthority,Wales,http://data.ordnancesurvey.co.uk/id/7000000000041424,Wales,http://data.ordnancesurvey.co.uk/id/country/wales,osgb4000000017184166,,
osgb4000000020845781,http://data.ordnancesurvey.co.uk/id/4000000020845781,B4319,,,,transportNetwork,Numbered Road,193250,197046,67000,250000,188366,196436,198729,201174,SA71,http://data.ordnancesurvey.co.uk/id/postcodedistrict/SA71,,,,,,,Sir Benfro - Pembrokeshire,http://data.ordnancesurvey.co.uk/id/7000000000025490,http://data.ordnancesurvey.co.uk/ontology/admingeo/UnitaryAuthority,Wales,http://data.ordnancesurvey.co.uk/id/7000000000041424,Wales,http://data.ordnancesurvey.co.uk/id/country/wales,,,
osgb4000000020845628,http://data.ordnancesurvey.co.uk/id/4000000020845628,Pwll Street,,,,transportNetwork,Named Road,191412,198241,2000,20000,191299,198129,191549,198319,SA71,http://data.ordnancesurvey.co.uk/id/postcodedistrict/SA71,Castlemartin,http://data.ordnancesurvey.co.uk/id/4000000074550906,http://www.ordnancesurvey.co.uk/xml/codelists/localtype.xml#village,,,,Sir Benfro - Pembrokeshire,http://data.ordnancesurvey.co.uk/id/7000000000025490,http://data.ordnancesurvey.co.uk/ontology/admingeo/UnitaryAuthority,Wales,http://data.ordnancesurvey.co.uk/id/7000000000041424,Wales,http://data.ordnancesurvey.co.uk/id/country/wales,,,
osgb4000000017184166,http://data.ordnancesurvey.co.uk/id/4000000017184166,Clay Lane,,,,transportNetwork,Named Road,196101,199865,12000,20000,195184,199424,196966,200038,SA71,http://data.ordnancesurvey.co.uk/id/postcodedistrict/SA71,,,,,,,Sir Benfro - Pembrokeshire,http://data.ordnancesurvey.co.uk/id/7000000000025490,http://data.ordnancesurvey.co.uk/ontology/admingeo/UnitaryAuthority,Wales,http://data.ordnancesurvey.co.uk/id/7000000000041424,Wales,http://data.ordnancesurvey.co.uk/id/country/wales,,,
osgb4000000020845814,http://data.ordnancesurvey.co.uk/id/4000000020845814,Winston Close,,,,transportNetwork,Named Road,194276,196854,1000,20000,194164,196787,194346,196865,SA71,http://data.ordnancesurvey.co.uk/id/postcodedistrict/SA71,Merrion,http://data.ordnancesurvey.co.uk/id/4000000074550904,http://www.ordnancesurvey.co.uk/xml/codelists/localtype.xml#otherSettlement,,,,Sir Benfro - Pembrokeshire,http://data.ordnancesurvey.co.uk/id/7000000000025490,http://data.ordnancesurvey.co.uk/ontology/admingeo/UnitaryAuthority,Wales,http://data.ordnancesurvey.co.uk/id/7000000000041424,Wales,http://data.ordnancesurvey.co.uk/id/country/wales,,,
c9344910-0384-44cc-8690-fb2f31b0cedc,http://data.ordnancesurvey.co.uk/id/c9344910-0384-44cc-8690-fb2f31b0cedc,Church Lane,,,,transportNetwork,Section Of Named Road,191246,198554,1000,25000,191235,198458,191261,198582,SA71,http://data.ordnancesurvey.co.uk/id/postcodedistrict/SA71,Castlemartin,http://data.ordnancesurvey.co.uk/id/4000000074550906,http://www.ordnancesurvey.co.uk/xml/codelists/localtype.xml#village,,,,Sir Benfro - Pembrokeshire,http://data.ordnancesurvey.co.uk/id/7000000000025490,http://data.ordnancesurvey.co.uk/ontology/admingeo/UnitaryAuthority,Wales,http://data.ordnancesurvey.co.uk/id/7000000000041424,Wales,http://data.ordnancesurvey.co.uk/id/country/wales,osgb4000000020845714,,
osgb4000000020845621,http://data.ordnancesurvey.co.uk/id/4000000020845621,Addlegutter Lane,,,,transportNetwork,Named Road,193169,195652,6000,20000,192688,195499,193645,195652,SA71,http://data.ordnancesurvey.co.uk/id/postcodedistrict/SA71,,,,,,,Sir Benfro - Pembrokeshire,http://data.ordnancesurvey.co.uk/id/7000000000025490,http://data.ordnancesurvey.co.uk/ontology/admingeo/UnitaryAuthority,Wales,http://data.ordnancesurvey.co.uk/id/7000000000041424,Wales,http://data.ordnancesurvey.co.uk/id/country/wales,,,
8ad7c742-1d58-4aeb-b0ab-18c2d5b5fdad,http://data.ordnancesurvey.co.uk/id/8ad7c742-1d58-4aeb-b0ab-18c2d5b5fdad,Windmill Lane,,,,transportNetwork,Section Of Named Road,193199,197603,1000,25000,193193,197541,193232,197647,SA71,http://data.ordnancesurvey.co.uk/id/postcodedistrict/SA71,Warren,http://data.ordnancesurvey.co.uk/id/4000000074541314,http://www.ordnancesurvey.co.uk/xml/codelists/localtype.xml#hamlet,,,,Sir Benfro - Pembrokeshire,http://data.ordnancesurvey.co.uk/id/7000000000025490,http://data.ordnancesurvey.co.uk/ontology/admingeo/UnitaryAuthority,Wales,http://data.ordnancesurvey.co.uk/id/7000000000041424,Wales,http://data.ordnancesurvey.co.uk/id/country/wales,osgb4000000020845625,,
osgb4000000020845630,http://data.ordnancesurvey.co.uk/id/4000000020845630,Deer Park View,,,,transportNetwork,Named Road,198422,196340,1000,20000,198358,196316,198495,196370,SA71,http://data.ordnancesurvey.co.uk/id/postcodedistrict/SA71,Stackpole,http://data.ordnancesurvey.co.uk/id/4000000074550527,http://www.ordnancesurvey.co.uk/xml/codelists/localtype.xml#village,,,,Sir Benfro - Pembrokeshire,http://data.ordnancesurvey.co.uk/id/7000000000025490,http://data.ordnancesurvey.co.uk/ontology/admingeo/UnitaryAuthority,Wales,http://data.ordnancesurvey.co.uk/id/7000000000041424,Wales,http://data.ordnancesurvey.co.uk/id/country/wales,,,
osgb5000005214005337,http://data.ordnancesurvey.co.uk/id/5000005214005337,Oxland Park,,,,transportNetwork,Named Road,197390,199800,1000,20000,197364,199789,197416,199802,SA71,http://data.ordnancesurvey.co.uk/id/postcodedistrict/SA71,Maiden Wells,http://data.ordnancesurvey.co.uk/id/4000000074550530,http://www.ordnancesurvey.co.uk/xml/codelists/localtype.xml#village,,,,Sir Benfro - Pembrokeshire,http://data.ordnancesurvey.co.uk/id/7000000000025490,http://data.ordnancesurvey.co.uk/ontology/admingeo/UnitaryAuthority,Wales,http://data.ordnancesurvey.co.uk/id/7000000000041424,Wales,http://data.ordnancesurvey.co.uk/id/country/wales,,,
osgb4000000020845631,http://data.ordnancesurvey.co.uk/id/4000000020845631,Windsor Road,,,,transportNetwork,Named Road,196651,194629,1000,20000,196578,194586,196668,194651,SA71,http://data.ordnancesurvey.co.uk/id/postcodedistrict/SA71,Bosherston,http://data.ordnancesurvey.co.uk/id/4000000074550528,http://www.ordnancesurvey.co.uk/xml/codelists/localtype.xml#village,,,,Sir Benfro - Pembrokeshire,http://data.ordnancesurvey.co.uk/id/7000000000025490,http://data.ordnancesurvey.co.uk/ontology/admingeo/UnitaryAuthority,Wales,http://data.ordnancesurvey.co.uk/id/7000000000041424,Wales,http://data.ordnancesurvey.co.uk/id/country/wales,,,
osgb4000000020845629,http://data.ordnancesurvey.co.uk/id/4000000020845629,North Lane,,,,transportNetwork,Named Road,193820,197867,14000,20000,192721,197648,194921,197955,SA71,http://data.ordnancesurvey.co.uk/id/postcodedistrict/SA71,,,,,,,Sir Benfro - Pembrokeshire,http://data.ordnancesurvey.co.uk/id/7000000000025490,http://data.ordnancesurvey.co.uk/ontology/admingeo/UnitaryAuthority,Wales,http://data.ordnancesurvey.co.uk/id/7000000000041424,Wales,http://data.ordnancesurvey.co.uk/id/country/wales,,,
osgb4000000020845620,http://data.ordnancesurvey.co.uk/id/4000000020845620,Longstone Lane,,,,transportNetwork,Named Road,193685,195750,16000,20000,193583,194535,193780,196987,SA71,http://data.ordnancesurvey.co.uk/id/postcodedistrict/SA71,,,,,,,Sir Benfro - Pembrokeshire,http://data.ordnancesurvey.co.uk/id/7000000000025490,http://data.ordnancesurvey.co.uk/ontology/admingeo/UnitaryAuthority,Wales,http://data.ordnancesurvey.co.uk/id/7000000000041424,Wales,http://data.ordnancesurvey.co.uk/id/country/wales,,,
osgb4000000020845618,http://data.ordnancesurvey.co.uk/id/4000000020845618,Ermigate Lane,,,,transportNetwork,Named Road,192818,196134,19000,20000,192554,194621,193372,197506,SA71,http://data.ordnancesurvey.co.uk/id/postcodedistrict/SA71,,,,,,,Sir Benfro - Pembrokeshire,http://data.ordnancesurvey.co.uk/id/7000000000025490,http://data.ordnancesurvey.co.uk/ontology/admingeo/UnitaryAuthority,Wales,http://data.ordnancesurvey.co.uk/id/7000000000041424,Wales,http://data.ordnancesurvey.co.uk/id/country/wales,,,
osgb4000000020845625,http://data.ordnancesurvey.co.uk/id/4000000020845625,Windmill Lane,,,,transportNetwork,Named Road,193195,198015,6000,20000,192998,197541,193365,198524,SA71,http://data.ordnancesurvey.co.uk/id/postcodedistrict/SA71,,,,,,,Sir Benfro - Pembrokeshire,http://data.ordnancesurvey.co.uk/id/7000000000025490,http://data.ordnancesurvey.co.uk/ontology/admingeo/UnitaryAuthority,Wales,http://data.ordnancesurvey.co.uk/id/7000000000041424,Wales,http://data.ordnancesurvey.co.uk/id/country/wales,,,
27008282-c69a-4a9e-86af-95a9ee6d17a8,http://data.ordnancesurvey.co.uk/id/27008282-c69a-4a9e-86af-95a9ee6d17a8,North Lane,,,,transportNetwork,Section Of Named Road,194854,197657,1000,25000,194773,197655,194921,197658,SA71,http://data.ordnancesurvey.co.uk/id/postcodedistrict/SA71,St Twynnells,http://data.ordnancesurvey.co.uk/id/4000000074550905,http://www.ordnancesurvey.co.uk/xml/codelists/localtype.xml#village,,,,Sir Benfro - Pembrokeshire,http://data.ordnancesurvey.co.uk/id/7000000000025490,http://data.ordnancesurvey.co.uk/ontology/admingeo/UnitaryAuthority,Wales,http://data.ordnancesurvey.co.uk/id/7000000000041424,Wales,http://data.ordnancesurvey.co.uk/id/country/wales,osgb4000000020845629,,
osgb4000000074750606,http://data.ordnancesurvey.co.uk/id/4000000074750606,St Govan's Head,,,,landform,Coastal Headland,197402,192899,5000,750000,196911,192650,197642,193150,SA71,http://data.ordnancesurvey.co.uk/id/postcodedistrict/SA71,,,,,,,Sir Benfro - Pembrokeshire,http://data.ordnancesurvey.co.uk/id/7000000000025490,http://data.ordnancesurvey.co.uk/ontology/admingeo/UnitaryAuthority,Wales,http://data.ordnancesurvey.co.uk/id/7000000000041424,Wales,http://data.ordnancesurvey.co.uk/id/country/wales,,,
osgb4000000074628495,http://data.ordnancesurvey.co.uk/id/4000000074628495,Three Corner Plantation,,,,landcover,Woodland Or Forest,196420,199849,1000,400000,196162,199599,196662,200099,SA71,http://data.ordnancesurvey.co.uk/id/postcodedistrict/SA71,,,,,,,Sir Benfro - Pembrokeshire,http://data.ordnancesurvey.co.uk/id/7000000000025490,http://data.ordnancesurvey.co.uk/ontology/admingeo/UnitaryAuthority,Wales,http://data.ordnancesurvey.co.uk/id/7000000000041424,Wales,http://data.ordnancesurvey.co.uk/id/country/wales,,,
osgb4000000074732914,http://data.ordnancesurvey.co.uk/id/4000000074732914,Flimston Down,,,,landcover,Other Landcover,192081,194742,7000,1300000,191430,194250,192573,195233,SA71,http://data.ordnancesurvey.co.uk/id/postcodedistrict/SA71,,,,,,,Sir Benfro - Pembrokeshire,http://data.ordnancesurvey.co.uk/id/7000000000025490,http://data.ordnancesurvey.co.uk/ontology/admingeo/UnitaryAuthority,Wales,http://data.ordnancesurvey.co.uk/id/7000000000041424,Wales,http://data.ordnancesurvey.co.uk/id/country/wales,,,
osgb4000000074811405,http://data.ordnancesurvey.co.uk/id/4000000074811405,Stackpole Park,,,,landcover,Other Landcover,198361,195752,7000,800000,197809,195176,198913,196326,SA71,http://data.ordnancesurvey.co.uk/id/postcodedistrict/SA71,,,,,,,Sir Benfro - Pembrokeshire,http://data.ordnancesurvey.co.uk/id/7000000000025490,http://data.ordnancesurvey.co.uk/ontology/admingeo/UnitaryAuthority,Wales,http://data.ordnancesurvey.co.uk/id/7000000000041424,Wales,http://data.ordnancesurvey.co.uk/id/country/wales,,,
osgb4000000074628901,http://data.ordnancesurvey.co.uk/id/4000000074628901,Pond Wood,,,,landcover,Woodland Or Forest,194906,199471,4000,400000,194827,199221,195366,199721,SA71,http://data.ordnancesurvey.co.uk/id/postcodedistrict/SA71,,,,,,,Sir Benfro - Pembrokeshire,http://data.ordnancesurvey.co.uk/id/7000000000025490,http://data.ordnancesurvey.co.uk/ontology/admingeo/UnitaryAuthority,Wales,http://data.ordnancesurvey.co.uk/id/7000000000041424,Wales,http://data.ordnancesurvey.co.uk/id/country/wales,,,
osgb4000000074751083,http://data.ordnancesurvey.co.uk/id/4000000074751083,Saddle Point,,,,landform,Coastal Headland,198232,194020,2000,750000,197982,193802,198482,194302,SA71,http://data.ordnancesurvey.co.uk/id/postcodedistrict/SA71,,,,,,,Sir Benfro - Pembrokeshire,http://data.ordnancesurvey.co.uk/id/7000000000025490,http://data.ordnancesurvey.co.uk/ontology/admingeo/UnitaryAuthority,Wales,http://data.ordnancesurvey.co.uk/id/7000000000041424,Wales,http://data.ordnancesurvey.co.uk/id/country/wales,,,
osgb4000000074796036,http://data.ordnancesurvey.co.uk/id/4000000074796036,Lily Pools,,,,hydrography,Inland Water,196841,194840,4000,40000,196621,194590,197169,195090,SA71,http://data.ordnancesurvey.co.uk/id/postcodedistrict/SA71,,,,,,,Sir Benfro - Pembrokeshire,http://data.ordnancesurvey.co.uk/id/7000000000025490,http://data.ordnancesurvey.co.uk/ontology/admingeo/UnitaryAuthority,Wales,http://data.ordnancesurvey.co.uk/id/7000000000041424,Wales,http://data.ordnancesurvey.co.uk/id/country/wales,,,
osgb4000000074787031,http://data.ordnancesurvey.co.uk/id/4000000074787031,New Quay,,,,hydrography,Tidal Water,197485,193106,1000,150000,197173,192856,197673,193356,SA71,http://data.ordnancesurvey.co.uk/id/postcodedistrict/SA71,,,,,,,Sir Benfro - Pembrokeshire,http://data.ordnancesurvey.co.uk/id/7000000000025490,http://data.ordnancesurvey.co.uk/ontology/admingeo/UnitaryAuthority,Wales,http://data.ordnancesurvey.co.uk/id/7000000000041424,Wales,http://data.ordnancesurvey.co.uk/id/country/wales,,,
osgb4000000074778406,http://data.ordnancesurvey.co.uk/id/4000000074778406,North Hill,,,,landform,Hill Or Mountain,196947,194217,1000,300000,196697,193967,197197,194467,SA71,http://data.ordnancesurvey.co.uk/id/postcodedistrict/SA71,,,,,,,Sir Benfro - Pembrokeshire,http://data.ordnancesurvey.co.uk/id/7000000000025490,http://data.ordnancesurvey.co.uk/ontology/admingeo/UnitaryAuthority,Wales,http://data.ordnancesurvey.co.uk/id/7000000000041424,Wales,http://data.ordnancesurvey.co.uk/id/country/wales,,,
osgb4000000074751227,http://data.ordnancesurvey.co.uk/id/4000000074751227,Moody Nose,,,,landform,Other Coastal Landform,193544,194283,1000,20000,193294,194032,193794,194532,SA71,http://data.ordnancesurvey.co.uk/id/postcodedistrict/SA71,,,,,,,Sir Benfro - Pembrokeshire,http://data.ordnancesurvey.co.uk/id/7000000000025490,http://data.ordnancesurvey.co.uk/ontology/admingeo/UnitaryAuthority,Wales,http://data.ordnancesurvey.co.uk/id/7000000000041424,Wales,http://data.ordnancesurvey.co.uk/id/country/wales,,,
osgb4000000074604323,http://data.ordnancesurvey.co.uk/id/4000000074604323,Pen-y-holt Stack,,,,landform,Island,189648,195245,1000,800000,189398,194995,189898,195495,SA71,http://data.ordnancesurvey.co.uk/id/postcodedistrict/SA71,,,,,,,Sir Benfro - Pembrokeshire,http://data.ordnancesurvey.co.uk/id/7000000000025490,http://data.ordnancesurvey.co.uk/ontology/admingeo/UnitaryAuthority,Wales,http://data.ordnancesurvey.co.uk/id/7000000000041424,Wales,http://data.ordnancesurvey.co.uk/id/country/wales,,,
osgb4000000074628896,http://data.ordnancesurvey.co.uk/id/4000000074628896,Green Wood,,,,landcover,Woodland Or Forest,192983,199627,1000,400000,192737,199377,193237,199877,SA71,http://data.ordnancesurvey.co.uk/id/postcodedistrict/SA71,,,,,,,Sir Benfro - Pembrokeshire,http://data.ordnancesurvey.co.uk/id/7000000000025490,http://data.ordnancesurvey.co.uk/ontology/admingeo/UnitaryAuthority,Wales,http://data.ordnancesurvey.co.uk/id/7000000000041424,Wales,http://data.ordnancesurvey.co.uk/id/country/wales,,,
osgb4000000074751231,http://data.ordnancesurvey.co.uk/id/4000000074751231,Hanging Tar,,,,landform,Other Coastal Landform,188153,196624,1000,50000,187903,196381,188403,196881,SA71,http://data.ordnancesurvey.co.uk/id/postcodedistrict/SA71,,,,,,,Sir Benfro - Pembrokeshire,http://data.ordnancesurvey.co.uk/id/7000000000025490,http://data.ordnancesurvey.co.uk/ontology/admingeo/UnitaryAuthority,Wales,http://data.ordnancesurvey.co.uk/id/7000000000041424,Wales,http://data.ordnancesurvey.co.uk/id/country/wales,,,
osgb4000000074641560,http://data.ordnancesurvey.co.uk/id/4000000074641560,Castle Dock Wood,,,,landcover,Woodland Or Forest,197675,196837,6000,400000,197383,196361,198102,197313,SA71,http://data.ordnancesurvey.co.uk/id/postcodedistrict/SA71,,,,,,,Sir Benfro - Pembrokeshire,http://data.ordnancesurvey.co.uk/id/7000000000025490,http://data.ordnancesurvey.co.uk/ontology/admingeo/UnitaryAuthority,Wales,http://data.ordnancesurvey.co.uk/id/7000000000041424,Wales,http://data.ordnancesurvey.co.uk/id/country/wales,,,
osgb4000000020845714,http://data.ordnancesurvey.co.uk/id/4000000020845714,Church Lane,,,,transportNetwork,Named Road,191144,198694,3000,20000,190992,198458,191261,198896,SA71,http://data.ordnancesurvey.co.uk/id/postcodedistrict/SA71,,,,,,,Sir Benfro - Pembrokeshire,http://data.ordnancesurvey.co.uk/id/7000000000025490,http://data.ordnancesurvey.co.uk/ontology/admingeo/UnitaryAuthority,Wales,http://data.ordnancesurvey.co.uk/id/7000000000041424,Wales,http://data.ordnancesurvey.co.uk/id/country/wales,,,
c44e5281-0592-4974-b5ee-0a19a51288a5,http://data.ordnancesurvey.co.uk/id/c44e5281-0592-4974-b5ee-0a19a51288a5,West Lane,,,,transportNetwork,Section Of Named Road,193167,197501,1000,25000,193106,197456,193232,197543,SA71,http://data.ordnancesurvey.co.uk/id/postcodedistrict/SA71,Warren,http://data.ordnancesurvey.co.uk/id/4000000074541314,http://www.ordnancesurvey.co.uk/xml/codelists/localtype.xml#hamlet,,,,Sir Benfro - Pembrokeshire,http://data.ordnancesurvey.co.uk/id/7000000000025490,http://data.ordnancesurvey.co.uk/ontology/admingeo/UnitaryAuthority,Wales,http://data.ordnancesurvey.co.uk/id/7000000000041424,Wales,http://data.ordnancesurvey.co.uk/id/country/wales,osgb4000000020845624,,
osgb4000000074628491,http://data.ordnancesurvey.co.uk/id/4000000074628491,Coldwell Wood,,,,landcover,Woodland Or Forest,196920,196894,4000,400000,196671,196620,197171,197278,SA71,http://data.ordnancesurvey.co.uk/id/postcodedistrict/SA71,,,,,,,Sir Benfro - Pembrokeshire,http://data.ordnancesurvey.co.uk/id/7000000000025490,http://data.ordnancesurvey.co.uk/ontology/admingeo/UnitaryAuthority,Wales,http://data.ordnancesurvey.co.uk/id/7000000000041424,Wales,http://data.ordnancesurvey.co.uk/id/country/wales,,,
osgb4000000074732760,http://data.ordnancesurvey.co.uk/id/4000000074732760,Buckspool Down,,,,landcover,Other Landcover,195596,193642,6000,800000,195129,193304,196047,193979,SA71,http://data.ordnancesurvey.co.uk/id/postcodedistrict/SA71,,,,,,,Sir Benfro - Pembrokeshire,http://data.ordnancesurvey.co.uk/id/7000000000025490,http://data.ordnancesurvey.co.uk/ontology/admingeo/UnitaryAuthority,Wales,http://data.ordnancesurvey.co.uk/id/7000000000041424,Wales,http://data.ordnancesurvey.co.uk/id/country/wales,,,
osgb4000000074712832,http://data.ordnancesurvey.co.uk/id/4000000074712832,Sampson Brake,,,,landform,Valley,196730,195338,3000,800000,196481,195160,196981,195660,SA71,http://data.ordnancesurvey.co.uk/id/postcodedistrict/SA71,,,,,,,Sir Benfro - Pembrokeshire,http://data.ordnancesurvey.co.uk/id/7000000000025490,http://data.ordnancesurvey.co.uk/ontology/admingeo/UnitaryAuthority,Wales,http://data.ordnancesurvey.co.uk/id/7000000000041424,Wales,http://data.ordnancesurvey.co.uk/id/country/wales,,,
osgb4000000074744048,http://data.ordnancesurvey.co.uk/id/4000000074744048,Trevallen Downs,,,,landcover,Other Landcover,197165,193010,7000,1300000,196615,192643,197636,193377,SA71,http://data.ordnancesurvey.co.uk/id/postcodedistrict/SA71,,,,,,,Sir Benfro - Pembrokeshire,http://data.ordnancesurvey.co.uk/id/7000000000025490,http://data.ordnancesurvey.co.uk/ontology/admingeo/UnitaryAuthority,Wales,http://data.ordnancesurvey.co.uk/id/7000000000041424,Wales,http://data.ordnancesurvey.co.uk/id/country/wales,,,
osgb4000000074796037,http://data.ordnancesurvey.co.uk/id/4000000074796037,Frains Lake,,,,hydrography,Inland Water,189430,197712,2000,500000,189244,197463,189744,197963,SA71,http://data.ordnancesurvey.co.uk/id/postcodedistrict/SA71,,,,,,,Sir Benfro - Pembrokeshire,http://data.ordnancesurvey.co.uk/id/7000000000025490,http://data.ordnancesurvey.co.uk/ontology/admingeo/UnitaryAuthority,Wales,http://data.ordnancesurvey.co.uk/id/7000000000041424,Wales,http://data.ordnancesurvey.co.uk/id/country/wales,,,
osgb4000000074604742,http://data.ordnancesurvey.co.uk/id/4000000074604742,Cabin Door,,,,landform,Island,189726,195312,1000,800000,189475,195062,189975,195562,SA71,http://data.ordnancesurvey.co.uk/id/postcodedistrict/SA71,,,,,,,Sir Benfro - Pembrokeshire,http://data.ordnancesurvey.co.uk/id/7000000000025490,http://data.ordnancesurvey.co.uk/ontology/admingeo/UnitaryAuthority,Wales,http://data.ordnancesurvey.co.uk/id/7000000000041424,Wales,http://data.ordnancesurvey.co.uk/id/country/wales,,,
osgb4000000074628083,http://data.ordnancesurvey.co.uk/id/4000000074628083,Quay Wood,,,,landcover,Woodland Or Forest,198735,196000,2000,400000,198492,195750,198992,196250,SA71,http://data.ordnancesurvey.co.uk/id/postcodedistrict/SA71,,,,,,,Sir Benfro - Pembrokeshire,http://data.ordnancesurvey.co.uk/id/7000000000025490,http://data.ordnancesurvey.co.uk/ontology/admingeo/UnitaryAuthority,Wales,http://data.ordnancesurvey.co.uk/id/7000000000041424,Wales,http://data.ordnancesurvey.co.uk/id/country/wales,,,
osgb4000000074751230,http://data.ordnancesurvey.co.uk/id/4000000074751230,Linney Head,,,,landform,Coastal Headland,188358,195816,1000,750000,188109,195574,188609,196074,SA71,http://data.ordnancesurvey.co.uk/id/postcodedistrict/SA71,,,,,,,Sir Benfro - Pembrokeshire,http://data.ordnancesurvey.co.uk/id/7000000000025490,http://data.ordnancesurvey.co.uk/ontology/admingeo/UnitaryAuthority,Wales,http://data.ordnancesurvey.co.uk/id/7000000000041424,Wales,http://data.ordnancesurvey.co.uk/id/country/wales,,,
osgb4000000074814550,http://data.ordnancesurvey.co.uk/id/4000000074814550,White Well,,,,hydrography,Inland Water,196591,195037,1000,500000,196340,194788,196840,195288,SA71,http://data.ordnancesurvey.co.uk/id/postcodedistrict/SA71,,,,,,,Sir Benfro - Pembrokeshire,http://data.ordnancesurvey.co.uk/id/7000000000025490,http://data.ordnancesurvey.co.uk/ontology/admingeo/UnitaryAuthority,Wales,http://data.ordnancesurvey.co.uk/id/7000000000041424,Wales,http://data.ordnancesurvey.co.uk/id/country/wales,,,
osgb4000000074641964,http://data.ordnancesurvey.co.uk/id/4000000074641964,Kennel Wood,,,,landcover,Woodland Or Forest,195746,199770,3000,400000,195514,199520,196014,200020,SA71,http://data.ordnancesurvey.co.uk/id/postcodedistrict/SA71,,,,,,,Sir Benfro - Pembrokeshire,http://data.ordnancesurvey.co.uk/id/7000000000025490,http://data.ordnancesurvey.co.uk/ontology/admingeo/UnitaryAuthority,Wales,http://data.ordnancesurvey.co.uk/id/7000000000041424,Wales,http://data.ordnancesurvey.co.uk/id/country/wales,,,
osgb4000000074778404,http://data.ordnancesurvey.co.uk/id/4000000074778404,Belvidere Hill,,,,landform,Hill Or Mountain,197418,196743,1000,300000,197168,196493,197668,196993,SA71,http://data.ordnancesurvey.co.uk/id/postcodedistrict/SA71,,,,,,,Sir Benfro - Pembrokeshire,http://data.ordnancesurvey.co.uk/id/7000000000025490,http://data.ordnancesurvey.co.uk/ontology/admingeo/UnitaryAuthority,Wales,http://data.ordnancesurvey.co.uk/id/7000000000041424,Wales,http://data.ordnancesurvey.co.uk/id/country/wales,,,
osgb4000000074604321,http://data.ordnancesurvey.co.uk/id/4000000074604321,Church Rock,,,,landform,Island,198284,193727,1000,800000,198040,193477,198540,193977,SA71,http://data.ordnancesurvey.co.uk/id/postcodedistrict/SA71,,,,,,,Sir Benfro - Pembrokeshire,http://data.ordnancesurvey.co.uk/id/7000000000025490,http://data.ordnancesurvey.co.uk/ontology/admingeo/UnitaryAuthority,Wales,http://data.ordnancesurvey.co.uk/id/7000000000041424,Wales,http://data.ordnancesurvey.co.uk/id/country/wales,,,
osgb4000000074612653,http://data.ordnancesurvey.co.uk/id/4000000074612653,The Pole,,,,landform,Island,188662,197524,4000,800000,188356,197274,188908,197774,SA71,http://data.ordnancesurvey.co.uk/id/postcodedistrict/SA71,,,,,,,Sir Benfro - Pembrokeshire,http://data.ordnancesurvey.co.uk/id/7000000000025490,http://data.ordnancesurvey.co.uk/ontology/admingeo/UnitaryAuthority,Wales,http://data.ordnancesurvey.co.uk/id/7000000000041424,Wales,http://data.ordnancesurvey.co.uk/id/country/wales,,,
osgb4000000074628494,http://data.ordnancesurvey.co.uk/id/4000000074628494,Limebridge Belt,,,,landcover,Woodland Or Forest,196253,199561,3000,400000,196003,199297,196503,199797,SA71,http://data.ordnancesurvey.co.uk/id/postcodedistrict/SA71,,,,,,,Sir Benfro - Pembrokeshire,http://data.ordnancesurvey.co.uk/id/7000000000025490,http://data.ordnancesurvey.co.uk/ontology/admingeo/UnitaryAuthority,Wales,http://data.ordnancesurvey.co.uk/id/7000000000041424,Wales,http://data.ordnancesurvey.co.uk/id/country/wales,,,
osgb4000000074750781,http://data.ordnancesurvey.co.uk/id/4000000074750781,Newton Saddle,,,,landform,Other Coastal Landform,195851,192877,1000,50000,195601,192640,196101,193140,SA71,http://data.ordnancesurvey.co.uk/id/postcodedistrict/SA71,,,,,,,Sir Benfro - Pembrokeshire,http://data.ordnancesurvey.co.uk/id/7000000000025490,http://data.ordnancesurvey.co.uk/ontology/admingeo/UnitaryAuthority,Wales,http://data.ordnancesurvey.co.uk/id/7000000000041424,Wales,http://data.ordnancesurvey.co.uk/id/country/wales,,,
osgb4000000074732918,http://data.ordnancesurvey.co.uk/id/4000000074732918,Linney Down,,,,landcover,Other Landcover,188760,195899,10000,1300000,188087,195505,189433,197101,SA71,http://data.ordnancesurvey.co.uk/id/postcodedistrict/SA71,,,,,,,Sir Benfro - Pembrokeshire,http://data.ordnancesurvey.co.uk/id/7000000000025490,http://data.ordnancesurvey.co.uk/ontology/admingeo/UnitaryAuthority,Wales,http://data.ordnancesurvey.co.uk/id/7000000000041424,Wales,http://data.ordnancesurvey.co.uk/id/country/wales,,,
osgb4000000074732762,http://data.ordnancesurvey.co.uk/id/4000000074732762,Dry Burrows,,,,landcover,Other Landcover,195080,199630,7000,800000,194538,199229,195540,200030,SA71,http://data.ordnancesurvey.co.uk/id/postcodedistrict/SA71,,,,,,,Sir Benfro - Pembrokeshire,http://data.ordnancesurvey.co.uk/id/7000000000025490,http://data.ordnancesurvey.co.uk/ontology/admingeo/UnitaryAuthority,Wales,http://data.ordnancesurvey.co.uk/id/7000000000041424,Wales,http://data.ordnancesurvey.co.uk/id/country/wales,,,
osgb4000000074784037,http://data.ordnancesurvey.co.uk/id/4000000074784037,Birch Hill,,,,landform,Hill Or Mountain,197844,195458,1000,300000,197594,195208,198094,195708,SA71,http://data.ordnancesurvey.co.uk/id/postcodedistrict/SA71,,,,,,,Sir Benfro - Pembrokeshire,http://data.ordnancesurvey.co.uk/id/7000000000025490,http://data.ordnancesurvey.co.uk/ontology/admingeo/UnitaryAuthority,Wales,http://data.ordnancesurvey.co.uk/id/7000000000041424,Wales,http://data.ordnancesurvey.co.uk/id/country/wales,,,
osgb4000000074740725,http://data.ordnancesurvey.co.uk/id/4000000074740725,The Downs,,,,landcover,Other Landcover,199951,197982,6000,800000,199411,197592,200394,198371,SA71,http://data.ordnancesurvey.co.uk/id/postcodedistrict/SA71,,,,,,,Sir Benfro - Pembrokeshire,http://data.ordnancesurvey.co.uk/id/7000000000025490,http://data.ordnancesurvey.co.uk/ontology/admingeo/UnitaryAuthority,Wales,http://data.ordnancesurvey.co.uk/id/7000000000041424,Wales,http://data.ordnancesurvey.co.uk/id/country/wales,,,
osgb4000000074784880,http://data.ordnancesurvey.co.uk/id/4000000074784880,Bullslaughter Bay,,,,hydrography,Bay,194062,194239,2000,150000,193812,193967,194312,194466,SA71,http://data.ordnancesurvey.co.uk/id/postcodedistrict/SA71,,,,,,,Sir Benfro - Pembrokeshire,http://data.ordnancesurvey.co.uk/id/7000000000025490,http://data.ordnancesurvey.co.uk/ontology/admingeo/UnitaryAuthority,Wales,http://data.ordnancesurvey.co.uk/id/7000000000041424,Wales,http://data.ordnancesurvey.co.uk/id/country/wales,,,
osgb4000000074744049,http://data.ordnancesurvey.co.uk/id/4000000074744049,Newton Down,,,,landcover,Other Landcover,196247,193098,6000,1300000,195848,192812,196717,193385,SA71,http://data.ordnancesurvey.co.uk/id/postcodedistrict/SA71,,,,,,,Sir Benfro - Pembrokeshire,http://data.ordnancesurvey.co.uk/id/7000000000025490,http://data.ordnancesurvey.co.uk/ontology/admingeo/UnitaryAuthority,Wales,http://data.ordnancesurvey.co.uk/id/7000000000041424,Wales,http://data.ordnancesurvey.co.uk/id/country/wales,,,
osgb4000000074628490,http://data.ordnancesurvey.co.uk/id/4000000074628490,Furzton Wood,,,,landcover,Woodland Or Forest,197529,198783,1000,400000,197279,198516,197779,199016,SA71,http://data.ordnancesurvey.co.uk/id/postcodedistrict/SA71,,,,,,,Sir Benfro - Pembrokeshire,http://data.ordnancesurvey.co.uk/id/7000000000025490,http://data.ordnancesurvey.co.uk/ontology/admingeo/UnitaryAuthority,Wales,http://data.ordnancesurvey.co.uk/id/7000000000041424,Wales,http://data.ordnancesurvey.co.uk/id/country/wales,,,
osgb4000000074641966,http://data.ordnancesurvey.co.uk/id/4000000074641966,Mount Sion Covert,,,,landcover,Woodland Or Forest,191689,195695,3000,400000,191348,195445,191848,195945,SA71,http://data.ordnancesurvey.co.uk/id/postcodedistrict/SA71,,,,,,,Sir Benfro - Pembrokeshire,http://data.ordnancesurvey.co.uk/id/7000000000025490,http://data.ordnancesurvey.co.uk/ontology/admingeo/UnitaryAuthority,Wales,http://data.ordnancesurvey.co.uk/id/7000000000041424,Wales,http://data.ordnancesurvey.co.uk/id/country/wales,,,
osgb4000000074732916,http://data.ordnancesurvey.co.uk/id/4000000074732916,Bulliber Down,,,,landcover,Other Landcover,190766,195445,8000,1300000,190162,194932,191370,196045,SA71,http://data.ordnancesurvey.co.uk/id/postcodedistrict/SA71,,,,,,,Sir Benfro - Pembrokeshire,http://data.ordnancesurvey.co.uk/id/7000000000025490,http://data.ordnancesurvey.co.uk/ontology/admingeo/UnitaryAuthority,Wales,http://data.ordnancesurvey.co.uk/id/7000000000041424,Wales,http://data.ordnancesurvey.co.uk/id/country/wales,,,
osgb4000000074787074,http://data.ordnancesurvey.co.uk/id/4000000074787074,Griffith Lorts Hole,,,,hydrography,Tidal Water,199272,194811,1000,150000,199023,194561,199523,195061,SA71,http://data.ordnancesurvey.co.uk/id/postcodedistrict/SA71,,,,,,,Sir Benfro - Pembrokeshire,http://data.ordnancesurvey.co.uk/id/7000000000025490,http://data.ordnancesurvey.co.uk/ontology/admingeo/UnitaryAuthority,Wales,http://data.ordnancesurvey.co.uk/id/7000000000041424,Wales,http://data.ordnancesurvey.co.uk/id/country/wales,,,
osgb4000000074718508,http://data.ordnancesurvey.co.uk/id/4000000074718508,Cheriton Bottom,,,,landform,Valley,198483,196937,4000,800000,198225,196657,198725,197217,SA71,http://data.ordnancesurvey.co.uk/id/postcodedistrict/SA71,,,,,,,Sir Benfro - Pembrokeshire,http://data.ordnancesurvey.co.uk/id/7000000000025490,http://data.ordnancesurvey.co.uk/ontology/admingeo/UnitaryAuthority,Wales,http://data.ordnancesurvey.co.uk/id/7000000000041424,Wales,http://data.ordnancesurvey.co.uk/id/country/wales,,,
osgb4000000074732761,http://data.ordnancesurvey.co.uk/id/4000000074732761,Crickmail Down,,,,landcover,Other Landcover,194552,194074,4000,1300000,194275,193824,194829,194324,SA71,http://data.ordnancesurvey.co.uk/id/postcodedistrict/SA71,,,,,,,Sir Benfro - Pembrokeshire,http://data.ordnancesurvey.co.uk/id/7000000000025490,http://data.ordnancesurvey.co.uk/ontology/admingeo/UnitaryAuthority,Wales,http://data.ordnancesurvey.co.uk/id/7000000000041424,Wales,http://data.ordnancesurvey.co.uk/id/country/wales,,,
osgb4000000074628492,http://data.ordnancesurvey.co.uk/id/4000000074628492,Limebridge Wood,,,,landcover,Woodland Or Forest,195974,199071,4000,400000,195724,198919,196224,199522,SA71,http://data.ordnancesurvey.co.uk/id/postcodedistrict/SA71,,,,,,,Sir Benfro - Pembrokeshire,http://data.ordnancesurvey.co.uk/id/7000000000025490,http://data.ordnancesurvey.co.uk/ontology/admingeo/UnitaryAuthority,Wales,http://data.ordnancesurvey.co.uk/id/7000000000041424,Wales,http://data.ordnancesurvey.co.uk/id/country/wales,,,
osgb4000000074784881,http://data.ordnancesurvey.co.uk/id/4000000074784881,Flimston Bay,,,,hydrography,Bay,193245,194467,3000,150000,193034,194217,193547,194717,SA71,http://data.ordnancesurvey.co.uk/id/postcodedistrict/SA71,,,,,,,Sir Benfro - Pembrokeshire,http://data.ordnancesurvey.co.uk/id/7000000000025490,http://data.ordnancesurvey.co.uk/ontology/admingeo/UnitaryAuthority,Wales,http://data.ordnancesurvey.co.uk/id/7000000000041424,Wales,http://data.ordnancesurvey.co.uk/id/country/wales,,,
osgb4000000074604743,http://data.ordnancesurvey.co.uk/id/4000000074604743,Brimstone Rock,,,,landform,Island,188033,196799,1000,800000,187783,196534,188283,197034,SA71,http://data.ordnancesurvey.co.uk/id/postcodedistrict/SA71,,,,,,,Sir Benfro - Pembrokeshire,http://data.ordnancesurvey.co.uk/id/7000000000025490,http://data.ordnancesurvey.co.uk/ontology/admingeo/UnitaryAuthority,Wales,http://data.ordnancesurvey.co.uk/id/7000000000041424,Wales,http://data.ordnancesurvey.co.uk/id/country/wales,,,
osgb4000000074778400,http://data.ordnancesurvey.co.uk/id/4000000074778400,Kingston Hill,,,,landform,Hill Or Mountain,198626,199434,1000,300000,198376,199184,198876,199684,SA71,http://data.ordnancesurvey.co.uk/id/postcodedistrict/SA71,,,,,,,Sir Benfro - Pembrokeshire,http://data.ordnancesurvey.co.uk/id/7000000000025490,http://data.ordnancesurvey.co.uk/ontology/admingeo/UnitaryAuthority,Wales,http://data.ordnancesurvey.co.uk/id/7000000000041424,Wales,http://data.ordnancesurvey.co.uk/id/country/wales,,,
osgb4000000074641963,http://data.ordnancesurvey.co.uk/id/4000000074641963,Cockshot Wood,,,,landcover,Woodland Or Forest,195451,199407,2000,400000,195202,199160,195702,199660,SA71,http://data.ordnancesurvey.co.uk/id/postcodedistrict/SA71,,,,,,,Sir Benfro - Pembrokeshire,http://data.ordnancesurvey.co.uk/id/7000000000025490,http://data.ordnancesurvey.co.uk/ontology/admingeo/UnitaryAuthority,Wales,http://data.ordnancesurvey.co.uk/id/7000000000041424,Wales,http://data.ordnancesurvey.co.uk/id/country/wales,,,
osgb4000000074715815,http://data.ordnancesurvey.co.uk/id/4000000074715815,Pen-y-holt Down,,,,landcover,Other Landcover,189896,195551,6000,1300000,189334,195302,190202,195802,SA71,http://data.ordnancesurvey.co.uk/id/postcodedistrict/SA71,,,,,,,Sir Benfro - Pembrokeshire,http://data.ordnancesurvey.co.uk/id/7000000000025490,http://data.ordnancesurvey.co.uk/ontology/admingeo/UnitaryAuthority,Wales,http://data.ordnancesurvey.co.uk/id/7000000000041424,Wales,http://data.ordnancesurvey.co.uk/id/country/wales,,,
osgb4000000074798485,http://data.ordnancesurvey.co.uk/id/4000000074798485,Barafundle Bay,,,,hydrography,Bay,199337,195014,7000,150000,199072,194323,199601,195403,SA71,http://data.ordnancesurvey.co.uk/id/postcodedistrict/SA71,,,,,,,Sir Benfro - Pembrokeshire,http://data.ordnancesurvey.co.uk/id/7000000000025490,http://data.ordnancesurvey.co.uk/ontology/admingeo/UnitaryAuthority,Wales,http://data.ordnancesurvey.co.uk/id/7000000000041424,Wales,http://data.ordnancesurvey.co.uk/id/country/wales,,,
osgb4000000074750607,http://data.ordnancesurvey.co.uk/id/4000000074750607,Long Matthew Point,,,,landform,Coastal Headland,197579,192816,1000,750000,197330,192565,197830,193065,SA71,http://data.ordnancesurvey.co.uk/id/postcodedistrict/SA71,,,,,,,Sir Benfro - Pembrokeshire,http://data.ordnancesurvey.co.uk/id/7000000000025490,http://data.ordnancesurvey.co.uk/ontology/admingeo/UnitaryAuthority,Wales,http://data.ordnancesurvey.co.uk/id/7000000000041424,Wales,http://data.ordnancesurvey.co.uk/id/country/wales,,,
osgb4000000074751228,http://data.ordnancesurvey.co.uk/id/4000000074751228,Crocksydam,,,,landcover,Wetland,193540,194360,1000,200000,193283,194110,193783,194610,SA71,http://data.ordnancesurvey.co.uk/id/postcodedistrict/SA71,,,,,,,Sir Benfro - Pembrokeshire,http://data.ordnancesurvey.co.uk/id/7000000000025490,http://data.ordnancesurvey.co.uk/ontology/admingeo/UnitaryAuthority,Wales,http://data.ordnancesurvey.co.uk/id/7000000000041424,Wales,http://data.ordnancesurvey.co.uk/id/country/wales,,,
osgb4000000074597195,http://data.ordnancesurvey.co.uk/id/4000000074597195,Sampson Brake,,,,landcover,Woodland Or Forest,196732,195340,3000,400000,196482,195168,196981,195668,SA71,http://data.ordnancesurvey.co.uk/id/postcodedistrict/SA71,,,,,,,Sir Benfro - Pembrokeshire,http://data.ordnancesurvey.co.uk/id/7000000000025490,http://data.ordnancesurvey.co.uk/ontology/admingeo/UnitaryAuthority,Wales,http://data.ordnancesurvey.co.uk/id/7000000000041424,Wales,http://data.ordnancesurvey.co.uk/id/country/wales,,,
osgb4000000074628493,http://data.ordnancesurvey.co.uk/id/4000000074628493,Orielton Wood,,,,landcover,Woodland Or Forest,195841,198825,6000,400000,195197,198575,196114,199075,SA71,http://data.ordnancesurvey.co.uk/id/postcodedistrict/SA71,,,,,,,Sir Benfro - Pembrokeshire,http://data.ordnancesurvey.co.uk/id/7000000000025490,http://data.ordnancesurvey.co.uk/ontology/admingeo/UnitaryAuthority,Wales,http://data.ordnancesurvey.co.uk/id/7000000000041424,Wales,http://data.ordnancesurvey.co.uk/id/country/wales,,,
osgb4000000074628082,http://data.ordnancesurvey.co.uk/id/4000000074628082,Shippingback Wood,,,,landcover,Woodland Or Forest,198710,195406,2000,400000,198460,195140,198960,195640,SA71,http://data.ordnancesurvey.co.uk/id/postcodedistrict/SA71,,,,,,,Sir Benfro - Pembrokeshire,http://data.ordnancesurvey.co.uk/id/7000000000025490,http://data.ordnancesurvey.co.uk/ontology/admingeo/UnitaryAuthority,Wales,http://data.ordnancesurvey.co.uk/id/7000000000041424,Wales,http://data.ordnancesurvey.co.uk/id/country/wales,,,
osgb4000000074751229,http://data.ordnancesurvey.co.uk/id/4000000074751229,Flimston Castles,,,,landform,Other Coastal Landform,193062,194498,1000,20000,192813,194247,193313,194747,SA71,http://data.ordnancesurvey.co.uk/id/postcodedistrict/SA71,,,,,,,Sir Benfro - Pembrokeshire,http://data.ordnancesurvey.co.uk/id/7000000000025490,http://data.ordnancesurvey.co.uk/ontology/admingeo/UnitaryAuthority,Wales,http://data.ordnancesurvey.co.uk/id/7000000000041424,Wales,http://data.ordnancesurvey.co.uk/id/country/wales,,,
osgb4000000074641967,http://data.ordnancesurvey.co.uk/id/4000000074641967,Underhill Wood,,,,landcover,Woodland Or Forest,194386,198020,2000,400000,194140,197770,194640,198270,SA71,http://data.ordnancesurvey.co.uk/id/postcodedistrict/SA71,,,,,,,Sir Benfro - Pembrokeshire,http://data.ordnancesurvey.co.uk/id/7000000000025490,http://data.ordnancesurvey.co.uk/ontology/admingeo/UnitaryAuthority,Wales,http://data.ordnancesurvey.co.uk/id/7000000000041424,Wales,http://data.ordnancesurvey.co.uk/id/country/wales,,,
osgb4000000074798573,http://data.ordnancesurvey.co.uk/id/4000000074798573,Broad Haven,,,,hydrography,Tidal Water,198014,193901,5000,150000,197675,193498,198329,194304,SA71,http://data.ordnancesurvey.co.uk/id/postcodedistrict/SA71,,,,,,,Sir Benfro - Pembrokeshire,http://data.ordnancesurvey.co.uk/id/7000000000025490,http://data.ordnancesurvey.co.uk/ontology/admingeo/UnitaryAuthority,Wales,http://data.ordnancesurvey.co.uk/id/7000000000041424,Wales,http://data.ordnancesurvey.co.uk/id/country/wales,,,
osgb4000000074760929,http://data.ordnancesurvey.co.uk/id/4000000074760929,Gun Cliff,,,,landform,Cliff Or Slope,198938,194368,1000,40000,198616,194118,199116,194618,SA71,http://data.ordnancesurvey.co.uk/id/postcodedistrict/SA71,,,,,,,Sir Benfro - Pembrokeshire,http://data.ordnancesurvey.co.uk/id/7000000000025490,http://data.ordnancesurvey.co.uk/ontology/admingeo/UnitaryAuthority,Wales,http://data.ordnancesurvey.co.uk/id/7000000000041424,Wales,http://data.ordnancesurvey.co.uk/id/country/wales,,,
osgb4000000074751082,http://data.ordnancesurvey.co.uk/id/4000000074751082,Lattice Windows,,,,landform,Other Coastal Landform,199284,194794,1000,20000,199038,194544,199538,195044,SA71,http://data.ordnancesurvey.co.uk/id/postcodedistrict/SA71,,,,,,,Sir Benfro - Pembrokeshire,http://data.ordnancesurvey.co.uk/id/7000000000025490,http://data.ordnancesurvey.co.uk/ontology/admingeo/UnitaryAuthority,Wales,http://data.ordnancesurvey.co.uk/id/7000000000041424,Wales,http://data.ordnancesurvey.co.uk/id/country/wales,,,
osgb4000000074784879,http://data.ordnancesurvey.co.uk/id/4000000074784879,Bosherston Mere,,,,hydrography,Tidal Water,196225,192842,1000,150000,195976,192624,196476,193124,SA71,http://data.ordnancesurvey.co.uk/id/postcodedistrict/SA71,,,,,,,Sir Benfro - Pembrokeshire,http://data.ordnancesurvey.co.uk/id/7000000000025490,http://data.ordnancesurvey.co.uk/ontology/admingeo/UnitaryAuthority,Wales,http://data.ordnancesurvey.co.uk/id/7000000000041424,Wales,http://data.ordnancesurvey.co.uk/id/country/wales,,,
osgb4000000074750874,http://data.ordnancesurvey.co.uk/id/4000000074750874,The Devil's Barn,,,,landform,Other Coastal Landform,195952,193000,1000,20000,195702,192751,196202,193251,SA71,http://data.ordnancesurvey.co.uk/id/postcodedistrict/SA71,,,,,,,Sir Benfro - Pembrokeshire,http://data.ordnancesurvey.co.uk/id/7000000000025490,http://data.ordnancesurvey.co.uk/ontology/admingeo/UnitaryAuthority,Wales,http://data.ordnancesurvey.co.uk/id/7000000000041424,Wales,http://data.ordnancesurvey.co.uk/id/country/wales,,,
osgb4000000074628085,http://data.ordnancesurvey.co.uk/id/4000000074628085,Lyserry Covert,,,,landcover,Woodland Or Forest,195423,195858,2000,400000,195168,195608,195668,196108,SA71,http://data.ordnancesurvey.co.uk/id/postcodedistrict/SA71,,,,,,,Sir Benfro - Pembrokeshire,http://data.ordnancesurvey.co.uk/id/7000000000025490,http://data.ordnancesurvey.co.uk/ontology/admingeo/UnitaryAuthority,Wales,http://data.ordnancesurvey.co.uk/id/7000000000041424,Wales,http://data.ordnancesurvey.co.uk/id/country/wales,,,
osgb4000000074750694,http://data.ordnancesurvey.co.uk/id/4000000074750694,Saddle Head,,,,landform,Coastal Headland,195883,192911,1000,750000,195633,192643,196133,193143,SA71,http://data.ordnancesurvey.co.uk/id/postcodedistrict/SA71,,,,,,,Sir Benfro - Pembrokeshire,http://data.ordnancesurvey.co.uk/id/7000000000025490,http://data.ordnancesurvey.co.uk/ontology/admingeo/UnitaryAuthority,Wales,http://data.ordnancesurvey.co.uk/id/7000000000041424,Wales,http://data.ordnancesurvey.co.uk/id/country/wales,,,
osgb4000000074748510,http://data.ordnancesurvey.co.uk/id/4000000074748510,Stack Rocks,,,,landform,Island,192688,194481,1000,800000,192438,194236,192938,194736,SA71,http://data.ordnancesurvey.co.uk/id/postcodedistrict/SA71,,,,,,,Sir Benfro - Pembrokeshire,http://data.ordnancesurvey.co.uk/id/7000000000025490,http://data.ordnancesurvey.co.uk/ontology/admingeo/UnitaryAuthority,Wales,http://data.ordnancesurvey.co.uk/id/7000000000041424,Wales,http://data.ordnancesurvey.co.uk/id/country/wales,,,
osgb4000000074732913,http://data.ordnancesurvey.co.uk/id/4000000074732913,Longstone Down,,,,landcover,Other Landcover,193741,194599,2000,1300000,193489,194349,193989,194849,SA71,http://data.ordnancesurvey.co.uk/id/postcodedistrict/SA71,,,,,,,Sir Benfro - Pembrokeshire,http://data.ordnancesurvey.co.uk/id/7000000000025490,http://data.ordnancesurvey.co.uk/ontology/admingeo/UnitaryAuthority,Wales,http://data.ordnancesurvey.co.uk/id/7000000000041424,Wales,http://data.ordnancesurvey.co.uk/id/country/wales,,,
osgb4000000074612652,http://data.ordnancesurvey.co.uk/id/4000000074612652,Star Rock,,,,landform,Island,197826,193773,1000,800000,197581,193523,198081,194023,SA71,http://data.ordnancesurvey.co.uk/id/postcodedistrict/SA71,,,,,,,Sir Benfro - Pembrokeshire,http://data.ordnancesurvey.co.uk/id/7000000000025490,http://data.ordnancesurvey.co.uk/ontology/admingeo/UnitaryAuthority,Wales,http://data.ordnancesurvey.co.uk/id/7000000000041424,Wales,http://data.ordnancesurvey.co.uk/id/country/wales,,,
osgb4000000074784888,http://data.ordnancesurvey.co.uk/id/4000000074784888,Pen-y-Holt Bay,,,,hydrography,Bay,189496,195498,2000,150000,189251,195248,189751,195748,SA71,http://data.ordnancesurvey.co.uk/id/postcodedistrict/SA71,,,,,,,Sir Benfro - Pembrokeshire,http://data.ordnancesurvey.co.uk/id/7000000000025490,http://data.ordnancesurvey.co.uk/ontology/admingeo/UnitaryAuthority,Wales,http://data.ordnancesurvey.co.uk/id/7000000000041424,Wales,http://data.ordnancesurvey.co.uk/id/country/wales,,,
osgb4000000074751373,http://data.ordnancesurvey.co.uk/id/4000000074751373,Berry Slade,,,,landform,Other Coastal Landform,188319,196928,1000,50000,188070,196672,188570,197172,SA71,http://data.ordnancesurvey.co.uk/id/postcodedistrict/SA71,,,,,,,Sir Benfro - Pembrokeshire,http://data.ordnancesurvey.co.uk/id/7000000000025490,http://data.ordnancesurvey.co.uk/ontology/admingeo/UnitaryAuthority,Wales,http://data.ordnancesurvey.co.uk/id/7000000000041424,Wales,http://data.ordnancesurvey.co.uk/id/country/wales,,,
osgb4000000074641559,http://data.ordnancesurvey.co.uk/id/4000000074641559,Caroline Grove,,,,landcover,Woodland Or Forest,197942,196331,4000,400000,197566,196081,198199,196581,SA71,http://data.ordnancesurvey.co.uk/id/postcodedistrict/SA71,,,,,,,Sir Benfro - Pembrokeshire,http://data.ordnancesurvey.co.uk/id/7000000000025490,http://data.ordnancesurvey.co.uk/ontology/admingeo/UnitaryAuthority,Wales,http://data.ordnancesurvey.co.uk/id/7000000000041424,Wales,http://data.ordnancesurvey.co.uk/id/country/wales,,,
osgb4000000074732917,http://data.ordnancesurvey.co.uk/id/4000000074732917,Warren Common,,,,landcover,Other Landcover,192885,197781,1000,800000,192649,197532,193149,198032,SA71,http://data.ordnancesurvey.co.uk/id/postcodedistrict/SA71,,,,,,,Sir Benfro - Pembrokeshire,http://data.ordnancesurvey.co.uk/id/7000000000025490,http://data.ordnancesurvey.co.uk/ontology/admingeo/UnitaryAuthority,Wales,http://data.ordnancesurvey.co.uk/id/7000000000041424,Wales,http://data.ordnancesurvey.co.uk/id/country/wales,,,
osgb4000000074750875,http://data.ordnancesurvey.co.uk/id/4000000074750875,Stackpole Head,,,,landform,Coastal Headland,199420,194321,3000,750000,199170,194081,199670,194581,SA71,http://data.ordnancesurvey.co.uk/id/postcodedistrict/SA71,,,,,,,Sir Benfro - Pembrokeshire,http://data.ordnancesurvey.co.uk/id/7000000000025490,http://data.ordnancesurvey.co.uk/ontology/admingeo/UnitaryAuthority,Wales,http://data.ordnancesurvey.co.uk/id/7000000000041424,Wales,http://data.ordnancesurvey.co.uk/id/country/wales,,,
osgb4000000074778405,http://data.ordnancesurvey.co.uk/id/4000000074778405,Deal Hill,,,,landform,Hill Or Mountain,197594,194970,1000,300000,197344,194720,197844,195220,SA71,http://data.ordnancesurvey.co.uk/id/postcodedistrict/SA71,,,,,,,Sir Benfro - Pembrokeshire,http://data.ordnancesurvey.co.uk/id/7000000000025490,http://data.ordnancesurvey.co.uk/ontology/admingeo/UnitaryAuthority,Wales,http://data.ordnancesurvey.co.uk/id/7000000000041424,Wales,http://data.ordnancesurvey.co.uk/id/country/wales,,,
osgb4000000074732915,http://data.ordnancesurvey.co.uk/id/4000000074732915,Mount Sion Down,,,,landcover,Other Landcover,191251,195032,7000,1300000,190807,194445,191694,195569,SA71,http://data.ordnancesurvey.co.uk/id/postcodedistrict/SA71,,,,,,,Sir Benfro - Pembrokeshire,http://data.ordnancesurvey.co.uk/id/7000000000025490,http://data.ordnancesurvey.co.uk/ontology/admingeo/UnitaryAuthority,Wales,http://data.ordnancesurvey.co.uk/id/7000000000041424,Wales,http://data.ordnancesurvey.co.uk/id/country/wales,,,
osgb4000000074784889,http://data.ordnancesurvey.co.uk/id/4000000074784889,Hobbyhorse Bay,,,,hydrography,Bay,188703,195708,1000,150000,188451,195458,188951,195958,SA71,http://data.ordnancesurvey.co.uk/id/postcodedistrict/SA71,,,,,,,Sir Benfro - Pembrokeshire,http://data.ordnancesurvey.co.uk/id/7000000000025490,http://data.ordnancesurvey.co.uk/ontology/admingeo/UnitaryAuthority,Wales,http://data.ordnancesurvey.co.uk/id/7000000000041424,Wales,http://data.ordnancesurvey.co.uk/id/country/wales,,,
osgb4000000074604322,http://data.ordnancesurvey.co.uk/id/4000000074604322,Elegug Stacks,,,,landform,Island,192663,194482,1000,800000,192415,194232,192915,194732,SA71,http://data.ordnancesurvey.co.uk/id/postcodedistrict/SA71,,,,,,,Sir Benfro - Pembrokeshire,http://data.ordnancesurvey.co.uk/id/7000000000025490,http://data.ordnancesurvey.co.uk/ontology/admingeo/UnitaryAuthority,Wales,http://data.ordnancesurvey.co.uk/id/7000000000041424,Wales,http://data.ordnancesurvey.co.uk/id/country/wales,,,
osgb4000000074787032,http://data.ordnancesurvey.co.uk/id/4000000074787032,Raming Hole,,,,hydrography,Tidal Water,198763,194344,1000,150000,198513,194132,199013,194632,SA71,http://data.ordnancesurvey.co.uk/id/postcodedistrict/SA71,,,,,,,Sir Benfro - Pembrokeshire,http://data.ordnancesurvey.co.uk/id/7000000000025490,http://data.ordnancesurvey.co.uk/ontology/admingeo/UnitaryAuthority,Wales,http://data.ordnancesurvey.co.uk/id/7000000000041424,Wales,http://data.ordnancesurvey.co.uk/id/country/wales,,,
osgb4000000074719252,http://data.ordnancesurvey.co.uk/id/4000000074719252,Castle Lady Valley,,,,landform,Valley,190382,196540,13000,800000,189500,196157,191570,196922,SA71,http://data.ordnancesurvey.co.uk/id/postcodedistrict/SA71,,,,,,,Sir Benfro - Pembrokeshire,http://data.ordnancesurvey.co.uk/id/7000000000025490,http://data.ordnancesurvey.co.uk/ontology/admingeo/UnitaryAuthority,Wales,http://data.ordnancesurvey.co.uk/id/7000000000041424,Wales,http://data.ordnancesurvey.co.uk/id/country/wales,,,
osgb4000000074798574,http://data.ordnancesurvey.co.uk/id/4000000074798574,Blucks Pool,,,,hydrography,Bay,188587,197301,5000,150000,188263,197036,189030,197584,SA71,http://data.ordnancesurvey.co.uk/id/postcodedistrict/SA71,,,,,,,Sir Benfro - Pembrokeshire,http://data.ordnancesurvey.co.uk/id/7000000000025490,http://data.ordnancesurvey.co.uk/ontology/admingeo/UnitaryAuthority,Wales,http://data.ordnancesurvey.co.uk/id/7000000000041424,Wales,http://data.ordnancesurvey.co.uk/id/country/wales,,,
osgb4000000074751084,http://data.ordnancesurvey.co.uk/id/4000000074751084,Mewsford Point,,,,landform,Other Coastal Landform,194229,193839,1000,50000,193979,193627,194479,194127,SA71,http://data.ordnancesurvey.co.uk/id/postcodedistrict/SA71,,,,,,,Sir Benfro - Pembrokeshire,http://data.ordnancesurvey.co.uk/id/7000000000025490,http://data.ordnancesurvey.co.uk/ontology/admingeo/UnitaryAuthority,Wales,http://data.ordnancesurvey.co.uk/id/7000000000041424,Wales,http://data.ordnancesurvey.co.uk/id/country/wales,,,
osgb4000000074641965,http://data.ordnancesurvey.co.uk/id/4000000074641965,Crickmarren Wood,,,,landcover,Woodland Or Forest,194701,198760,6000,400000,194451,198502,194951,199426,SA71,http://data.ordnancesurvey.co.uk/id/postcodedistrict/SA71,,,,,,,Sir Benfro - Pembrokeshire,http://data.ordnancesurvey.co.uk/id/7000000000025490,http://data.ordnancesurvey.co.uk/ontology/admingeo/UnitaryAuthority,Wales,http://data.ordnancesurvey.co.uk/id/7000000000041424,Wales,http://data.ordnancesurvey.co.uk/id/country/wales,,,
osgb4000000074641561,http://data.ordnancesurvey.co.uk/id/4000000074641561,Merrion Covert,,,,landcover,Woodland Or Forest,193798,197556,1000,400000,193548,197301,194048,197801,SA71,http://data.ordnancesurvey.co.uk/id/postcodedistrict/SA71,,,,,,,Sir Benfro - Pembrokeshire,http://data.ordnancesurvey.co.uk/id/7000000000025490,http://data.ordnancesurvey.co.uk/ontology/admingeo/UnitaryAuthority,Wales,http://data.ordnancesurvey.co.uk/id/7000000000041424,Wales,http://data.ordnancesurvey.co.uk/id/country/wales,,,
osgb4000000073305498,http://data.ordnancesurvey.co.uk/id/4000000073305498,Penrhyn Church in Wales VC Primary School,,,,other,Primary Education,198455,196426,1000,50000,198205,196179,198705,196679,SA71,http://data.ordnancesurvey.co.uk/id/postcodedistrict/SA71,Stackpole,http://data.ordnancesurvey.co.uk/id/4000000074550527,http://www.ordnancesurvey.co.uk/xml/codelists/localtype.xml#village,,,,Sir Benfro - Pembrokeshire,http://data.ordnancesurvey.co.uk/id/7000000000025490,http://data.ordnancesurvey.co.uk/ontology/admingeo/UnitaryAuthority,Wales,http://data.ordnancesurvey.co.uk/id/7000000000041424,Wales,http://data.ordnancesurvey.co.uk/id/country/wales,,,
osgb4000000074628084,http://data.ordnancesurvey.co.uk/id/4000000074628084,Wall Clump,,,,landcover,Woodland Or Forest,198009,195726,2000,400000,197787,195476,198287,195976,SA71,http://data.ordnancesurvey.co.uk/id/postcodedistrict/SA71,,,,,,,Sir Benfro - Pembrokeshire,http://data.ordnancesurvey.co.uk/id/7000000000025490,http://data.ordnancesurvey.co.uk/ontology/admingeo/UnitaryAuthority,Wales,http://data.ordnancesurvey.co.uk/id/7000000000041424,Wales,http://data.ordnancesurvey.co.uk/id/country/wales,,,
osgb4000000074721618,http://data.ordnancesurvey.co.uk/id/4000000074721618,Frainslake Sands,,,,landcover,Beach,188841,198060,7000,100000,188591,197547,189091,198580,SA71,http://data.ordnancesurvey.co.uk/id/postcodedistrict/SA71,,,,,,,Sir Benfro - Pembrokeshire,http://data.ordnancesurvey.co.uk/id/7000000000025490,http://data.ordnancesurvey.co.uk/ontology/admingeo/UnitaryAuthority,Wales,http://data.ordnancesurvey.co.uk/id/7000000000041424,Wales,http://data.ordnancesurvey.co.uk/id/country/wales,,,
osgb4000000073956422,http://data.ordnancesurvey.co.uk/id/4000000073956422,Chapel Hill Solar Farm,,,,other,Electricity Production,196135,197802,4000,50000,195885,197620,196385,198264,SA71,http://data.ordnancesurvey.co.uk/id/postcodedistrict/SA71,,,,,,,Sir Benfro - Pembrokeshire,http://data.ordnancesurvey.co.uk/id/7000000000025490,http://data.ordnancesurvey.co.uk/ontology/admingeo/UnitaryAuthority,Wales,http://data.ordnancesurvey.co.uk/id/7000000000041424,Wales,http://data.ordnancesurvey.co.uk/id/country/wales,,,
osgb4000000074796035,http://data.ordnancesurvey.co.uk/id/4000000074796035,Mere Pool,,,,hydrography,Inland Water,197199,194064,1000,500000,196949,193839,197449,194339,SA71,http://data.ordnancesurvey.co.uk/id/postcodedistrict/SA71,,,,,,,Sir Benfro - Pembrokeshire,http://data.ordnancesurvey.co.uk/id/7000000000025490,http://data.ordnancesurvey.co.uk/ontology/admingeo/UnitaryAuthority,Wales,http://data.ordnancesurvey.co.uk/id/7000000000041424,Wales,http://data.ordnancesurvey.co.uk/id/country/wales,,,
osgb4000000074784890,http://data.ordnancesurvey.co.uk/id/4000000074784890,Wind Bay,,,,hydrography,Tidal Water,188137,196281,1000,150000,187887,196053,188387,196553,SA71,http://data.ordnancesurvey.co.uk/id/postcodedistrict/SA71,,,,,,,Sir Benfro - Pembrokeshire,http://data.ordnancesurvey.co.uk/id/7000000000025490,http://data.ordnancesurvey.co.uk/ontology/admingeo/UnitaryAuthority,Wales,http://data.ordnancesurvey.co.uk/id/7000000000041424,Wales,http://data.ordnancesurvey.co.uk/id/country/wales,,,
SA715HY,http://data.ordnancesurvey.co.uk/id/postcodeunit/SA715HY,SA71 5HY,,,,other,Postcode,195749,198137,3500,18000,,,,,,,Chapel Hill,http://data.ordnancesurvey.co.uk/id/4000000074550531,http://www.ordnancesurvey.co.uk/xml/codelists/localtype.xml#hamlet,,,,Sir Benfro - Pembrokeshire,http://data.ordnancesurvey.co.uk/id/7000000000025490,http://data.ordnancesurvey.co.uk/ontology/admingeo/UnitaryAuthority,Wales,http://data.ordnancesurvey.co.uk/id/7000000000041424,Wales,http://data.ordnancesurvey.co.uk/id/country/wales,,,
cac2229a-04ab-4e25-bf95-a49362140096,http://data.ordnancesurvey.co.uk/id/cac2229a-04ab-4e25-bf95-a49362140096,North Lane,,,,transportNetwork,Section Of Named Road,192926,197852,2000,25000,192721,197779,193011,197908,SA71,http://data.ordnancesurvey.co.uk/id/postcodedistrict/SA71,Warren,http://data.ordnancesurvey.co.uk/id/4000000074541314,http://www.ordnancesurvey.co.uk/xml/codelists/localtype.xml#hamlet,,,,Sir Benfro - Pembrokeshire,http://data.ordnancesurvey.co.uk/id/7000000000025490,http://data.ordnancesurvey.co.uk/ontology/admingeo/UnitaryAuthority,Wales,http://data.ordnancesurvey.co.uk/id/7000000000041424,Wales,http://data.ordnancesurvey.co.uk/id/country/wales,osgb4000000020845629,,
b0f93c2f-bf12-4173-b225-b83df7517cbc,http://data.ordnancesurvey.co.uk/id/b0f93c2f-bf12-4173-b225-b83df7517cbc,Pwll Street,,,,transportNetwork,Section Of Named Road,191459,198269,1000,25000,191367,198186,191549,198319,SA71,http://data.ordnancesurvey.co.uk/id/postcodedistrict/SA71,Castlemartin,http://data.ordnancesurvey.co.uk/id/4000000074550906,http://www.ordnancesurvey.co.uk/xml/codelists/localtype.xml#village,,,,Sir Benfro - Pembrokeshire,http://data.ordnancesurvey.co.uk/id/7000000000025490,http://data.ordnancesurvey.co.uk/ontology/admingeo/UnitaryAuthority,Wales,http://data.ordnancesurvey.co.uk/id/7000000000041424,Wales,http://data.ordnancesurvey.co.uk/id/country/wales,osgb4000000020845628,,
osgb4000000020845624,http://data.ordnancesurvey.co.uk/id/4000000020845624,West Lane,,,,transportNetwork,Named Road,192948,197310,4000,20000,192633,197121,193232,197543,SA71,http://data.ordnancesurvey.co.uk/id/postcodedistrict/SA71,,,,,,,Sir Benfro - Pembrokeshire,http://data.ordnancesurvey.co.uk/id/7000000000025490,http://data.ordnancesurvey.co.uk/ontology/admingeo/UnitaryAuthority,Wales,http://data.ordnancesurvey.co.uk/id/7000000000041424,Wales,http://data.ordnancesurvey.co.uk/id/country/wales,,,
osgb4000000020845622,http://data.ordnancesurvey.co.uk/id/4000000020845622,Lyserry Lane,,,,transportNetwork,Named Road,195624,196151,9000,20000,195561,195386,196149,196774,SA71,http://data.ordnancesurvey.co.uk/id/postcodedistrict/SA71,,,,,,,Sir Benfro - Pembrokeshire,http://data.ordnancesurvey.co.uk/id/7000000000025490,http://data.ordnancesurvey.co.uk/ontology/admingeo/UnitaryAuthority,Wales,http://data.ordnancesurvey.co.uk/id/7000000000041424,Wales,http://data.ordnancesurvey.co.uk/id/country/wales,,,
