EX392LY,http://data.ordnancesurvey.co.uk/id/postcodeunit/EX392LY,EX39 2LY,,,,other,Postcode,213705,144117,3500,18000,,,,,,,,,,Torridge,http://data.ordnancesurvey.co.uk/id/7000000000022970,http://data.ordnancesurvey.co.uk/ontology/admingeo/District,Devon,http://data.ordnancesurvey.co.uk/id/7000000000023147,http://data.ordnancesurvey.co.uk/ontology/admingeo/County,South West,http://data.ordnancesurvey.co.uk/id/7000000000041427,England,http://data.ordnancesurvey.co.uk/id/country/england,,,
osgb4000000074622374,http://data.ordnancesurvey.co.uk/id/4000000074622374,Ackland's Moor,,,,landform,Hill Or Mountain,213242,144764,1000,300000,212992,144514,213492,145014,EX39,http://data.ordnancesurvey.co.uk/id/postcodedistrict/EX39,,,,Torridge,http://data.ordnancesurvey.co.uk/id/7000000000022970,http://data.ordnancesurvey.co.uk/ontology/admingeo/District,Devon,http://data.ordnancesurvey.co.uk/id/7000000000023147,http://data.ordnancesurvey.co.uk/ontology/admingeo/County,South West,http://data.ordnancesurvey.co.uk/id/7000000000041427,England,http://data.ordnancesurvey.co.uk/id/country/england,,,
osgb4000000074726130,http://data.ordnancesurvey.co.uk/id/4000000074726130,St John's Valley,,,,landform,Valley,213977,143980,2000,800000,213727,143729,214227,144229,EX39,http://data.ordnancesurvey.co.uk/id/postcodedistrict/EX39,,,,Torridge,http://data.ordnancesurvey.co.uk/id/7000000000022970,http://data.ordnancesurvey.co.uk/ontology/admingeo/District,Devon,http://data.ordnancesurvey.co.uk/id/7000000000023147,http://data.ordnancesurvey.co.uk/ontology/admingeo/County,South West,http://data.ordnancesurvey.co.uk/id/7000000000041427,England,http://data.ordnancesurvey.co.uk/id/country/england,,,
osgb4000000074726537,http://data.ordnancesurvey.co.uk/id/4000000074726537,Middle Combe,,,,landform,Valley,213402,147466,1000,800000,213138,147217,213638,147717,EX39,http://data.ordnancesurvey.co.uk/id/postcodedistrict/EX39,,,,Torridge,http://data.ordnancesurvey.co.uk/id/7000000000022970,http://data.ordnancesurvey.co.uk/ontology/admingeo/District,Devon,http://data.ordnancesurvey.co.uk/id/7000000000023147,http://data.ordnancesurvey.co.uk/ontology/admingeo/County,South West,http://data.ordnancesurvey.co.uk/id/7000000000041427,England,http://data.ordnancesurvey.co.uk/id/country/england,,,
osgb4000000074610502,http://data.ordnancesurvey.co.uk/id/4000000074610502,Rat Island,,,,landform,Island,214653,143744,2000,800000,214448,143495,214948,143995,EX39,http://data.ordnancesurvey.co.uk/id/postcodedistrict/EX39,,,,Torridge,http://data.ordnancesurvey.co.uk/id/7000000000022970,http://data.ordnancesurvey.co.uk/ontology/admingeo/District,Devon,http://data.ordnancesurvey.co.uk/id/7000000000023147,http://data.ordnancesurvey.co.uk/ontology/admingeo/County,South West,http://data.ordnancesurvey.co.uk/id/7000000000041427,England,http://data.ordnancesurvey.co.uk/id/country/england,,,
osgb4000000074726726,http://data.ordnancesurvey.co.uk/id/4000000074726726,North Combe,,,,landform,Valley,213273,147553,1000,800000,213026,147304,213526,147804,EX39,http://data.ordnancesurvey.co.uk/id/postcodedistrict/EX39,,,,Torridge,http://data.ordnancesurvey.co.uk/id/7000000000022970,http://data.ordnancesurvey.co.uk/ontology/admingeo/District,Devon,http://data.ordnancesurvey.co.uk/id/7000000000023147,http://data.ordnancesurvey.co.uk/ontology/admingeo/County,South West,http://data.ordnancesurvey.co.uk/id/7000000000041427,England,http://data.ordnancesurvey.co.uk/id/country/england,,,
osgb4000000074615335,http://data.ordnancesurvey.co.uk/id/4000000074615335,Mouse Island,,,,landform,Island,214678,143841,1000,800000,214424,143592,214924,144092,EX39,http://data.ordnancesurvey.co.uk/id/postcodedistrict/EX39,,,,,,,Devon,http://data.ordnancesurvey.co.uk/id/7000000000023147,http://data.ordnancesurvey.co.uk/ontology/admingeo/County,South West,http://data.ordnancesurvey.co.uk/id/7000000000041427,England,http://data.ordnancesurvey.co.uk/id/country/england,,,
osgb4000000074756890,http://data.ordnancesurvey.co.uk/id/4000000074756890,Gannets' Rock,,,,landform,Other Coastal Landform,213700,147572,1000,50000,213451,147322,213951,147822,EX39,http://data.ordnancesurvey.co.uk/id/postcodedistrict/EX39,,,,Torridge,http://data.ordnancesurvey.co.uk/id/7000000000022970,http://data.ordnancesurvey.co.uk/ontology/admingeo/District,Devon,http://data.ordnancesurvey.co.uk/id/7000000000023147,http://data.ordnancesurvey.co.uk/ontology/admingeo/County,South West,http://data.ordnancesurvey.co.uk/id/7000000000041427,England,http://data.ordnancesurvey.co.uk/id/country/england,,,
osgb4000000074760457,http://data.ordnancesurvey.co.uk/id/4000000074760457,Black Rock,,,,landform,Island,213161,143167,1000,800000,212911,142917,213411,143417,EX39,http://data.ordnancesurvey.co.uk/id/postcodedistrict/EX39,,,,,,,Devon,http://data.ordnancesurvey.co.uk/id/7000000000023147,http://data.ordnancesurvey.co.uk/ontology/admingeo/County,South West,http://data.ordnancesurvey.co.uk/id/7000000000041427,England,http://data.ordnancesurvey.co.uk/id/country/england,,,
osgb4000000074756989,http://data.ordnancesurvey.co.uk/id/4000000074756989,St John's Stone,,,,landform,Other Coastal Landform,212950,147042,1000,50000,212700,146793,213200,147293,EX39,http://data.ordnancesurvey.co.uk/id/postcodedistrict/EX39,,,,,,,Devon,http://data.ordnancesurvey.co.uk/id/7000000000023147,http://data.ordnancesurvey.co.uk/ontology/admingeo/County,South West,http://data.ordnancesurvey.co.uk/id/7000000000041427,England,http://data.ordnancesurvey.co.uk/id/country/england,,,
osgb4000000074757089,http://data.ordnancesurvey.co.uk/id/4000000074757089,Montagu Steps,,,,landform,Other Coastal Landform,213174,143606,1000,20000,212924,143356,213424,143856,EX39,http://data.ordnancesurvey.co.uk/id/postcodedistrict/EX39,,,,Torridge,http://data.ordnancesurvey.co.uk/id/7000000000022970,http://data.ordnancesurvey.co.uk/ontology/admingeo/District,Devon,http://data.ordnancesurvey.co.uk/id/7000000000023147,http://data.ordnancesurvey.co.uk/ontology/admingeo/County,South West,http://data.ordnancesurvey.co.uk/id/7000000000041427,England,http://data.ordnancesurvey.co.uk/id/country/england,,,
osgb4000000074790402,http://data.ordnancesurvey.co.uk/id/4000000074790402,Quarter Wall Bay,,,,hydrography,Tidal Water,214016,144935,1000,150000,213753,144595,214253,145095,EX39,http://data.ordnancesurvey.co.uk/id/postcodedistrict/EX39,,,,,,,Devon,http://data.ordnancesurvey.co.uk/id/7000000000023147,http://data.ordnancesurvey.co.uk/ontology/admingeo/County,South West,http://data.ordnancesurvey.co.uk/id/7000000000041427,England,http://data.ordnancesurvey.co.uk/id/country/england,,,
osgb4000000074757088,http://data.ordnancesurvey.co.uk/id/4000000074757088,Shutter Point,,,,landform,Other Coastal Landform,213267,143406,1000,50000,213017,143156,213517,143656,EX39,http://data.ordnancesurvey.co.uk/id/postcodedistrict/EX39,,,,,,,Devon,http://data.ordnancesurvey.co.uk/id/7000000000023147,http://data.ordnancesurvey.co.uk/ontology/admingeo/County,South West,http://data.ordnancesurvey.co.uk/id/7000000000041427,England,http://data.ordnancesurvey.co.uk/id/country/england,,,
osgb4000000074756556,http://data.ordnancesurvey.co.uk/id/4000000074756556,Needle Rock,,,,landform,Island,212904,145577,1000,800000,212655,145328,213155,145828,EX39,http://data.ordnancesurvey.co.uk/id/postcodedistrict/EX39,,,,Torridge,http://data.ordnancesurvey.co.uk/id/7000000000022970,http://data.ordnancesurvey.co.uk/ontology/admingeo/District,Devon,http://data.ordnancesurvey.co.uk/id/7000000000023147,http://data.ordnancesurvey.co.uk/ontology/admingeo/County,South West,http://data.ordnancesurvey.co.uk/id/7000000000041427,England,http://data.ordnancesurvey.co.uk/id/country/england,,,
osgb4000000074761437,http://data.ordnancesurvey.co.uk/id/4000000074761437,Lametry Beach,,,,landform,Other Coastal Landform,214246,143653,1000,50000,213991,143404,214491,143904,EX39,http://data.ordnancesurvey.co.uk/id/postcodedistrict/EX39,,,,Torridge,http://data.ordnancesurvey.co.uk/id/7000000000022970,http://data.ordnancesurvey.co.uk/ontology/admingeo/District,Devon,http://data.ordnancesurvey.co.uk/id/7000000000023147,http://data.ordnancesurvey.co.uk/ontology/admingeo/County,South West,http://data.ordnancesurvey.co.uk/id/7000000000041427,England,http://data.ordnancesurvey.co.uk/id/country/england,,,
osgb4000000074804210,http://data.ordnancesurvey.co.uk/id/4000000074804210,Pondsbury,,,,hydrography,Inland Water,213453,145456,1000,500000,213203,145203,213703,145703,EX39,http://data.ordnancesurvey.co.uk/id/postcodedistrict/EX39,,,,Torridge,http://data.ordnancesurvey.co.uk/id/7000000000022970,http://data.ordnancesurvey.co.uk/ontology/admingeo/District,Devon,http://data.ordnancesurvey.co.uk/id/7000000000023147,http://data.ordnancesurvey.co.uk/ontology/admingeo/County,South West,http://data.ordnancesurvey.co.uk/id/7000000000041427,England,http://data.ordnancesurvey.co.uk/id/country/england,,,
osgb4000000074760994,http://data.ordnancesurvey.co.uk/id/4000000074760994,Puffin Slope,,,,landform,Cliff Or Slope,213368,147961,1000,40000,213120,147711,213620,148211,EX39,http://data.ordnancesurvey.co.uk/id/postcodedistrict/EX39,,,,Torridge,http://data.ordnancesurvey.co.uk/id/7000000000022970,http://data.ordnancesurvey.co.uk/ontology/admingeo/District,Devon,http://data.ordnancesurvey.co.uk/id/7000000000023147,http://data.ordnancesurvey.co.uk/ontology/admingeo/County,South West,http://data.ordnancesurvey.co.uk/id/7000000000041427,England,http://data.ordnancesurvey.co.uk/id/country/england,,,
osgb4000000074761438,http://data.ordnancesurvey.co.uk/id/4000000074761438,Seal's Hole,,,,landform,Other Coastal Landform,213643,143485,1000,50000,213397,143235,213897,143735,EX39,http://data.ordnancesurvey.co.uk/id/postcodedistrict/EX39,,,,,,,Devon,http://data.ordnancesurvey.co.uk/id/7000000000023147,http://data.ordnancesurvey.co.uk/ontology/admingeo/County,South West,http://data.ordnancesurvey.co.uk/id/7000000000041427,England,http://data.ordnancesurvey.co.uk/id/country/england,,,
osgb4000000074760996,http://data.ordnancesurvey.co.uk/id/4000000074760996,North West Point,,,,landform,Coastal Headland,213127,148074,1000,750000,212863,147824,213363,148324,EX39,http://data.ordnancesurvey.co.uk/id/postcodedistrict/EX39,,,,Torridge,http://data.ordnancesurvey.co.uk/id/7000000000022970,http://data.ordnancesurvey.co.uk/ontology/admingeo/District,Devon,http://data.ordnancesurvey.co.uk/id/7000000000023147,http://data.ordnancesurvey.co.uk/ontology/admingeo/County,South West,http://data.ordnancesurvey.co.uk/id/7000000000041427,England,http://data.ordnancesurvey.co.uk/id/country/england,,,
osgb4000000074726942,http://data.ordnancesurvey.co.uk/id/4000000074726942,Kittiwake Gully,,,,landform,Valley,213212,148068,1000,800000,212962,147819,213462,148319,EX39,http://data.ordnancesurvey.co.uk/id/postcodedistrict/EX39,,,,Torridge,http://data.ordnancesurvey.co.uk/id/7000000000022970,http://data.ordnancesurvey.co.uk/ontology/admingeo/District,Devon,http://data.ordnancesurvey.co.uk/id/7000000000023147,http://data.ordnancesurvey.co.uk/ontology/admingeo/County,South West,http://data.ordnancesurvey.co.uk/id/7000000000041427,England,http://data.ordnancesurvey.co.uk/id/country/england,,,
osgb4000000074760865,http://data.ordnancesurvey.co.uk/id/4000000074760865,The Pyramid,,,,landform,Island,213228,145849,1000,800000,212979,145598,213479,146098,EX39,http://data.ordnancesurvey.co.uk/id/postcodedistrict/EX39,,,,,,,Devon,http://data.ordnancesurvey.co.uk/id/7000000000023147,http://data.ordnancesurvey.co.uk/ontology/admingeo/County,South West,http://data.ordnancesurvey.co.uk/id/7000000000041427,England,http://data.ordnancesurvey.co.uk/id/country/england,,,
osgb4000000074760866,http://data.ordnancesurvey.co.uk/id/4000000074760866,Mousehole and Trap,,,,landform,Other Coastal Landform,213829,146962,1000,20000,213550,146712,214050,147212,EX39,http://data.ordnancesurvey.co.uk/id/postcodedistrict/EX39,,,,Torridge,http://data.ordnancesurvey.co.uk/id/7000000000022970,http://data.ordnancesurvey.co.uk/ontology/admingeo/District,Devon,http://data.ordnancesurvey.co.uk/id/7000000000023147,http://data.ordnancesurvey.co.uk/ontology/admingeo/County,South West,http://data.ordnancesurvey.co.uk/id/7000000000041427,England,http://data.ordnancesurvey.co.uk/id/country/england,,,
osgb4000000074759602,http://data.ordnancesurvey.co.uk/id/4000000074759602,St James's Stone,,,,landform,Other Coastal Landform,213034,146750,1000,20000,212785,146501,213285,147001,EX39,http://data.ordnancesurvey.co.uk/id/postcodedistrict/EX39,,,,Torridge,http://data.ordnancesurvey.co.uk/id/7000000000022970,http://data.ordnancesurvey.co.uk/ontology/admingeo/District,Devon,http://data.ordnancesurvey.co.uk/id/7000000000023147,http://data.ordnancesurvey.co.uk/ontology/admingeo/County,South West,http://data.ordnancesurvey.co.uk/id/7000000000041427,England,http://data.ordnancesurvey.co.uk/id/country/england,,,
osgb4000000074759234,http://data.ordnancesurvey.co.uk/id/4000000074759234,Benjamin's Chair,,,,landform,Other Coastal Landform,213781,143703,1000,20000,213531,143450,214031,143950,EX39,http://data.ordnancesurvey.co.uk/id/postcodedistrict/EX39,,,,Torridge,http://data.ordnancesurvey.co.uk/id/7000000000022970,http://data.ordnancesurvey.co.uk/ontology/admingeo/District,Devon,http://data.ordnancesurvey.co.uk/id/7000000000023147,http://data.ordnancesurvey.co.uk/ontology/admingeo/County,South West,http://data.ordnancesurvey.co.uk/id/7000000000041427,England,http://data.ordnancesurvey.co.uk/id/country/england,,,
osgb4000000074756555,http://data.ordnancesurvey.co.uk/id/4000000074756555,Knight Templar Rock,,,,landform,Other Coastal Landform,213865,146149,1000,20000,213616,145899,214116,146399,EX39,http://data.ordnancesurvey.co.uk/id/postcodedistrict/EX39,,,,Torridge,http://data.ordnancesurvey.co.uk/id/7000000000022970,http://data.ordnancesurvey.co.uk/ontology/admingeo/District,Devon,http://data.ordnancesurvey.co.uk/id/7000000000023147,http://data.ordnancesurvey.co.uk/ontology/admingeo/County,South West,http://data.ordnancesurvey.co.uk/id/7000000000041427,England,http://data.ordnancesurvey.co.uk/id/country/england,,,
osgb4000000074763187,http://data.ordnancesurvey.co.uk/id/4000000074763187,Castle Hill,,,,landform,Hill Or Mountain,213901,143802,1000,300000,213651,143552,214151,144052,EX39,http://data.ordnancesurvey.co.uk/id/postcodedistrict/EX39,,,,Torridge,http://data.ordnancesurvey.co.uk/id/7000000000022970,http://data.ordnancesurvey.co.uk/ontology/admingeo/District,Devon,http://data.ordnancesurvey.co.uk/id/7000000000023147,http://data.ordnancesurvey.co.uk/ontology/admingeo/County,South West,http://data.ordnancesurvey.co.uk/id/7000000000041427,England,http://data.ordnancesurvey.co.uk/id/country/england,,,
osgb4000000074796721,http://data.ordnancesurvey.co.uk/id/4000000074796721,Quarry Pond,,,,hydrography,Inland Water,213758,145042,1000,500000,213508,144793,214008,145293,EX39,http://data.ordnancesurvey.co.uk/id/postcodedistrict/EX39,,,,Torridge,http://data.ordnancesurvey.co.uk/id/7000000000022970,http://data.ordnancesurvey.co.uk/ontology/admingeo/District,Devon,http://data.ordnancesurvey.co.uk/id/7000000000023147,http://data.ordnancesurvey.co.uk/ontology/admingeo/County,South West,http://data.ordnancesurvey.co.uk/id/7000000000041427,England,http://data.ordnancesurvey.co.uk/id/country/england,,,
osgb4000000074763186,http://data.ordnancesurvey.co.uk/id/4000000074763186,Mill Combe,,,,landform,Valley,213921,143928,1000,800000,213671,143712,214171,144212,EX39,http://data.ordnancesurvey.co.uk/id/postcodedistrict/EX39,,,,Torridge,http://data.ordnancesurvey.co.uk/id/7000000000022970,http://data.ordnancesurvey.co.uk/ontology/admingeo/District,Devon,http://data.ordnancesurvey.co.uk/id/7000000000023147,http://data.ordnancesurvey.co.uk/ontology/admingeo/County,South West,http://data.ordnancesurvey.co.uk/id/7000000000041427,England,http://data.ordnancesurvey.co.uk/id/country/england,,,
osgb4000000074755597,http://data.ordnancesurvey.co.uk/id/4000000074755597,Hell's Gate,,,,landform,Other Coastal Landform,214555,143740,1000,20000,214305,143478,214805,143978,EX39,http://data.ordnancesurvey.co.uk/id/postcodedistrict/EX39,,,,Torridge,http://data.ordnancesurvey.co.uk/id/7000000000022970,http://data.ordnancesurvey.co.uk/ontology/admingeo/District,Devon,http://data.ordnancesurvey.co.uk/id/7000000000023147,http://data.ordnancesurvey.co.uk/ontology/admingeo/County,South West,http://data.ordnancesurvey.co.uk/id/7000000000041427,England,http://data.ordnancesurvey.co.uk/id/country/england,,,
osgb4000000074760680,http://data.ordnancesurvey.co.uk/id/4000000074760680,White Beach,,,,landcover,Beach,214011,144456,2000,100000,213761,144224,214261,144724,EX39,http://data.ordnancesurvey.co.uk/id/postcodedistrict/EX39,,,,Torridge,http://data.ordnancesurvey.co.uk/id/7000000000022970,http://data.ordnancesurvey.co.uk/ontology/admingeo/District,Devon,http://data.ordnancesurvey.co.uk/id/7000000000023147,http://data.ordnancesurvey.co.uk/ontology/admingeo/County,South West,http://data.ordnancesurvey.co.uk/id/7000000000041427,England,http://data.ordnancesurvey.co.uk/id/country/england,,,
osgb4000000074787544,http://data.ordnancesurvey.co.uk/id/4000000074787544,Threequarter Wall Bay,,,,hydrography,Bay,213964,146598,2000,150000,213685,146389,214185,146889,EX39,http://data.ordnancesurvey.co.uk/id/postcodedistrict/EX39,,,,,,,Devon,http://data.ordnancesurvey.co.uk/id/7000000000023147,http://data.ordnancesurvey.co.uk/ontology/admingeo/County,South West,http://data.ordnancesurvey.co.uk/id/7000000000041427,England,http://data.ordnancesurvey.co.uk/id/country/england,,,
osgb4000000074760573,http://data.ordnancesurvey.co.uk/id/4000000074760573,Miller's Cake,,,,landform,Other Coastal Landform,214105,144155,1000,50000,213855,143905,214355,144405,EX39,http://data.ordnancesurvey.co.uk/id/postcodedistrict/EX39,,,,,,,Devon,http://data.ordnancesurvey.co.uk/id/7000000000023147,http://data.ordnancesurvey.co.uk/ontology/admingeo/County,South West,http://data.ordnancesurvey.co.uk/id/7000000000041427,England,http://data.ordnancesurvey.co.uk/id/country/england,,,
osgb4000000074760868,http://data.ordnancesurvey.co.uk/id/4000000074760868,Knoll Pins,,,,landform,Other Coastal Landform,214152,146580,1000,50000,213903,146330,214403,146830,EX39,http://data.ordnancesurvey.co.uk/id/postcodedistrict/EX39,,,,,,,Devon,http://data.ordnancesurvey.co.uk/id/7000000000023147,http://data.ordnancesurvey.co.uk/ontology/admingeo/County,South West,http://data.ordnancesurvey.co.uk/id/7000000000041427,England,http://data.ordnancesurvey.co.uk/id/country/england,,,
osgb4000000074790462,http://data.ordnancesurvey.co.uk/id/4000000074790462,Virgin's Spring,,,,hydrography,Bay,213159,148157,1000,150000,212928,147907,213428,148407,EX39,http://data.ordnancesurvey.co.uk/id/postcodedistrict/EX39,,,,,,,Devon,http://data.ordnancesurvey.co.uk/id/7000000000023147,http://data.ordnancesurvey.co.uk/ontology/admingeo/County,South West,http://data.ordnancesurvey.co.uk/id/7000000000041427,England,http://data.ordnancesurvey.co.uk/id/country/england,,,
osgb4000000074790403,http://data.ordnancesurvey.co.uk/id/4000000074790403,Lundy Roads,,,,hydrography,Sea,214331,145099,5000,12000000,214000,144731,214662,145467,EX39,http://data.ordnancesurvey.co.uk/id/postcodedistrict/EX39,,,,,,,Devon,http://data.ordnancesurvey.co.uk/id/7000000000023147,http://data.ordnancesurvey.co.uk/ontology/admingeo/County,South West,http://data.ordnancesurvey.co.uk/id/7000000000041427,England,http://data.ordnancesurvey.co.uk/id/country/england,,,
osgb4000000074760681,http://data.ordnancesurvey.co.uk/id/4000000074760681,Ladies Beach,,,,landcover,Beach,214041,144271,1000,100000,213792,144017,214292,144517,EX39,http://data.ordnancesurvey.co.uk/id/postcodedistrict/EX39,,,,Torridge,http://data.ordnancesurvey.co.uk/id/7000000000022970,http://data.ordnancesurvey.co.uk/ontology/admingeo/District,Devon,http://data.ordnancesurvey.co.uk/id/7000000000023147,http://data.ordnancesurvey.co.uk/ontology/admingeo/County,South West,http://data.ordnancesurvey.co.uk/id/7000000000041427,England,http://data.ordnancesurvey.co.uk/id/country/england,,,
osgb4000000074755596,http://data.ordnancesurvey.co.uk/id/4000000074755596,The Devil's Kitchen,,,,landform,Other Coastal Landform,214636,143688,1000,50000,214396,143438,214896,143938,EX39,http://data.ordnancesurvey.co.uk/id/postcodedistrict/EX39,,,,Torridge,http://data.ordnancesurvey.co.uk/id/7000000000022970,http://data.ordnancesurvey.co.uk/ontology/admingeo/District,Devon,http://data.ordnancesurvey.co.uk/id/7000000000023147,http://data.ordnancesurvey.co.uk/ontology/admingeo/County,South West,http://data.ordnancesurvey.co.uk/id/7000000000041427,England,http://data.ordnancesurvey.co.uk/id/country/england,,,
osgb4000000074757093,http://data.ordnancesurvey.co.uk/id/4000000074757093,Hen and Chickens,,,,landform,Island,212997,148226,1000,800000,212755,147976,213255,148476,EX39,http://data.ordnancesurvey.co.uk/id/postcodedistrict/EX39,,,,,,,Devon,http://data.ordnancesurvey.co.uk/id/7000000000023147,http://data.ordnancesurvey.co.uk/ontology/admingeo/County,South West,http://data.ordnancesurvey.co.uk/id/7000000000041427,England,http://data.ordnancesurvey.co.uk/id/country/england,,,
osgb4000000074726535,http://data.ordnancesurvey.co.uk/id/4000000074726535,Gannets' Combe,,,,landform,Valley,213495,147421,1000,800000,213245,147175,213745,147675,EX39,http://data.ordnancesurvey.co.uk/id/postcodedistrict/EX39,,,,Torridge,http://data.ordnancesurvey.co.uk/id/7000000000022970,http://data.ordnancesurvey.co.uk/ontology/admingeo/District,Devon,http://data.ordnancesurvey.co.uk/id/7000000000023147,http://data.ordnancesurvey.co.uk/ontology/admingeo/County,South West,http://data.ordnancesurvey.co.uk/id/7000000000041427,England,http://data.ordnancesurvey.co.uk/id/country/england,,,
osgb4000000074790432,http://data.ordnancesurvey.co.uk/id/4000000074790432,Frenchman's Landing,,,,hydrography,Bay,213875,146892,1000,150000,213625,146657,214125,147157,EX39,http://data.ordnancesurvey.co.uk/id/postcodedistrict/EX39,,,,,,,Devon,http://data.ordnancesurvey.co.uk/id/7000000000023147,http://data.ordnancesurvey.co.uk/ontology/admingeo/County,South West,http://data.ordnancesurvey.co.uk/id/7000000000041427,England,http://data.ordnancesurvey.co.uk/id/country/england,,,
osgb4000000074760764,http://data.ordnancesurvey.co.uk/id/4000000074760764,Dead Cow Point,,,,landform,Coastal Headland,212830,145193,1000,750000,212581,144981,213081,145481,EX39,http://data.ordnancesurvey.co.uk/id/postcodedistrict/EX39,,,,Torridge,http://data.ordnancesurvey.co.uk/id/7000000000022970,http://data.ordnancesurvey.co.uk/ontology/admingeo/District,Devon,http://data.ordnancesurvey.co.uk/id/7000000000023147,http://data.ordnancesurvey.co.uk/ontology/admingeo/County,South West,http://data.ordnancesurvey.co.uk/id/7000000000041427,England,http://data.ordnancesurvey.co.uk/id/country/england,,,
osgb4000000074757090,http://data.ordnancesurvey.co.uk/id/4000000074757090,Halftide Rock,,,,landform,Other Coastal Landform,212684,144139,1000,50000,212435,143890,212935,144390,EX39,http://data.ordnancesurvey.co.uk/id/postcodedistrict/EX39,,,,,,,Devon,http://data.ordnancesurvey.co.uk/id/7000000000023147,http://data.ordnancesurvey.co.uk/ontology/admingeo/County,South West,http://data.ordnancesurvey.co.uk/id/7000000000041427,England,http://data.ordnancesurvey.co.uk/id/country/england,,,
osgb4000000074759674,http://data.ordnancesurvey.co.uk/id/4000000074759674,St Peter's Stone,,,,landform,Island,213091,146969,1000,800000,212847,146719,213347,147219,EX39,http://data.ordnancesurvey.co.uk/id/postcodedistrict/EX39,,,,,,,Devon,http://data.ordnancesurvey.co.uk/id/7000000000023147,http://data.ordnancesurvey.co.uk/ontology/admingeo/County,South West,http://data.ordnancesurvey.co.uk/id/7000000000041427,England,http://data.ordnancesurvey.co.uk/id/country/england,,,
osgb4000000074814066,http://data.ordnancesurvey.co.uk/id/4000000074814066,Devil's Limekiln,,,,landform,Other Coastal Landform,213367,143468,1000,20000,213117,143219,213617,143719,EX39,http://data.ordnancesurvey.co.uk/id/postcodedistrict/EX39,,,,Torridge,http://data.ordnancesurvey.co.uk/id/7000000000022970,http://data.ordnancesurvey.co.uk/ontology/admingeo/District,Devon,http://data.ordnancesurvey.co.uk/id/7000000000023147,http://data.ordnancesurvey.co.uk/ontology/admingeo/County,South West,http://data.ordnancesurvey.co.uk/id/7000000000041427,England,http://data.ordnancesurvey.co.uk/id/country/england,,,
osgb4000000074759532,http://data.ordnancesurvey.co.uk/id/4000000074759532,St Mark's Stone,,,,landform,Island,213112,146497,1000,800000,212858,146247,213358,146747,EX39,http://data.ordnancesurvey.co.uk/id/postcodedistrict/EX39,,,,,,,Devon,http://data.ordnancesurvey.co.uk/id/7000000000023147,http://data.ordnancesurvey.co.uk/ontology/admingeo/County,South West,http://data.ordnancesurvey.co.uk/id/7000000000041427,England,http://data.ordnancesurvey.co.uk/id/country/england,,,
osgb4000000074746428,http://data.ordnancesurvey.co.uk/id/4000000074746428,West Side Land,,,,landcover,Other Landcover,212904,144665,4000,800000,212654,144264,213154,144935,EX39,http://data.ordnancesurvey.co.uk/id/postcodedistrict/EX39,,,,Torridge,http://data.ordnancesurvey.co.uk/id/7000000000022970,http://data.ordnancesurvey.co.uk/ontology/admingeo/District,Devon,http://data.ordnancesurvey.co.uk/id/7000000000023147,http://data.ordnancesurvey.co.uk/ontology/admingeo/County,South West,http://data.ordnancesurvey.co.uk/id/7000000000041427,England,http://data.ordnancesurvey.co.uk/id/country/england,,,
osgb4000000074757094,http://data.ordnancesurvey.co.uk/id/4000000074757094,Seals' Rock,,,,landform,Island,213484,148143,1000,800000,213237,147893,213737,148393,EX39,http://data.ordnancesurvey.co.uk/id/postcodedistrict/EX39,,,,,,,Devon,http://data.ordnancesurvey.co.uk/id/7000000000023147,http://data.ordnancesurvey.co.uk/ontology/admingeo/County,South West,http://data.ordnancesurvey.co.uk/id/7000000000041427,England,http://data.ordnancesurvey.co.uk/id/country/england,,,
osgb4000000074760867,http://data.ordnancesurvey.co.uk/id/4000000074760867,North Point,,,,landform,Coastal Headland,213483,147978,2000,750000,213233,147701,213733,148201,EX39,http://data.ordnancesurvey.co.uk/id/postcodedistrict/EX39,,,,Torridge,http://data.ordnancesurvey.co.uk/id/7000000000022970,http://data.ordnancesurvey.co.uk/ontology/admingeo/District,Devon,http://data.ordnancesurvey.co.uk/id/7000000000023147,http://data.ordnancesurvey.co.uk/ontology/admingeo/County,South West,http://data.ordnancesurvey.co.uk/id/7000000000041427,England,http://data.ordnancesurvey.co.uk/id/country/england,,,
osgb4000000074759531,http://data.ordnancesurvey.co.uk/id/4000000074759531,Devil's Slide,,,,landform,Cliff Or Slope,213213,146752,3000,40000,212963,146530,213463,147030,EX39,http://data.ordnancesurvey.co.uk/id/postcodedistrict/EX39,,,,Torridge,http://data.ordnancesurvey.co.uk/id/7000000000022970,http://data.ordnancesurvey.co.uk/ontology/admingeo/District,Devon,http://data.ordnancesurvey.co.uk/id/7000000000023147,http://data.ordnancesurvey.co.uk/ontology/admingeo/County,South West,http://data.ordnancesurvey.co.uk/id/7000000000041427,England,http://data.ordnancesurvey.co.uk/id/country/england,,,
osgb4000000074787370,http://data.ordnancesurvey.co.uk/id/4000000074787370,The Cove,,,,hydrography,Tidal Water,214460,143731,1000,150000,214205,143481,214705,143981,EX39,http://data.ordnancesurvey.co.uk/id/postcodedistrict/EX39,,,,Torridge,http://data.ordnancesurvey.co.uk/id/7000000000022970,http://data.ordnancesurvey.co.uk/ontology/admingeo/District,Devon,http://data.ordnancesurvey.co.uk/id/7000000000023147,http://data.ordnancesurvey.co.uk/ontology/admingeo/County,South West,http://data.ordnancesurvey.co.uk/id/7000000000041427,England,http://data.ordnancesurvey.co.uk/id/country/england,,,
osgb4000000074759144,http://data.ordnancesurvey.co.uk/id/4000000074759144,The Saddle,,,,landform,Cliff Or Slope,214325,143656,1000,40000,213983,143407,214483,143907,EX39,http://data.ordnancesurvey.co.uk/id/postcodedistrict/EX39,,,,Torridge,http://data.ordnancesurvey.co.uk/id/7000000000022970,http://data.ordnancesurvey.co.uk/ontology/admingeo/District,Devon,http://data.ordnancesurvey.co.uk/id/7000000000023147,http://data.ordnancesurvey.co.uk/ontology/admingeo/County,South West,http://data.ordnancesurvey.co.uk/id/7000000000041427,England,http://data.ordnancesurvey.co.uk/id/country/england,,,
osgb4000000074787543,http://data.ordnancesurvey.co.uk/id/4000000074787543,Landing Bay,,,,hydrography,Bay,214415,143866,3000,150000,214158,143620,214658,144120,EX39,http://data.ordnancesurvey.co.uk/id/postcodedistrict/EX39,,,,,,,Devon,http://data.ordnancesurvey.co.uk/id/7000000000023147,http://data.ordnancesurvey.co.uk/ontology/admingeo/County,South West,http://data.ordnancesurvey.co.uk/id/7000000000041427,England,http://data.ordnancesurvey.co.uk/id/country/england,,,
osgb4000000074790431,http://data.ordnancesurvey.co.uk/id/4000000074790431,Jenny's Cove,,,,hydrography,Tidal Water,213133,145830,3000,150000,212882,145585,213382,146085,EX39,http://data.ordnancesurvey.co.uk/id/postcodedistrict/EX39,,,,,,,Devon,http://data.ordnancesurvey.co.uk/id/7000000000023147,http://data.ordnancesurvey.co.uk/ontology/admingeo/County,South West,http://data.ordnancesurvey.co.uk/id/7000000000041427,England,http://data.ordnancesurvey.co.uk/id/country/england,,,
osgb4000000074610503,http://data.ordnancesurvey.co.uk/id/4000000074610503,Lundy,,,,landform,Island,213657,145396,32000,800000,212711,143305,214603,148222,EX39,http://data.ordnancesurvey.co.uk/id/postcodedistrict/EX39,,,,Torridge,http://data.ordnancesurvey.co.uk/id/7000000000022970,http://data.ordnancesurvey.co.uk/ontology/admingeo/District,Devon,http://data.ordnancesurvey.co.uk/id/7000000000023147,http://data.ordnancesurvey.co.uk/ontology/admingeo/County,South West,http://data.ordnancesurvey.co.uk/id/7000000000041427,England,http://data.ordnancesurvey.co.uk/id/country/england,,,
osgb4000000074737403,http://data.ordnancesurvey.co.uk/id/4000000074737403,South West Field,,,,landcover,Other Landcover,213380,143858,5000,1300000,213088,143555,213671,144286,EX39,http://data.ordnancesurvey.co.uk/id/postcodedistrict/EX39,,,,Torridge,http://data.ordnancesurvey.co.uk/id/7000000000022970,http://data.ordnancesurvey.co.uk/ontology/admingeo/District,Devon,http://data.ordnancesurvey.co.uk/id/7000000000023147,http://data.ordnancesurvey.co.uk/ontology/admingeo/County,South West,http://data.ordnancesurvey.co.uk/id/7000000000041427,England,http://data.ordnancesurvey.co.uk/id/country/england,,,
osgb4000000074756891,http://data.ordnancesurvey.co.uk/id/4000000074756891,Brazen Ward,,,,landform,Other Coastal Landform,213952,146823,1000,50000,213702,146575,214202,147075,EX39,http://data.ordnancesurvey.co.uk/id/postcodedistrict/EX39,,,,Torridge,http://data.ordnancesurvey.co.uk/id/7000000000022970,http://data.ordnancesurvey.co.uk/ontology/admingeo/District,Devon,http://data.ordnancesurvey.co.uk/id/7000000000023147,http://data.ordnancesurvey.co.uk/ontology/admingeo/County,South West,http://data.ordnancesurvey.co.uk/id/7000000000041427,England,http://data.ordnancesurvey.co.uk/id/country/england,,,
osgb4000000074760864,http://data.ordnancesurvey.co.uk/id/4000000074760864,The Cheeses,,,,landform,Other Coastal Landform,213352,145852,1000,20000,213101,145603,213601,146103,EX39,http://data.ordnancesurvey.co.uk/id/postcodedistrict/EX39,,,,Torridge,http://data.ordnancesurvey.co.uk/id/7000000000022970,http://data.ordnancesurvey.co.uk/ontology/admingeo/District,Devon,http://data.ordnancesurvey.co.uk/id/7000000000023147,http://data.ordnancesurvey.co.uk/ontology/admingeo/County,South West,http://data.ordnancesurvey.co.uk/id/7000000000041427,England,http://data.ordnancesurvey.co.uk/id/country/england,,,
osgb4000000074726727,http://data.ordnancesurvey.co.uk/id/4000000074726727,Puffin Gully,,,,landform,Valley,213384,148038,1000,800000,213134,147788,213634,148288,EX39,http://data.ordnancesurvey.co.uk/id/postcodedistrict/EX39,,,,Torridge,http://data.ordnancesurvey.co.uk/id/7000000000022970,http://data.ordnancesurvey.co.uk/ontology/admingeo/District,Devon,http://data.ordnancesurvey.co.uk/id/7000000000023147,http://data.ordnancesurvey.co.uk/ontology/admingeo/County,South West,http://data.ordnancesurvey.co.uk/id/7000000000041427,England,http://data.ordnancesurvey.co.uk/id/country/england,,,
osgb4000000074804209,http://data.ordnancesurvey.co.uk/id/4000000074804209,Rocket Pole Pond,,,,hydrography,Inland Water,213468,143667,1000,500000,213218,143415,213718,143915,EX39,http://data.ordnancesurvey.co.uk/id/postcodedistrict/EX39,,,,Torridge,http://data.ordnancesurvey.co.uk/id/7000000000022970,http://data.ordnancesurvey.co.uk/ontology/admingeo/District,Devon,http://data.ordnancesurvey.co.uk/id/7000000000023147,http://data.ordnancesurvey.co.uk/ontology/admingeo/County,South West,http://data.ordnancesurvey.co.uk/id/7000000000041427,England,http://data.ordnancesurvey.co.uk/id/country/england,,,
osgb4000000074787545,http://data.ordnancesurvey.co.uk/id/4000000074787545,Gannets' Bay,,,,hydrography,Bay,213655,147417,2000,150000,213389,147143,213889,147643,EX39,http://data.ordnancesurvey.co.uk/id/postcodedistrict/EX39,,,,,,,Devon,http://data.ordnancesurvey.co.uk/id/7000000000023147,http://data.ordnancesurvey.co.uk/ontology/admingeo/County,South West,http://data.ordnancesurvey.co.uk/id/7000000000041427,England,http://data.ordnancesurvey.co.uk/id/country/england,,,
osgb4000000074759533,http://data.ordnancesurvey.co.uk/id/4000000074759533,Devil's Chimney,,,,landform,Other Coastal Landform,213164,145623,1000,20000,212914,145374,213414,145874,EX39,http://data.ordnancesurvey.co.uk/id/postcodedistrict/EX39,,,,Torridge,http://data.ordnancesurvey.co.uk/id/7000000000022970,http://data.ordnancesurvey.co.uk/ontology/admingeo/District,Devon,http://data.ordnancesurvey.co.uk/id/7000000000023147,http://data.ordnancesurvey.co.uk/ontology/admingeo/County,South West,http://data.ordnancesurvey.co.uk/id/7000000000041427,England,http://data.ordnancesurvey.co.uk/id/country/england,,,
osgb4000000074760765,http://data.ordnancesurvey.co.uk/id/4000000074760765,Tibbett's Point,,,,landform,Coastal Headland,214035,146352,1000,750000,213785,146099,214285,146599,EX39,http://data.ordnancesurvey.co.uk/id/postcodedistrict/EX39,,,,Torridge,http://data.ordnancesurvey.co.uk/id/7000000000022970,http://data.ordnancesurvey.co.uk/ontology/admingeo/District,Devon,http://data.ordnancesurvey.co.uk/id/7000000000023147,http://data.ordnancesurvey.co.uk/ontology/admingeo/County,South West,http://data.ordnancesurvey.co.uk/id/7000000000041427,England,http://data.ordnancesurvey.co.uk/id/country/england,,,
osgb4000000074760571,http://data.ordnancesurvey.co.uk/id/4000000074760571,The Landing Beach,,,,landcover,Beach,214301,143813,2000,100000,214110,143563,214610,144063,EX39,http://data.ordnancesurvey.co.uk/id/postcodedistrict/EX39,,,,Torridge,http://data.ordnancesurvey.co.uk/id/7000000000022970,http://data.ordnancesurvey.co.uk/ontology/admingeo/District,Devon,http://data.ordnancesurvey.co.uk/id/7000000000023147,http://data.ordnancesurvey.co.uk/ontology/admingeo/County,South West,http://data.ordnancesurvey.co.uk/id/7000000000041427,England,http://data.ordnancesurvey.co.uk/id/country/england,,,
osgb4000000074595027,http://data.ordnancesurvey.co.uk/id/4000000074595027,Ackland's Moor,,,,landcover,Other Landcover,213198,144652,5000,1300000,212911,144280,213484,145032,EX39,http://data.ordnancesurvey.co.uk/id/postcodedistrict/EX39,,,,Torridge,http://data.ordnancesurvey.co.uk/id/7000000000022970,http://data.ordnancesurvey.co.uk/ontology/admingeo/District,Devon,http://data.ordnancesurvey.co.uk/id/7000000000023147,http://data.ordnancesurvey.co.uk/ontology/admingeo/County,South West,http://data.ordnancesurvey.co.uk/id/7000000000041427,England,http://data.ordnancesurvey.co.uk/id/country/england,,,
osgb4000000074756038,http://data.ordnancesurvey.co.uk/id/4000000074756038,Gull Rock,,,,landform,Island,214099,146276,1000,800000,213849,146027,214349,146527,EX39,http://data.ordnancesurvey.co.uk/id/postcodedistrict/EX39,,,,,,,Devon,http://data.ordnancesurvey.co.uk/id/7000000000023147,http://data.ordnancesurvey.co.uk/ontology/admingeo/County,South West,http://data.ordnancesurvey.co.uk/id/7000000000041427,England,http://data.ordnancesurvey.co.uk/id/country/england,,,
osgb4000000074787542,http://data.ordnancesurvey.co.uk/id/4000000074787542,Lametry Bay,,,,hydrography,Bay,214215,143595,1000,150000,213973,143388,214473,143888,EX39,http://data.ordnancesurvey.co.uk/id/postcodedistrict/EX39,,,,,,,Devon,http://data.ordnancesurvey.co.uk/id/7000000000023147,http://data.ordnancesurvey.co.uk/ontology/admingeo/County,South West,http://data.ordnancesurvey.co.uk/id/7000000000041427,England,http://data.ordnancesurvey.co.uk/id/country/england,,,
osgb4000000074726536,http://data.ordnancesurvey.co.uk/id/4000000074726536,South Combe,,,,landform,Valley,213348,147354,1000,800000,213115,147104,213615,147604,EX39,http://data.ordnancesurvey.co.uk/id/postcodedistrict/EX39,,,,Torridge,http://data.ordnancesurvey.co.uk/id/7000000000022970,http://data.ordnancesurvey.co.uk/ontology/admingeo/District,Devon,http://data.ordnancesurvey.co.uk/id/7000000000023147,http://data.ordnancesurvey.co.uk/ontology/admingeo/County,South West,http://data.ordnancesurvey.co.uk/id/7000000000041427,England,http://data.ordnancesurvey.co.uk/id/country/england,,,
osgb4000000074761339,http://data.ordnancesurvey.co.uk/id/4000000074761339,Surf Point,,,,landform,Other Coastal Landform,214797,143664,1000,50000,214547,143414,215047,143914,EX39,http://data.ordnancesurvey.co.uk/id/postcodedistrict/EX39,,,,,,,Devon,http://data.ordnancesurvey.co.uk/id/7000000000023147,http://data.ordnancesurvey.co.uk/ontology/admingeo/County,South West,http://data.ordnancesurvey.co.uk/id/7000000000041427,England,http://data.ordnancesurvey.co.uk/id/country/england,,,
osgb4000000074790825,http://data.ordnancesurvey.co.uk/id/4000000074790825,The Race,,,,hydrography,Sea,214938,143441,10000,12000000,214140,142801,215632,144081,EX39,http://data.ordnancesurvey.co.uk/id/postcodedistrict/EX39,,,,,,,Devon,http://data.ordnancesurvey.co.uk/id/7000000000023147,http://data.ordnancesurvey.co.uk/ontology/admingeo/County,South West,http://data.ordnancesurvey.co.uk/id/7000000000041427,England,http://data.ordnancesurvey.co.uk/id/country/england,,,
osgb4000000074790824,http://data.ordnancesurvey.co.uk/id/4000000074790824,Inner Anchorage,,,,hydrography,Bay,214229,144603,3000,150000,213972,144354,214472,144854,EX39,http://data.ordnancesurvey.co.uk/id/postcodedistrict/EX39,,,,,,,Devon,http://data.ordnancesurvey.co.uk/id/7000000000023147,http://data.ordnancesurvey.co.uk/ontology/admingeo/County,South West,http://data.ordnancesurvey.co.uk/id/7000000000041427,England,http://data.ordnancesurvey.co.uk/id/country/england,,,
osgb4000000074586906,http://data.ordnancesurvey.co.uk/id/4000000074586906,Mermaid's Hole,,,,landform,Other Coastal Landform,214448,143622,1000,20000,214198,143370,214698,143870,EX39,http://data.ordnancesurvey.co.uk/id/postcodedistrict/EX39,,,,Torridge,http://data.ordnancesurvey.co.uk/id/7000000000022970,http://data.ordnancesurvey.co.uk/ontology/admingeo/District,Devon,http://data.ordnancesurvey.co.uk/id/7000000000023147,http://data.ordnancesurvey.co.uk/ontology/admingeo/County,South West,http://data.ordnancesurvey.co.uk/id/7000000000041427,England,http://data.ordnancesurvey.co.uk/id/country/england,,,
osgb4000000074760679,http://data.ordnancesurvey.co.uk/id/4000000074760679,Sugar Loaf,,,,landform,Other Coastal Landform,214038,144349,1000,20000,213788,144099,214288,144599,EX39,http://data.ordnancesurvey.co.uk/id/postcodedistrict/EX39,,,,Torridge,http://data.ordnancesurvey.co.uk/id/7000000000022970,http://data.ordnancesurvey.co.uk/ontology/admingeo/District,Devon,http://data.ordnancesurvey.co.uk/id/7000000000023147,http://data.ordnancesurvey.co.uk/ontology/admingeo/County,South West,http://data.ordnancesurvey.co.uk/id/7000000000041427,England,http://data.ordnancesurvey.co.uk/id/country/england,,,
osgb4000000074761340,http://data.ordnancesurvey.co.uk/id/4000000074761340,Needle's Eye,,,,landform,Other Coastal Landform,214615,143606,1000,50000,214363,143357,214863,143857,EX39,http://data.ordnancesurvey.co.uk/id/postcodedistrict/EX39,,,,,,,Devon,http://data.ordnancesurvey.co.uk/id/7000000000023147,http://data.ordnancesurvey.co.uk/ontology/admingeo/County,South West,http://data.ordnancesurvey.co.uk/id/7000000000041427,England,http://data.ordnancesurvey.co.uk/id/country/england,,,
osgb4000000074622375,http://data.ordnancesurvey.co.uk/id/4000000074622375,Tibbett's Hill,,,,landform,Hill Or Mountain,213834,146287,1000,300000,213584,146037,214084,146537,EX39,http://data.ordnancesurvey.co.uk/id/postcodedistrict/EX39,,,,Torridge,http://data.ordnancesurvey.co.uk/id/7000000000022970,http://data.ordnancesurvey.co.uk/ontology/admingeo/District,Devon,http://data.ordnancesurvey.co.uk/id/7000000000023147,http://data.ordnancesurvey.co.uk/ontology/admingeo/County,South West,http://data.ordnancesurvey.co.uk/id/7000000000041427,England,http://data.ordnancesurvey.co.uk/id/country/england,,,
osgb4000000074760456,http://data.ordnancesurvey.co.uk/id/4000000074760456,The Sentinels,,,,landform,Island,214344,143765,1000,800000,214108,143516,214608,144016,EX39,http://data.ordnancesurvey.co.uk/id/postcodedistrict/EX39,,,,Torridge,http://data.ordnancesurvey.co.uk/id/7000000000022970,http://data.ordnancesurvey.co.uk/ontology/admingeo/District,Devon,http://data.ordnancesurvey.co.uk/id/7000000000023147,http://data.ordnancesurvey.co.uk/ontology/admingeo/County,South West,http://data.ordnancesurvey.co.uk/id/7000000000041427,England,http://data.ordnancesurvey.co.uk/id/country/england,,,
osgb4000000074760572,http://data.ordnancesurvey.co.uk/id/4000000074760572,Victoria Beach,,,,landcover,Beach,214188,143995,2000,100000,213939,143750,214439,144250,EX39,http://data.ordnancesurvey.co.uk/id/postcodedistrict/EX39,,,,Torridge,http://data.ordnancesurvey.co.uk/id/7000000000022970,http://data.ordnancesurvey.co.uk/ontology/admingeo/District,Devon,http://data.ordnancesurvey.co.uk/id/7000000000023147,http://data.ordnancesurvey.co.uk/ontology/admingeo/County,South West,http://data.ordnancesurvey.co.uk/id/7000000000041427,England,http://data.ordnancesurvey.co.uk/id/country/england,,,
osgb4000000074757091,http://data.ordnancesurvey.co.uk/id/4000000074757091,Little Shutter Rock,,,,landform,Island,213305,143291,1000,800000,213064,143041,213564,143541,EX39,http://data.ordnancesurvey.co.uk/id/postcodedistrict/EX39,,,,,,,Devon,http://data.ordnancesurvey.co.uk/id/7000000000023147,http://data.ordnancesurvey.co.uk/ontology/admingeo/County,South West,http://data.ordnancesurvey.co.uk/id/7000000000041427,England,http://data.ordnancesurvey.co.uk/id/country/england,,,
osgb4000000074760455,http://data.ordnancesurvey.co.uk/id/4000000074760455,Great Shutter Rock,,,,landform,Other Coastal Landform,213306,143349,1000,20000,213047,143099,213547,143599,EX39,http://data.ordnancesurvey.co.uk/id/postcodedistrict/EX39,,,,Torridge,http://data.ordnancesurvey.co.uk/id/7000000000022970,http://data.ordnancesurvey.co.uk/ontology/admingeo/District,Devon,http://data.ordnancesurvey.co.uk/id/7000000000023147,http://data.ordnancesurvey.co.uk/ontology/admingeo/County,South West,http://data.ordnancesurvey.co.uk/id/7000000000041427,England,http://data.ordnancesurvey.co.uk/id/country/england,,,
osgb4000000074761439,http://data.ordnancesurvey.co.uk/id/4000000074761439,South West Point,,,,landform,Coastal Headland,213389,143648,2000,750000,213166,143399,213666,143899,EX39,http://data.ordnancesurvey.co.uk/id/postcodedistrict/EX39,,,,Torridge,http://data.ordnancesurvey.co.uk/id/7000000000022970,http://data.ordnancesurvey.co.uk/ontology/admingeo/District,Devon,http://data.ordnancesurvey.co.uk/id/7000000000023147,http://data.ordnancesurvey.co.uk/ontology/admingeo/County,South West,http://data.ordnancesurvey.co.uk/id/7000000000041427,England,http://data.ordnancesurvey.co.uk/id/country/england,,,
osgb4000000074763185,http://data.ordnancesurvey.co.uk/id/4000000074763185,Hangman's Hill,,,,landform,Hill Or Mountain,213972,144122,1000,300000,213722,143872,214222,144372,EX39,http://data.ordnancesurvey.co.uk/id/postcodedistrict/EX39,,,,Torridge,http://data.ordnancesurvey.co.uk/id/7000000000022970,http://data.ordnancesurvey.co.uk/ontology/admingeo/District,Devon,http://data.ordnancesurvey.co.uk/id/7000000000023147,http://data.ordnancesurvey.co.uk/ontology/admingeo/County,South West,http://data.ordnancesurvey.co.uk/id/7000000000041427,England,http://data.ordnancesurvey.co.uk/id/country/england,,,
osgb4000000074726131,http://data.ordnancesurvey.co.uk/id/4000000074726131,Punchbowl Valley,,,,landform,Valley,213313,145485,3000,800000,213041,145235,213541,145735,EX39,http://data.ordnancesurvey.co.uk/id/postcodedistrict/EX39,,,,Torridge,http://data.ordnancesurvey.co.uk/id/7000000000022970,http://data.ordnancesurvey.co.uk/ontology/admingeo/District,Devon,http://data.ordnancesurvey.co.uk/id/7000000000023147,http://data.ordnancesurvey.co.uk/ontology/admingeo/County,South West,http://data.ordnancesurvey.co.uk/id/7000000000041427,England,http://data.ordnancesurvey.co.uk/id/country/england,,,
osgb4000000074757092,http://data.ordnancesurvey.co.uk/id/4000000074757092,Constable Rock,,,,landform,Other Coastal Landform,213294,148041,1000,20000,213042,147791,213542,148291,EX39,http://data.ordnancesurvey.co.uk/id/postcodedistrict/EX39,,,,Torridge,http://data.ordnancesurvey.co.uk/id/7000000000022970,http://data.ordnancesurvey.co.uk/ontology/admingeo/District,Devon,http://data.ordnancesurvey.co.uk/id/7000000000023147,http://data.ordnancesurvey.co.uk/ontology/admingeo/County,South West,http://data.ordnancesurvey.co.uk/id/7000000000041427,England,http://data.ordnancesurvey.co.uk/id/country/england,,,
osgb4000000074760995,http://data.ordnancesurvey.co.uk/id/4000000074760995,Long Roost,,,,landform,Other Coastal Landform,213076,147735,1000,20000,212826,147486,213326,147986,EX39,http://data.ordnancesurvey.co.uk/id/postcodedistrict/EX39,,,,Torridge,http://data.ordnancesurvey.co.uk/id/7000000000022970,http://data.ordnancesurvey.co.uk/ontology/admingeo/District,Devon,http://data.ordnancesurvey.co.uk/id/7000000000023147,http://data.ordnancesurvey.co.uk/ontology/admingeo/County,South West,http://data.ordnancesurvey.co.uk/id/7000000000041427,England,http://data.ordnancesurvey.co.uk/id/country/england,,,
osgb4000000074790823,http://data.ordnancesurvey.co.uk/id/4000000074790823,Rattles Anchorage,,,,hydrography,Bay,213793,143358,3000,150000,213534,143110,214034,143610,EX39,http://data.ordnancesurvey.co.uk/id/postcodedistrict/EX39,,,,,,,Devon,http://data.ordnancesurvey.co.uk/id/7000000000023147,http://data.ordnancesurvey.co.uk/ontology/admingeo/County,South West,http://data.ordnancesurvey.co.uk/id/7000000000041427,England,http://data.ordnancesurvey.co.uk/id/country/england,,,
osgb4000000074760762,http://data.ordnancesurvey.co.uk/id/4000000074760762,Quarry Beach,,,,landcover,Beach,213981,145131,1000,100000,213731,144877,214231,145377,EX39,http://data.ordnancesurvey.co.uk/id/postcodedistrict/EX39,,,,Torridge,http://data.ordnancesurvey.co.uk/id/7000000000022970,http://data.ordnancesurvey.co.uk/ontology/admingeo/District,Devon,http://data.ordnancesurvey.co.uk/id/7000000000023147,http://data.ordnancesurvey.co.uk/ontology/admingeo/County,South West,http://data.ordnancesurvey.co.uk/id/7000000000041427,England,http://data.ordnancesurvey.co.uk/id/country/england,,,
osgb4000000074760763,http://data.ordnancesurvey.co.uk/id/4000000074760763,Battery Point,,,,landform,Other Coastal Landform,212691,144863,1000,50000,212441,144623,212941,145123,EX39,http://data.ordnancesurvey.co.uk/id/postcodedistrict/EX39,,,,,,,Devon,http://data.ordnancesurvey.co.uk/id/7000000000023147,http://data.ordnancesurvey.co.uk/ontology/admingeo/County,South West,http://data.ordnancesurvey.co.uk/id/7000000000041427,England,http://data.ordnancesurvey.co.uk/id/country/england,,,
osgb4000000074790404,http://data.ordnancesurvey.co.uk/id/4000000074790404,Halfway Wall Bay,,,,hydrography,Bay,213981,145837,2000,150000,213702,145610,214202,146110,EX39,http://data.ordnancesurvey.co.uk/id/postcodedistrict/EX39,,,,,,,Devon,http://data.ordnancesurvey.co.uk/id/7000000000023147,http://data.ordnancesurvey.co.uk/ontology/admingeo/County,South West,http://data.ordnancesurvey.co.uk/id/7000000000041427,England,http://data.ordnancesurvey.co.uk/id/country/england,,,
osgb4000000074790822,http://data.ordnancesurvey.co.uk/id/4000000074790822,The Rattles,,,,hydrography,Sea,213976,143473,3000,12000000,213663,143228,214163,143728,EX39,http://data.ordnancesurvey.co.uk/id/postcodedistrict/EX39,,,,,,,Devon,http://data.ordnancesurvey.co.uk/id/7000000000023147,http://data.ordnancesurvey.co.uk/ontology/admingeo/County,South West,http://data.ordnancesurvey.co.uk/id/7000000000041427,England,http://data.ordnancesurvey.co.uk/id/country/england,,,
osgb4000000074622373,http://data.ordnancesurvey.co.uk/id/4000000074622373,Beacon Hill,,,,landform,Hill Or Mountain,213243,144282,1000,300000,212993,144032,213493,144532,EX39,http://data.ordnancesurvey.co.uk/id/postcodedistrict/EX39,,,,Torridge,http://data.ordnancesurvey.co.uk/id/7000000000022970,http://data.ordnancesurvey.co.uk/ontology/admingeo/District,Devon,http://data.ordnancesurvey.co.uk/id/7000000000023147,http://data.ordnancesurvey.co.uk/ontology/admingeo/County,South West,http://data.ordnancesurvey.co.uk/id/7000000000041427,England,http://data.ordnancesurvey.co.uk/id/country/england,,,
osgb4000000074756990,http://data.ordnancesurvey.co.uk/id/4000000074756990,Slipper Rock,,,,landform,Other Coastal Landform,213529,147253,1000,20000,213286,147003,213786,147503,EX39,http://data.ordnancesurvey.co.uk/id/postcodedistrict/EX39,,,,Torridge,http://data.ordnancesurvey.co.uk/id/7000000000022970,http://data.ordnancesurvey.co.uk/ontology/admingeo/District,Devon,http://data.ordnancesurvey.co.uk/id/7000000000023147,http://data.ordnancesurvey.co.uk/ontology/admingeo/County,South West,http://data.ordnancesurvey.co.uk/id/7000000000041427,England,http://data.ordnancesurvey.co.uk/id/country/england,,,
osgb4000000074615334,http://data.ordnancesurvey.co.uk/id/4000000074615334,Goat Island,,,,landform,Island,213143,143745,1000,800000,212891,143495,213391,143995,EX39,http://data.ordnancesurvey.co.uk/id/postcodedistrict/EX39,,,,Torridge,http://data.ordnancesurvey.co.uk/id/7000000000022970,http://data.ordnancesurvey.co.uk/ontology/admingeo/District,Devon,http://data.ordnancesurvey.co.uk/id/7000000000023147,http://data.ordnancesurvey.co.uk/ontology/admingeo/County,South West,http://data.ordnancesurvey.co.uk/id/7000000000041427,England,http://data.ordnancesurvey.co.uk/id/country/england,,,
